INSERT INTO supporting_projects(supporting_project_id, supported_at, delivery_id, payment_id, project_id, user_id) VALUES (1, (SELECT projects.end_date - INTERVAL 17 DAY FROM projects WHERE projects.id=1), 1, 1, 1, 12);
INSERT INTO orders (order_id, created_at, delivery_id, payment_id, supporting_project_id) VALUES (1, (SELECT projects.end_date - INTERVAL 17 DAY FROM projects WHERE projects.id=1), 1, 1, 1);
INSERT INTO supporting_packages(id, option_list, package_count, order_id, project_package_id, supporting_project_id) VALUES (1, '["프리미엄"]', 1, 1, 1, 1);
INSERT INTO supporting_projects(supporting_project_id, supported_at, delivery_id, payment_id, project_id, user_id) VALUES (2, (SELECT projects.end_date - INTERVAL 17 DAY FROM projects WHERE projects.id=1), 2, 2, 1, 32);
INSERT INTO orders (order_id, created_at, delivery_id, payment_id, supporting_project_id) VALUES (2, (SELECT projects.end_date - INTERVAL 17 DAY FROM projects WHERE projects.id=1), 1, 2, 2);
INSERT INTO supporting_packages(id, option_list, package_count, order_id, project_package_id, supporting_project_id) VALUES (2, '["기본"]', 3, 2, 1, 2);
INSERT INTO supporting_projects(supporting_project_id, supported_at, delivery_id, payment_id, project_id, user_id) VALUES (3, (SELECT projects.end_date - INTERVAL 44 DAY FROM projects WHERE projects.id=1), 3, 3, 1, 2);
INSERT INTO orders (order_id, created_at, delivery_id, payment_id, supporting_project_id) VALUES (3, (SELECT projects.end_date - INTERVAL 44 DAY FROM projects WHERE projects.id=1), 1, 3, 3);
INSERT INTO supporting_packages(id, option_list, package_count, order_id, project_package_id, supporting_project_id) VALUES (3, '["기본"]', 6, 3, 1, 3);
INSERT INTO supporting_projects(supporting_project_id, supported_at, delivery_id, payment_id, project_id, user_id) VALUES (4, (SELECT projects.end_date - INTERVAL 14 DAY FROM projects WHERE projects.id=1), 4, 4, 1, 15);
INSERT INTO orders (order_id, created_at, delivery_id, payment_id, supporting_project_id) VALUES (4, (SELECT projects.end_date - INTERVAL 14 DAY FROM projects WHERE projects.id=1), 1, 4, 4);
INSERT INTO supporting_packages(id, option_list, package_count, order_id, project_package_id, supporting_project_id) VALUES (4, '["기본"]', 3, 4, 1, 4);
INSERT INTO supporting_projects(supporting_project_id, supported_at, delivery_id, payment_id, project_id, user_id) VALUES (5, (SELECT projects.end_date - INTERVAL 27 DAY FROM projects WHERE projects.id=1), 5, 5, 1, 28);
INSERT INTO orders (order_id, created_at, delivery_id, payment_id, supporting_project_id) VALUES (5, (SELECT projects.end_date - INTERVAL 27 DAY FROM projects WHERE projects.id=1), 1, 5, 5);
INSERT INTO supporting_packages(id, option_list, package_count, order_id, project_package_id, supporting_project_id) VALUES (5, '["프리미엄"]', 2, 5, 1, 5);
INSERT INTO supporting_projects(supporting_project_id, supported_at, delivery_id, payment_id, project_id, user_id) VALUES (6, (SELECT projects.end_date - INTERVAL 47 DAY FROM projects WHERE projects.id=1), 6, 6, 1, 29);
INSERT INTO orders (order_id, created_at, delivery_id, payment_id, supporting_project_id) VALUES (6, (SELECT projects.end_date - INTERVAL 47 DAY FROM projects WHERE projects.id=1), 1, 6, 6);
INSERT INTO supporting_packages(id, option_list, package_count, order_id, project_package_id, supporting_project_id) VALUES (6, '["기본"]', 1, 6, 1, 6);
INSERT INTO supporting_projects(supporting_project_id, supported_at, delivery_id, payment_id, project_id, user_id) VALUES (7, (SELECT projects.end_date - INTERVAL 43 DAY FROM projects WHERE projects.id=1), 7, 7, 1, 17);
INSERT INTO orders (order_id, created_at, delivery_id, payment_id, supporting_project_id) VALUES (7, (SELECT projects.end_date - INTERVAL 43 DAY FROM projects WHERE projects.id=1), 1, 7, 7);
INSERT INTO supporting_packages(id, option_list, package_count, order_id, project_package_id, supporting_project_id) VALUES (7, '["기본"]', 8, 7, 1, 7);
INSERT INTO supporting_projects(supporting_project_id, supported_at, delivery_id, payment_id, project_id, user_id) VALUES (8, (SELECT projects.end_date - INTERVAL 30 DAY FROM projects WHERE projects.id=1), 8, 8, 1, 23);
INSERT INTO orders (order_id, created_at, delivery_id, payment_id, supporting_project_id) VALUES (8, (SELECT projects.end_date - INTERVAL 30 DAY FROM projects WHERE projects.id=1), 1, 8, 8);
INSERT INTO supporting_packages(id, option_list, package_count, order_id, project_package_id, supporting_project_id) VALUES (8, '["기본"]', 6, 8, 1, 8);
INSERT INTO supporting_projects(supporting_project_id, supported_at, delivery_id, payment_id, project_id, user_id) VALUES (9, (SELECT projects.end_date - INTERVAL 36 DAY FROM projects WHERE projects.id=1), 9, 9, 1, 16);
INSERT INTO orders (order_id, created_at, delivery_id, payment_id, supporting_project_id) VALUES (9, (SELECT projects.end_date - INTERVAL 36 DAY FROM projects WHERE projects.id=1), 1, 9, 9);
INSERT INTO supporting_packages(id, option_list, package_count, order_id, project_package_id, supporting_project_id) VALUES (9, '["프리미엄"]', 2, 9, 1, 9);
INSERT INTO supporting_projects(supporting_project_id, supported_at, delivery_id, payment_id, project_id, user_id) VALUES (10, (SELECT projects.end_date - INTERVAL 42 DAY FROM projects WHERE projects.id=1), 10, 10, 1, 3);
INSERT INTO orders (order_id, created_at, delivery_id, payment_id, supporting_project_id) VALUES (10, (SELECT projects.end_date - INTERVAL 42 DAY FROM projects WHERE projects.id=1), 1, 10, 10);
INSERT INTO supporting_packages(id, option_list, package_count, order_id, project_package_id, supporting_project_id) VALUES (10, '["프리미엄"]', 10, 10, 1, 10);
INSERT INTO supporting_projects(supporting_project_id, supported_at, delivery_id, payment_id, project_id, user_id) VALUES (11, (SELECT projects.end_date - INTERVAL 30 DAY FROM projects WHERE projects.id=1), 11, 11, 1, 25);
INSERT INTO orders (order_id, created_at, delivery_id, payment_id, supporting_project_id) VALUES (11, (SELECT projects.end_date - INTERVAL 30 DAY FROM projects WHERE projects.id=1), 1, 11, 11);
INSERT INTO supporting_packages(id, option_list, package_count, order_id, project_package_id, supporting_project_id) VALUES (11, '["프리미엄"]', 2, 11, 1, 11);
INSERT INTO supporting_projects(supporting_project_id, supported_at, delivery_id, payment_id, project_id, user_id) VALUES (12, (SELECT projects.end_date - INTERVAL 22 DAY FROM projects WHERE projects.id=1), 12, 12, 1, 15);
INSERT INTO orders (order_id, created_at, delivery_id, payment_id, supporting_project_id) VALUES (12, (SELECT projects.end_date - INTERVAL 22 DAY FROM projects WHERE projects.id=1), 1, 12, 12);
INSERT INTO supporting_packages(id, option_list, package_count, order_id, project_package_id, supporting_project_id) VALUES (12, '["프리미엄"]', 8, 12, 1, 12);
INSERT INTO supporting_projects(supporting_project_id, supported_at, delivery_id, payment_id, project_id, user_id) VALUES (13, (SELECT projects.end_date - INTERVAL 10 DAY FROM projects WHERE projects.id=1), 13, 13, 1, 22);
INSERT INTO orders (order_id, created_at, delivery_id, payment_id, supporting_project_id) VALUES (13, (SELECT projects.end_date - INTERVAL 10 DAY FROM projects WHERE projects.id=1), 1, 13, 13);
INSERT INTO supporting_packages(id, option_list, package_count, order_id, project_package_id, supporting_project_id) VALUES (13, '["기본"]', 4, 13, 1, 13);
INSERT INTO supporting_projects(supporting_project_id, supported_at, delivery_id, payment_id, project_id, user_id) VALUES (14, (SELECT projects.end_date - INTERVAL 23 DAY FROM projects WHERE projects.id=1), 14, 14, 1, 35);
INSERT INTO orders (order_id, created_at, delivery_id, payment_id, supporting_project_id) VALUES (14, (SELECT projects.end_date - INTERVAL 23 DAY FROM projects WHERE projects.id=1), 1, 14, 14);
INSERT INTO supporting_packages(id, option_list, package_count, order_id, project_package_id, supporting_project_id) VALUES (14, '["프리미엄"]', 3, 14, 1, 14);
INSERT INTO supporting_projects(supporting_project_id, supported_at, delivery_id, payment_id, project_id, user_id) VALUES (15, (SELECT projects.end_date - INTERVAL 8 DAY FROM projects WHERE projects.id=1), 15, 15, 1, 9);
INSERT INTO orders (order_id, created_at, delivery_id, payment_id, supporting_project_id) VALUES (15, (SELECT projects.end_date - INTERVAL 8 DAY FROM projects WHERE projects.id=1), 1, 15, 15);
INSERT INTO supporting_packages(id, option_list, package_count, order_id, project_package_id, supporting_project_id) VALUES (15, '["프리미엄"]', 9, 15, 1, 15);
INSERT INTO supporting_projects(supporting_project_id, supported_at, delivery_id, payment_id, project_id, user_id) VALUES (16, (SELECT projects.end_date - INTERVAL 40 DAY FROM projects WHERE projects.id=1), 16, 16, 1, 11);
INSERT INTO orders (order_id, created_at, delivery_id, payment_id, supporting_project_id) VALUES (16, (SELECT projects.end_date - INTERVAL 40 DAY FROM projects WHERE projects.id=1), 1, 16, 16);
INSERT INTO supporting_packages(id, option_list, package_count, order_id, project_package_id, supporting_project_id) VALUES (16, '["프리미엄"]', 2, 16, 1, 16);
INSERT INTO supporting_projects(supporting_project_id, supported_at, delivery_id, payment_id, project_id, user_id) VALUES (17, (SELECT projects.end_date - INTERVAL 21 DAY FROM projects WHERE projects.id=1), 17, 17, 1, 7);
INSERT INTO orders (order_id, created_at, delivery_id, payment_id, supporting_project_id) VALUES (17, (SELECT projects.end_date - INTERVAL 21 DAY FROM projects WHERE projects.id=1), 1, 17, 17);
INSERT INTO supporting_packages(id, option_list, package_count, order_id, project_package_id, supporting_project_id) VALUES (17, '["프리미엄"]', 9, 17, 1, 17);
INSERT INTO supporting_projects(supporting_project_id, supported_at, delivery_id, payment_id, project_id, user_id) VALUES (18, (SELECT projects.end_date - INTERVAL 12 DAY FROM projects WHERE projects.id=1), 18, 18, 1, 25);
INSERT INTO orders (order_id, created_at, delivery_id, payment_id, supporting_project_id) VALUES (18, (SELECT projects.end_date - INTERVAL 12 DAY FROM projects WHERE projects.id=1), 1, 18, 18);
INSERT INTO supporting_packages(id, option_list, package_count, order_id, project_package_id, supporting_project_id) VALUES (18, '["기본"]', 8, 18, 1, 18);
INSERT INTO supporting_projects(supporting_project_id, supported_at, delivery_id, payment_id, project_id, user_id) VALUES (19, (SELECT projects.end_date - INTERVAL 48 DAY FROM projects WHERE projects.id=1), 19, 19, 1, 11);
INSERT INTO orders (order_id, created_at, delivery_id, payment_id, supporting_project_id) VALUES (19, (SELECT projects.end_date - INTERVAL 48 DAY FROM projects WHERE projects.id=1), 1, 19, 19);
INSERT INTO supporting_packages(id, option_list, package_count, order_id, project_package_id, supporting_project_id) VALUES (19, '["기본"]', 10, 19, 1, 19);
INSERT INTO supporting_projects(supporting_project_id, supported_at, delivery_id, payment_id, project_id, user_id) VALUES (20, (SELECT projects.end_date - INTERVAL 49 DAY FROM projects WHERE projects.id=1), 20, 20, 1, 35);
INSERT INTO orders (order_id, created_at, delivery_id, payment_id, supporting_project_id) VALUES (20, (SELECT projects.end_date - INTERVAL 49 DAY FROM projects WHERE projects.id=1), 1, 20, 20);
INSERT INTO supporting_packages(id, option_list, package_count, order_id, project_package_id, supporting_project_id) VALUES (20, '["기본"]', 1, 20, 1, 20);
INSERT INTO supporting_projects(supporting_project_id, supported_at, delivery_id, payment_id, project_id, user_id) VALUES (21, (SELECT projects.end_date - INTERVAL 30 DAY FROM projects WHERE projects.id=1), 21, 21, 1, 18);
INSERT INTO orders (order_id, created_at, delivery_id, payment_id, supporting_project_id) VALUES (21, (SELECT projects.end_date - INTERVAL 30 DAY FROM projects WHERE projects.id=1), 1, 21, 21);
INSERT INTO supporting_packages(id, option_list, package_count, order_id, project_package_id, supporting_project_id) VALUES (21, '["프리미엄"]', 4, 21, 1, 21);
INSERT INTO supporting_projects(supporting_project_id, supported_at, delivery_id, payment_id, project_id, user_id) VALUES (22, (SELECT projects.end_date - INTERVAL 20 DAY FROM projects WHERE projects.id=1), 22, 22, 1, 32);
INSERT INTO orders (order_id, created_at, delivery_id, payment_id, supporting_project_id) VALUES (22, (SELECT projects.end_date - INTERVAL 20 DAY FROM projects WHERE projects.id=1), 1, 22, 22);
INSERT INTO supporting_packages(id, option_list, package_count, order_id, project_package_id, supporting_project_id) VALUES (22, '["프리미엄"]', 1, 22, 1, 22);
INSERT INTO supporting_projects(supporting_project_id, supported_at, delivery_id, payment_id, project_id, user_id) VALUES (23, (SELECT projects.end_date - INTERVAL 15 DAY FROM projects WHERE projects.id=1), 23, 23, 1, 36);
INSERT INTO orders (order_id, created_at, delivery_id, payment_id, supporting_project_id) VALUES (23, (SELECT projects.end_date - INTERVAL 15 DAY FROM projects WHERE projects.id=1), 1, 23, 23);
INSERT INTO supporting_packages(id, option_list, package_count, order_id, project_package_id, supporting_project_id) VALUES (23, '["프리미엄"]', 2, 23, 1, 23);
INSERT INTO supporting_projects(supporting_project_id, supported_at, delivery_id, payment_id, project_id, user_id) VALUES (24, (SELECT projects.end_date - INTERVAL 16 DAY FROM projects WHERE projects.id=1), 24, 24, 1, 37);
INSERT INTO orders (order_id, created_at, delivery_id, payment_id, supporting_project_id) VALUES (24, (SELECT projects.end_date - INTERVAL 16 DAY FROM projects WHERE projects.id=1), 1, 24, 24);
INSERT INTO supporting_packages(id, option_list, package_count, order_id, project_package_id, supporting_project_id) VALUES (24, '["기본"]', 10, 24, 1, 24);
INSERT INTO supporting_projects(supporting_project_id, supported_at, delivery_id, payment_id, project_id, user_id) VALUES (25, (SELECT projects.end_date - INTERVAL 28 DAY FROM projects WHERE projects.id=1), 25, 25, 1, 40);
INSERT INTO orders (order_id, created_at, delivery_id, payment_id, supporting_project_id) VALUES (25, (SELECT projects.end_date - INTERVAL 28 DAY FROM projects WHERE projects.id=1), 1, 25, 25);
INSERT INTO supporting_packages(id, option_list, package_count, order_id, project_package_id, supporting_project_id) VALUES (25, '["프리미엄"]', 3, 25, 1, 25);
INSERT INTO supporting_projects(supporting_project_id, supported_at, delivery_id, payment_id, project_id, user_id) VALUES (26, (SELECT projects.end_date - INTERVAL 42 DAY FROM projects WHERE projects.id=1), 26, 26, 1, 18);
INSERT INTO orders (order_id, created_at, delivery_id, payment_id, supporting_project_id) VALUES (26, (SELECT projects.end_date - INTERVAL 42 DAY FROM projects WHERE projects.id=1), 1, 26, 26);
INSERT INTO supporting_packages(id, option_list, package_count, order_id, project_package_id, supporting_project_id) VALUES (26, '["기본"]', 6, 26, 1, 26);
INSERT INTO supporting_projects(supporting_project_id, supported_at, delivery_id, payment_id, project_id, user_id) VALUES (27, (SELECT projects.end_date - INTERVAL 18 DAY FROM projects WHERE projects.id=1), 27, 27, 1, 33);
INSERT INTO orders (order_id, created_at, delivery_id, payment_id, supporting_project_id) VALUES (27, (SELECT projects.end_date - INTERVAL 18 DAY FROM projects WHERE projects.id=1), 1, 27, 27);
INSERT INTO supporting_packages(id, option_list, package_count, order_id, project_package_id, supporting_project_id) VALUES (27, '["프리미엄"]', 3, 27, 1, 27);
INSERT INTO supporting_projects(supporting_project_id, supported_at, delivery_id, payment_id, project_id, user_id) VALUES (28, (SELECT projects.end_date - INTERVAL 29 DAY FROM projects WHERE projects.id=1), 28, 28, 1, 38);
INSERT INTO orders (order_id, created_at, delivery_id, payment_id, supporting_project_id) VALUES (28, (SELECT projects.end_date - INTERVAL 29 DAY FROM projects WHERE projects.id=1), 1, 28, 28);
INSERT INTO supporting_packages(id, option_list, package_count, order_id, project_package_id, supporting_project_id) VALUES (28, '["기본"]', 4, 28, 1, 28);
INSERT INTO supporting_projects(supporting_project_id, supported_at, delivery_id, payment_id, project_id, user_id) VALUES (29, (SELECT projects.end_date - INTERVAL 11 DAY FROM projects WHERE projects.id=1), 29, 29, 1, 28);
INSERT INTO orders (order_id, created_at, delivery_id, payment_id, supporting_project_id) VALUES (29, (SELECT projects.end_date - INTERVAL 11 DAY FROM projects WHERE projects.id=1), 1, 29, 29);
INSERT INTO supporting_packages(id, option_list, package_count, order_id, project_package_id, supporting_project_id) VALUES (29, '["기본"]', 1, 29, 1, 29);
INSERT INTO supporting_projects(supporting_project_id, supported_at, delivery_id, payment_id, project_id, user_id) VALUES (30, (SELECT projects.end_date - INTERVAL 24 DAY FROM projects WHERE projects.id=1), 30, 30, 1, 39);
INSERT INTO orders (order_id, created_at, delivery_id, payment_id, supporting_project_id) VALUES (30, (SELECT projects.end_date - INTERVAL 24 DAY FROM projects WHERE projects.id=1), 1, 30, 30);
INSERT INTO supporting_packages(id, option_list, package_count, order_id, project_package_id, supporting_project_id) VALUES (30, '["프리미엄"]', 1, 30, 1, 30);
INSERT INTO supporting_projects(supporting_project_id, supported_at, delivery_id, payment_id, project_id, user_id) VALUES (31, (SELECT projects.end_date - INTERVAL 7 DAY FROM projects WHERE projects.id=1), 31, 31, 1, 26);
INSERT INTO orders (order_id, created_at, delivery_id, payment_id, supporting_project_id) VALUES (31, (SELECT projects.end_date - INTERVAL 7 DAY FROM projects WHERE projects.id=1), 1, 31, 31);
INSERT INTO supporting_packages(id, option_list, package_count, order_id, project_package_id, supporting_project_id) VALUES (31, '["기본"]', 6, 31, 1, 31);
INSERT INTO supporting_projects(supporting_project_id, supported_at, delivery_id, payment_id, project_id, user_id) VALUES (32, (SELECT projects.end_date - INTERVAL 43 DAY FROM projects WHERE projects.id=1), 32, 32, 1, 3);
INSERT INTO orders (order_id, created_at, delivery_id, payment_id, supporting_project_id) VALUES (32, (SELECT projects.end_date - INTERVAL 43 DAY FROM projects WHERE projects.id=1), 1, 32, 32);
INSERT INTO supporting_packages(id, option_list, package_count, order_id, project_package_id, supporting_project_id) VALUES (32, '["프리미엄"]', 2, 32, 1, 32);
INSERT INTO supporting_projects(supporting_project_id, supported_at, delivery_id, payment_id, project_id, user_id) VALUES (33, (SELECT projects.end_date - INTERVAL 30 DAY FROM projects WHERE projects.id=1), 33, 33, 1, 23);
INSERT INTO orders (order_id, created_at, delivery_id, payment_id, supporting_project_id) VALUES (33, (SELECT projects.end_date - INTERVAL 30 DAY FROM projects WHERE projects.id=1), 1, 33, 33);
INSERT INTO supporting_packages(id, option_list, package_count, order_id, project_package_id, supporting_project_id) VALUES (33, '["프리미엄"]', 5, 33, 1, 33);
INSERT INTO supporting_projects(supporting_project_id, supported_at, delivery_id, payment_id, project_id, user_id) VALUES (34, (SELECT projects.end_date - INTERVAL 21 DAY FROM projects WHERE projects.id=1), 34, 34, 1, 1);
INSERT INTO orders (order_id, created_at, delivery_id, payment_id, supporting_project_id) VALUES (34, (SELECT projects.end_date - INTERVAL 21 DAY FROM projects WHERE projects.id=1), 1, 34, 34);
INSERT INTO supporting_packages(id, option_list, package_count, order_id, project_package_id, supporting_project_id) VALUES (34, '["프리미엄"]', 5, 34, 1, 34);
INSERT INTO supporting_projects(supporting_project_id, supported_at, delivery_id, payment_id, project_id, user_id) VALUES (35, (SELECT projects.end_date - INTERVAL 36 DAY FROM projects WHERE projects.id=1), 35, 35, 1, 10);
INSERT INTO orders (order_id, created_at, delivery_id, payment_id, supporting_project_id) VALUES (35, (SELECT projects.end_date - INTERVAL 36 DAY FROM projects WHERE projects.id=1), 1, 35, 35);
INSERT INTO supporting_packages(id, option_list, package_count, order_id, project_package_id, supporting_project_id) VALUES (35, '["프리미엄"]', 3, 35, 1, 35);
INSERT INTO supporting_projects(supporting_project_id, supported_at, delivery_id, payment_id, project_id, user_id) VALUES (36, (SELECT projects.end_date - INTERVAL 46 DAY FROM projects WHERE projects.id=1), 36, 36, 1, 34);
INSERT INTO orders (order_id, created_at, delivery_id, payment_id, supporting_project_id) VALUES (36, (SELECT projects.end_date - INTERVAL 46 DAY FROM projects WHERE projects.id=1), 1, 36, 36);
INSERT INTO supporting_packages(id, option_list, package_count, order_id, project_package_id, supporting_project_id) VALUES (36, '["프리미엄"]', 10, 36, 1, 36);
INSERT INTO supporting_projects(supporting_project_id, supported_at, delivery_id, payment_id, project_id, user_id) VALUES (37, (SELECT projects.end_date - INTERVAL 29 DAY FROM projects WHERE projects.id=1), 37, 37, 1, 35);
INSERT INTO orders (order_id, created_at, delivery_id, payment_id, supporting_project_id) VALUES (37, (SELECT projects.end_date - INTERVAL 29 DAY FROM projects WHERE projects.id=1), 1, 37, 37);
INSERT INTO supporting_packages(id, option_list, package_count, order_id, project_package_id, supporting_project_id) VALUES (37, '["프리미엄"]', 9, 37, 1, 37);
INSERT INTO supporting_projects(supporting_project_id, supported_at, delivery_id, payment_id, project_id, user_id) VALUES (38, (SELECT projects.end_date - INTERVAL 15 DAY FROM projects WHERE projects.id=1), 38, 38, 1, 38);
INSERT INTO orders (order_id, created_at, delivery_id, payment_id, supporting_project_id) VALUES (38, (SELECT projects.end_date - INTERVAL 15 DAY FROM projects WHERE projects.id=1), 1, 38, 38);
INSERT INTO supporting_packages(id, option_list, package_count, order_id, project_package_id, supporting_project_id) VALUES (38, '["프리미엄"]', 7, 38, 1, 38);
INSERT INTO supporting_projects(supporting_project_id, supported_at, delivery_id, payment_id, project_id, user_id) VALUES (39, (SELECT projects.end_date - INTERVAL 42 DAY FROM projects WHERE projects.id=1), 39, 39, 1, 12);
INSERT INTO orders (order_id, created_at, delivery_id, payment_id, supporting_project_id) VALUES (39, (SELECT projects.end_date - INTERVAL 42 DAY FROM projects WHERE projects.id=1), 1, 39, 39);
INSERT INTO supporting_packages(id, option_list, package_count, order_id, project_package_id, supporting_project_id) VALUES (39, '["기본"]', 6, 39, 1, 39);
INSERT INTO supporting_projects(supporting_project_id, supported_at, delivery_id, payment_id, project_id, user_id) VALUES (40, (SELECT projects.end_date - INTERVAL 17 DAY FROM projects WHERE projects.id=1), 40, 40, 1, 14);
INSERT INTO orders (order_id, created_at, delivery_id, payment_id, supporting_project_id) VALUES (40, (SELECT projects.end_date - INTERVAL 17 DAY FROM projects WHERE projects.id=1), 1, 40, 40);
INSERT INTO supporting_packages(id, option_list, package_count, order_id, project_package_id, supporting_project_id) VALUES (40, '["기본"]', 3, 40, 1, 40);
INSERT INTO supporting_projects(supporting_project_id, supported_at, delivery_id, payment_id, project_id, user_id) VALUES (41, (SELECT projects.end_date - INTERVAL 20 DAY FROM projects WHERE projects.id=1), 41, 41, 1, 35);
INSERT INTO orders (order_id, created_at, delivery_id, payment_id, supporting_project_id) VALUES (41, (SELECT projects.end_date - INTERVAL 20 DAY FROM projects WHERE projects.id=1), 1, 41, 41);
INSERT INTO supporting_packages(id, option_list, package_count, order_id, project_package_id, supporting_project_id) VALUES (41, '["기본"]', 3, 41, 1, 41);
INSERT INTO supporting_projects(supporting_project_id, supported_at, delivery_id, payment_id, project_id, user_id) VALUES (42, (SELECT projects.end_date - INTERVAL 30 DAY FROM projects WHERE projects.id=1), 42, 42, 1, 14);
INSERT INTO orders (order_id, created_at, delivery_id, payment_id, supporting_project_id) VALUES (42, (SELECT projects.end_date - INTERVAL 30 DAY FROM projects WHERE projects.id=1), 1, 42, 42);
INSERT INTO supporting_packages(id, option_list, package_count, order_id, project_package_id, supporting_project_id) VALUES (42, '["기본"]', 4, 42, 1, 42);
INSERT INTO supporting_projects(supporting_project_id, supported_at, delivery_id, payment_id, project_id, user_id) VALUES (43, (SELECT projects.end_date - INTERVAL 8 DAY FROM projects WHERE projects.id=1), 43, 43, 1, 7);
INSERT INTO orders (order_id, created_at, delivery_id, payment_id, supporting_project_id) VALUES (43, (SELECT projects.end_date - INTERVAL 8 DAY FROM projects WHERE projects.id=1), 1, 43, 43);
INSERT INTO supporting_packages(id, option_list, package_count, order_id, project_package_id, supporting_project_id) VALUES (43, '["프리미엄"]', 3, 43, 1, 43);
INSERT INTO supporting_projects(supporting_project_id, supported_at, delivery_id, payment_id, project_id, user_id) VALUES (44, (SELECT projects.end_date - INTERVAL 28 DAY FROM projects WHERE projects.id=1), 44, 44, 1, 37);
INSERT INTO orders (order_id, created_at, delivery_id, payment_id, supporting_project_id) VALUES (44, (SELECT projects.end_date - INTERVAL 28 DAY FROM projects WHERE projects.id=1), 1, 44, 44);
INSERT INTO supporting_packages(id, option_list, package_count, order_id, project_package_id, supporting_project_id) VALUES (44, '["프리미엄"]', 8, 44, 1, 44);
INSERT INTO supporting_projects(supporting_project_id, supported_at, delivery_id, payment_id, project_id, user_id) VALUES (45, (SELECT projects.end_date - INTERVAL 42 DAY FROM projects WHERE projects.id=1), 45, 45, 1, 35);
INSERT INTO orders (order_id, created_at, delivery_id, payment_id, supporting_project_id) VALUES (45, (SELECT projects.end_date - INTERVAL 42 DAY FROM projects WHERE projects.id=1), 1, 45, 45);
INSERT INTO supporting_packages(id, option_list, package_count, order_id, project_package_id, supporting_project_id) VALUES (45, '["기본"]', 10, 45, 1, 45);
INSERT INTO supporting_projects(supporting_project_id, supported_at, delivery_id, payment_id, project_id, user_id) VALUES (46, (SELECT projects.end_date - INTERVAL 25 DAY FROM projects WHERE projects.id=1), 46, 46, 1, 27);
INSERT INTO orders (order_id, created_at, delivery_id, payment_id, supporting_project_id) VALUES (46, (SELECT projects.end_date - INTERVAL 25 DAY FROM projects WHERE projects.id=1), 1, 46, 46);
INSERT INTO supporting_packages(id, option_list, package_count, order_id, project_package_id, supporting_project_id) VALUES (46, '["기본"]', 10, 46, 1, 46);
INSERT INTO supporting_projects(supporting_project_id, supported_at, delivery_id, payment_id, project_id, user_id) VALUES (47, (SELECT projects.end_date - INTERVAL 48 DAY FROM projects WHERE projects.id=1), 47, 47, 1, 18);
INSERT INTO orders (order_id, created_at, delivery_id, payment_id, supporting_project_id) VALUES (47, (SELECT projects.end_date - INTERVAL 48 DAY FROM projects WHERE projects.id=1), 1, 47, 47);
INSERT INTO supporting_packages(id, option_list, package_count, order_id, project_package_id, supporting_project_id) VALUES (47, '["기본"]', 4, 47, 1, 47);
INSERT INTO supporting_projects(supporting_project_id, supported_at, delivery_id, payment_id, project_id, user_id) VALUES (48, (SELECT projects.end_date - INTERVAL 29 DAY FROM projects WHERE projects.id=1), 48, 48, 1, 28);
INSERT INTO orders (order_id, created_at, delivery_id, payment_id, supporting_project_id) VALUES (48, (SELECT projects.end_date - INTERVAL 29 DAY FROM projects WHERE projects.id=1), 1, 48, 48);
INSERT INTO supporting_packages(id, option_list, package_count, order_id, project_package_id, supporting_project_id) VALUES (48, '["기본"]', 6, 48, 1, 48);
INSERT INTO supporting_projects(supporting_project_id, supported_at, delivery_id, payment_id, project_id, user_id) VALUES (49, (SELECT projects.end_date - INTERVAL 9 DAY FROM projects WHERE projects.id=1), 49, 49, 1, 22);
INSERT INTO orders (order_id, created_at, delivery_id, payment_id, supporting_project_id) VALUES (49, (SELECT projects.end_date - INTERVAL 9 DAY FROM projects WHERE projects.id=1), 1, 49, 49);
INSERT INTO supporting_packages(id, option_list, package_count, order_id, project_package_id, supporting_project_id) VALUES (49, '["기본"]', 5, 49, 1, 49);
INSERT INTO supporting_projects(supporting_project_id, supported_at, delivery_id, payment_id, project_id, user_id) VALUES (50, (SELECT projects.end_date - INTERVAL 26 DAY FROM projects WHERE projects.id=1), 50, 50, 1, 7);
INSERT INTO orders (order_id, created_at, delivery_id, payment_id, supporting_project_id) VALUES (50, (SELECT projects.end_date - INTERVAL 26 DAY FROM projects WHERE projects.id=1), 1, 50, 50);
INSERT INTO supporting_packages(id, option_list, package_count, order_id, project_package_id, supporting_project_id) VALUES (50, '["기본"]', 8, 50, 1, 50);
INSERT INTO supporting_projects(supporting_project_id, supported_at, delivery_id, payment_id, project_id, user_id) VALUES (51, (SELECT projects.end_date - INTERVAL 22 DAY FROM projects WHERE projects.id=1), 51, 51, 1, 3);
INSERT INTO orders (order_id, created_at, delivery_id, payment_id, supporting_project_id) VALUES (51, (SELECT projects.end_date - INTERVAL 22 DAY FROM projects WHERE projects.id=1), 1, 51, 51);
INSERT INTO supporting_packages(id, option_list, package_count, order_id, project_package_id, supporting_project_id) VALUES (51, '["기본"]', 5, 51, 1, 51);
INSERT INTO supporting_projects(supporting_project_id, supported_at, delivery_id, payment_id, project_id, user_id) VALUES (52, (SELECT projects.end_date - INTERVAL 42 DAY FROM projects WHERE projects.id=1), 52, 52, 1, 22);
INSERT INTO orders (order_id, created_at, delivery_id, payment_id, supporting_project_id) VALUES (52, (SELECT projects.end_date - INTERVAL 42 DAY FROM projects WHERE projects.id=1), 1, 52, 52);
INSERT INTO supporting_packages(id, option_list, package_count, order_id, project_package_id, supporting_project_id) VALUES (52, '["프리미엄"]', 8, 52, 1, 52);
INSERT INTO supporting_projects(supporting_project_id, supported_at, delivery_id, payment_id, project_id, user_id) VALUES (53, (SELECT projects.end_date - INTERVAL 26 DAY FROM projects WHERE projects.id=1), 53, 53, 1, 23);
INSERT INTO orders (order_id, created_at, delivery_id, payment_id, supporting_project_id) VALUES (53, (SELECT projects.end_date - INTERVAL 26 DAY FROM projects WHERE projects.id=1), 1, 53, 53);
INSERT INTO supporting_packages(id, option_list, package_count, order_id, project_package_id, supporting_project_id) VALUES (53, '["프리미엄"]', 4, 53, 1, 53);
INSERT INTO supporting_projects(supporting_project_id, supported_at, delivery_id, payment_id, project_id, user_id) VALUES (54, (SELECT projects.end_date - INTERVAL 25 DAY FROM projects WHERE projects.id=1), 54, 54, 1, 38);
INSERT INTO orders (order_id, created_at, delivery_id, payment_id, supporting_project_id) VALUES (54, (SELECT projects.end_date - INTERVAL 25 DAY FROM projects WHERE projects.id=1), 1, 54, 54);
INSERT INTO supporting_packages(id, option_list, package_count, order_id, project_package_id, supporting_project_id) VALUES (54, '["기본"]', 3, 54, 1, 54);
INSERT INTO supporting_projects(supporting_project_id, supported_at, delivery_id, payment_id, project_id, user_id) VALUES (55, (SELECT projects.end_date - INTERVAL 23 DAY FROM projects WHERE projects.id=1), 55, 55, 1, 8);
INSERT INTO orders (order_id, created_at, delivery_id, payment_id, supporting_project_id) VALUES (55, (SELECT projects.end_date - INTERVAL 23 DAY FROM projects WHERE projects.id=1), 1, 55, 55);
INSERT INTO supporting_packages(id, option_list, package_count, order_id, project_package_id, supporting_project_id) VALUES (55, '["프리미엄"]', 4, 55, 1, 55);
INSERT INTO supporting_projects(supporting_project_id, supported_at, delivery_id, payment_id, project_id, user_id) VALUES (56, (SELECT projects.end_date - INTERVAL 47 DAY FROM projects WHERE projects.id=1), 56, 56, 1, 21);
INSERT INTO orders (order_id, created_at, delivery_id, payment_id, supporting_project_id) VALUES (56, (SELECT projects.end_date - INTERVAL 47 DAY FROM projects WHERE projects.id=1), 1, 56, 56);
INSERT INTO supporting_packages(id, option_list, package_count, order_id, project_package_id, supporting_project_id) VALUES (56, '["기본"]', 8, 56, 1, 56);
INSERT INTO supporting_projects(supporting_project_id, supported_at, delivery_id, payment_id, project_id, user_id) VALUES (57, (SELECT projects.end_date - INTERVAL 24 DAY FROM projects WHERE projects.id=1), 57, 57, 1, 28);
INSERT INTO orders (order_id, created_at, delivery_id, payment_id, supporting_project_id) VALUES (57, (SELECT projects.end_date - INTERVAL 24 DAY FROM projects WHERE projects.id=1), 1, 57, 57);
INSERT INTO supporting_packages(id, option_list, package_count, order_id, project_package_id, supporting_project_id) VALUES (57, '["프리미엄"]', 9, 57, 1, 57);
INSERT INTO supporting_projects(supporting_project_id, supported_at, delivery_id, payment_id, project_id, user_id) VALUES (58, (SELECT projects.end_date - INTERVAL 36 DAY FROM projects WHERE projects.id=1), 58, 58, 1, 34);
INSERT INTO orders (order_id, created_at, delivery_id, payment_id, supporting_project_id) VALUES (58, (SELECT projects.end_date - INTERVAL 36 DAY FROM projects WHERE projects.id=1), 1, 58, 58);
INSERT INTO supporting_packages(id, option_list, package_count, order_id, project_package_id, supporting_project_id) VALUES (58, '["프리미엄"]', 1, 58, 1, 58);
INSERT INTO supporting_projects(supporting_project_id, supported_at, delivery_id, payment_id, project_id, user_id) VALUES (59, (SELECT projects.end_date - INTERVAL 16 DAY FROM projects WHERE projects.id=1), 59, 59, 1, 29);
INSERT INTO orders (order_id, created_at, delivery_id, payment_id, supporting_project_id) VALUES (59, (SELECT projects.end_date - INTERVAL 16 DAY FROM projects WHERE projects.id=1), 1, 59, 59);
INSERT INTO supporting_packages(id, option_list, package_count, order_id, project_package_id, supporting_project_id) VALUES (59, '["기본"]', 3, 59, 1, 59);
INSERT INTO supporting_projects(supporting_project_id, supported_at, delivery_id, payment_id, project_id, user_id) VALUES (60, (SELECT projects.end_date - INTERVAL 13 DAY FROM projects WHERE projects.id=1), 60, 60, 1, 7);
INSERT INTO orders (order_id, created_at, delivery_id, payment_id, supporting_project_id) VALUES (60, (SELECT projects.end_date - INTERVAL 13 DAY FROM projects WHERE projects.id=1), 1, 60, 60);
INSERT INTO supporting_packages(id, option_list, package_count, order_id, project_package_id, supporting_project_id) VALUES (60, '["프리미엄"]', 3, 60, 1, 60);
INSERT INTO supporting_projects(supporting_project_id, supported_at, delivery_id, payment_id, project_id, user_id) VALUES (61, (SELECT projects.end_date - INTERVAL 10 DAY FROM projects WHERE projects.id=1), 61, 61, 1, 35);
INSERT INTO orders (order_id, created_at, delivery_id, payment_id, supporting_project_id) VALUES (61, (SELECT projects.end_date - INTERVAL 10 DAY FROM projects WHERE projects.id=1), 1, 61, 61);
INSERT INTO supporting_packages(id, option_list, package_count, order_id, project_package_id, supporting_project_id) VALUES (61, '["프리미엄"]', 2, 61, 1, 61);
INSERT INTO supporting_projects(supporting_project_id, supported_at, delivery_id, payment_id, project_id, user_id) VALUES (62, (SELECT projects.end_date - INTERVAL 9 DAY FROM projects WHERE projects.id=1), 62, 62, 1, 10);
INSERT INTO orders (order_id, created_at, delivery_id, payment_id, supporting_project_id) VALUES (62, (SELECT projects.end_date - INTERVAL 9 DAY FROM projects WHERE projects.id=1), 1, 62, 62);
INSERT INTO supporting_packages(id, option_list, package_count, order_id, project_package_id, supporting_project_id) VALUES (62, '["기본"]', 1, 62, 1, 62);
INSERT INTO supporting_projects(supporting_project_id, supported_at, delivery_id, payment_id, project_id, user_id) VALUES (63, (SELECT projects.end_date - INTERVAL 25 DAY FROM projects WHERE projects.id=1), 63, 63, 1, 37);
INSERT INTO orders (order_id, created_at, delivery_id, payment_id, supporting_project_id) VALUES (63, (SELECT projects.end_date - INTERVAL 25 DAY FROM projects WHERE projects.id=1), 1, 63, 63);
INSERT INTO supporting_packages(id, option_list, package_count, order_id, project_package_id, supporting_project_id) VALUES (63, '["기본"]', 10, 63, 1, 63);
INSERT INTO supporting_projects(supporting_project_id, supported_at, delivery_id, payment_id, project_id, user_id) VALUES (64, (SELECT projects.end_date - INTERVAL 39 DAY FROM projects WHERE projects.id=1), 64, 64, 1, 38);
INSERT INTO orders (order_id, created_at, delivery_id, payment_id, supporting_project_id) VALUES (64, (SELECT projects.end_date - INTERVAL 39 DAY FROM projects WHERE projects.id=1), 1, 64, 64);
INSERT INTO supporting_packages(id, option_list, package_count, order_id, project_package_id, supporting_project_id) VALUES (64, '["프리미엄"]', 10, 64, 1, 64);
INSERT INTO supporting_projects(supporting_project_id, supported_at, delivery_id, payment_id, project_id, user_id) VALUES (65, (SELECT projects.end_date - INTERVAL 23 DAY FROM projects WHERE projects.id=1), 65, 65, 1, 40);
INSERT INTO orders (order_id, created_at, delivery_id, payment_id, supporting_project_id) VALUES (65, (SELECT projects.end_date - INTERVAL 23 DAY FROM projects WHERE projects.id=1), 1, 65, 65);
INSERT INTO supporting_packages(id, option_list, package_count, order_id, project_package_id, supporting_project_id) VALUES (65, '["프리미엄"]', 2, 65, 1, 65);
INSERT INTO supporting_projects(supporting_project_id, supported_at, delivery_id, payment_id, project_id, user_id) VALUES (66, (SELECT projects.end_date - INTERVAL 21 DAY FROM projects WHERE projects.id=1), 66, 66, 1, 23);
INSERT INTO orders (order_id, created_at, delivery_id, payment_id, supporting_project_id) VALUES (66, (SELECT projects.end_date - INTERVAL 21 DAY FROM projects WHERE projects.id=1), 1, 66, 66);
INSERT INTO supporting_packages(id, option_list, package_count, order_id, project_package_id, supporting_project_id) VALUES (66, '["프리미엄"]', 10, 66, 1, 66);
INSERT INTO supporting_projects(supporting_project_id, supported_at, delivery_id, payment_id, project_id, user_id) VALUES (67, (SELECT projects.end_date - INTERVAL 27 DAY FROM projects WHERE projects.id=1), 67, 67, 1, 14);
INSERT INTO orders (order_id, created_at, delivery_id, payment_id, supporting_project_id) VALUES (67, (SELECT projects.end_date - INTERVAL 27 DAY FROM projects WHERE projects.id=1), 1, 67, 67);
INSERT INTO supporting_packages(id, option_list, package_count, order_id, project_package_id, supporting_project_id) VALUES (67, '["기본"]', 10, 67, 1, 67);
INSERT INTO supporting_projects(supporting_project_id, supported_at, delivery_id, payment_id, project_id, user_id) VALUES (68, (SELECT projects.end_date - INTERVAL 32 DAY FROM projects WHERE projects.id=1), 68, 68, 1, 24);
INSERT INTO orders (order_id, created_at, delivery_id, payment_id, supporting_project_id) VALUES (68, (SELECT projects.end_date - INTERVAL 32 DAY FROM projects WHERE projects.id=1), 1, 68, 68);
INSERT INTO supporting_packages(id, option_list, package_count, order_id, project_package_id, supporting_project_id) VALUES (68, '["기본"]', 7, 68, 1, 68);
INSERT INTO supporting_projects(supporting_project_id, supported_at, delivery_id, payment_id, project_id, user_id) VALUES (69, (SELECT projects.end_date - INTERVAL 45 DAY FROM projects WHERE projects.id=1), 69, 69, 1, 16);
INSERT INTO orders (order_id, created_at, delivery_id, payment_id, supporting_project_id) VALUES (69, (SELECT projects.end_date - INTERVAL 45 DAY FROM projects WHERE projects.id=1), 1, 69, 69);
INSERT INTO supporting_packages(id, option_list, package_count, order_id, project_package_id, supporting_project_id) VALUES (69, '["프리미엄"]', 3, 69, 1, 69);
INSERT INTO supporting_projects(supporting_project_id, supported_at, delivery_id, payment_id, project_id, user_id) VALUES (70, (SELECT projects.end_date - INTERVAL 26 DAY FROM projects WHERE projects.id=1), 70, 70, 1, 3);
INSERT INTO orders (order_id, created_at, delivery_id, payment_id, supporting_project_id) VALUES (70, (SELECT projects.end_date - INTERVAL 26 DAY FROM projects WHERE projects.id=1), 1, 70, 70);
INSERT INTO supporting_packages(id, option_list, package_count, order_id, project_package_id, supporting_project_id) VALUES (70, '["프리미엄"]', 7, 70, 1, 70);
INSERT INTO supporting_projects(supporting_project_id, supported_at, delivery_id, payment_id, project_id, user_id) VALUES (71, (SELECT projects.end_date - INTERVAL 33 DAY FROM projects WHERE projects.id=1), 71, 71, 1, 14);
INSERT INTO orders (order_id, created_at, delivery_id, payment_id, supporting_project_id) VALUES (71, (SELECT projects.end_date - INTERVAL 33 DAY FROM projects WHERE projects.id=1), 1, 71, 71);
INSERT INTO supporting_packages(id, option_list, package_count, order_id, project_package_id, supporting_project_id) VALUES (71, '["기본"]', 3, 71, 1, 71);
INSERT INTO supporting_projects(supporting_project_id, supported_at, delivery_id, payment_id, project_id, user_id) VALUES (72, (SELECT projects.end_date - INTERVAL 13 DAY FROM projects WHERE projects.id=1), 72, 72, 1, 33);
INSERT INTO orders (order_id, created_at, delivery_id, payment_id, supporting_project_id) VALUES (72, (SELECT projects.end_date - INTERVAL 13 DAY FROM projects WHERE projects.id=1), 1, 72, 72);
INSERT INTO supporting_packages(id, option_list, package_count, order_id, project_package_id, supporting_project_id) VALUES (72, '["기본"]', 2, 72, 1, 72);
INSERT INTO supporting_projects(supporting_project_id, supported_at, delivery_id, payment_id, project_id, user_id) VALUES (73, (SELECT projects.end_date - INTERVAL 24 DAY FROM projects WHERE projects.id=1), 73, 73, 1, 19);
INSERT INTO orders (order_id, created_at, delivery_id, payment_id, supporting_project_id) VALUES (73, (SELECT projects.end_date - INTERVAL 24 DAY FROM projects WHERE projects.id=1), 1, 73, 73);
INSERT INTO supporting_packages(id, option_list, package_count, order_id, project_package_id, supporting_project_id) VALUES (73, '["프리미엄"]', 10, 73, 1, 73);
INSERT INTO supporting_projects(supporting_project_id, supported_at, delivery_id, payment_id, project_id, user_id) VALUES (74, (SELECT projects.end_date - INTERVAL 44 DAY FROM projects WHERE projects.id=1), 74, 74, 1, 22);
INSERT INTO orders (order_id, created_at, delivery_id, payment_id, supporting_project_id) VALUES (74, (SELECT projects.end_date - INTERVAL 44 DAY FROM projects WHERE projects.id=1), 1, 74, 74);
INSERT INTO supporting_packages(id, option_list, package_count, order_id, project_package_id, supporting_project_id) VALUES (74, '["프리미엄"]', 6, 74, 1, 74);
INSERT INTO supporting_projects(supporting_project_id, supported_at, delivery_id, payment_id, project_id, user_id) VALUES (75, (SELECT projects.end_date - INTERVAL 25 DAY FROM projects WHERE projects.id=1), 75, 75, 1, 14);
INSERT INTO orders (order_id, created_at, delivery_id, payment_id, supporting_project_id) VALUES (75, (SELECT projects.end_date - INTERVAL 25 DAY FROM projects WHERE projects.id=1), 1, 75, 75);
INSERT INTO supporting_packages(id, option_list, package_count, order_id, project_package_id, supporting_project_id) VALUES (75, '["기본"]', 7, 75, 1, 75);
INSERT INTO supporting_projects(supporting_project_id, supported_at, delivery_id, payment_id, project_id, user_id) VALUES (76, (SELECT projects.end_date - INTERVAL 49 DAY FROM projects WHERE projects.id=1), 76, 76, 1, 25);
INSERT INTO orders (order_id, created_at, delivery_id, payment_id, supporting_project_id) VALUES (76, (SELECT projects.end_date - INTERVAL 49 DAY FROM projects WHERE projects.id=1), 1, 76, 76);
INSERT INTO supporting_packages(id, option_list, package_count, order_id, project_package_id, supporting_project_id) VALUES (76, '["기본"]', 8, 76, 1, 76);
INSERT INTO supporting_projects(supporting_project_id, supported_at, delivery_id, payment_id, project_id, user_id) VALUES (77, (SELECT projects.end_date - INTERVAL 47 DAY FROM projects WHERE projects.id=1), 77, 77, 1, 27);
INSERT INTO orders (order_id, created_at, delivery_id, payment_id, supporting_project_id) VALUES (77, (SELECT projects.end_date - INTERVAL 47 DAY FROM projects WHERE projects.id=1), 1, 77, 77);
INSERT INTO supporting_packages(id, option_list, package_count, order_id, project_package_id, supporting_project_id) VALUES (77, '["기본"]', 2, 77, 1, 77);
INSERT INTO supporting_projects(supporting_project_id, supported_at, delivery_id, payment_id, project_id, user_id) VALUES (78, (SELECT projects.end_date - INTERVAL 48 DAY FROM projects WHERE projects.id=1), 78, 78, 1, 30);
INSERT INTO orders (order_id, created_at, delivery_id, payment_id, supporting_project_id) VALUES (78, (SELECT projects.end_date - INTERVAL 48 DAY FROM projects WHERE projects.id=1), 1, 78, 78);
INSERT INTO supporting_packages(id, option_list, package_count, order_id, project_package_id, supporting_project_id) VALUES (78, '["기본"]', 4, 78, 1, 78);
INSERT INTO supporting_projects(supporting_project_id, supported_at, delivery_id, payment_id, project_id, user_id) VALUES (79, (SELECT projects.end_date - INTERVAL 28 DAY FROM projects WHERE projects.id=1), 79, 79, 1, 39);
INSERT INTO orders (order_id, created_at, delivery_id, payment_id, supporting_project_id) VALUES (79, (SELECT projects.end_date - INTERVAL 28 DAY FROM projects WHERE projects.id=1), 1, 79, 79);
INSERT INTO supporting_packages(id, option_list, package_count, order_id, project_package_id, supporting_project_id) VALUES (79, '["기본"]', 9, 79, 1, 79);
INSERT INTO supporting_projects(supporting_project_id, supported_at, delivery_id, payment_id, project_id, user_id) VALUES (80, (SELECT projects.end_date - INTERVAL 42 DAY FROM projects WHERE projects.id=1), 80, 80, 1, 17);
INSERT INTO orders (order_id, created_at, delivery_id, payment_id, supporting_project_id) VALUES (80, (SELECT projects.end_date - INTERVAL 42 DAY FROM projects WHERE projects.id=1), 1, 80, 80);
INSERT INTO supporting_packages(id, option_list, package_count, order_id, project_package_id, supporting_project_id) VALUES (80, '["프리미엄"]', 3, 80, 1, 80);
INSERT INTO supporting_projects(supporting_project_id, supported_at, delivery_id, payment_id, project_id, user_id) VALUES (81, (SELECT projects.end_date - INTERVAL 39 DAY FROM projects WHERE projects.id=1), 81, 81, 1, 2);
INSERT INTO orders (order_id, created_at, delivery_id, payment_id, supporting_project_id) VALUES (81, (SELECT projects.end_date - INTERVAL 39 DAY FROM projects WHERE projects.id=1), 1, 81, 81);
INSERT INTO supporting_packages(id, option_list, package_count, order_id, project_package_id, supporting_project_id) VALUES (81, '["프리미엄"]', 1, 81, 1, 81);
INSERT INTO supporting_projects(supporting_project_id, supported_at, delivery_id, payment_id, project_id, user_id) VALUES (82, (SELECT projects.end_date - INTERVAL 28 DAY FROM projects WHERE projects.id=1), 82, 82, 1, 39);
INSERT INTO orders (order_id, created_at, delivery_id, payment_id, supporting_project_id) VALUES (82, (SELECT projects.end_date - INTERVAL 28 DAY FROM projects WHERE projects.id=1), 1, 82, 82);
INSERT INTO supporting_packages(id, option_list, package_count, order_id, project_package_id, supporting_project_id) VALUES (82, '["프리미엄"]', 4, 82, 1, 82);
INSERT INTO supporting_projects(supporting_project_id, supported_at, delivery_id, payment_id, project_id, user_id) VALUES (83, (SELECT projects.end_date - INTERVAL 18 DAY FROM projects WHERE projects.id=1), 83, 83, 1, 6);
INSERT INTO orders (order_id, created_at, delivery_id, payment_id, supporting_project_id) VALUES (83, (SELECT projects.end_date - INTERVAL 18 DAY FROM projects WHERE projects.id=1), 1, 83, 83);
INSERT INTO supporting_packages(id, option_list, package_count, order_id, project_package_id, supporting_project_id) VALUES (83, '["기본"]', 3, 83, 1, 83);
INSERT INTO supporting_projects(supporting_project_id, supported_at, delivery_id, payment_id, project_id, user_id) VALUES (84, (SELECT projects.end_date - INTERVAL 41 DAY FROM projects WHERE projects.id=1), 84, 84, 1, 15);
INSERT INTO orders (order_id, created_at, delivery_id, payment_id, supporting_project_id) VALUES (84, (SELECT projects.end_date - INTERVAL 41 DAY FROM projects WHERE projects.id=1), 1, 84, 84);
INSERT INTO supporting_packages(id, option_list, package_count, order_id, project_package_id, supporting_project_id) VALUES (84, '["프리미엄"]', 7, 84, 1, 84);
INSERT INTO supporting_projects(supporting_project_id, supported_at, delivery_id, payment_id, project_id, user_id) VALUES (85, (SELECT projects.end_date - INTERVAL 24 DAY FROM projects WHERE projects.id=1), 85, 85, 1, 35);
INSERT INTO orders (order_id, created_at, delivery_id, payment_id, supporting_project_id) VALUES (85, (SELECT projects.end_date - INTERVAL 24 DAY FROM projects WHERE projects.id=1), 1, 85, 85);
INSERT INTO supporting_packages(id, option_list, package_count, order_id, project_package_id, supporting_project_id) VALUES (85, '["기본"]', 9, 85, 1, 85);
INSERT INTO supporting_projects(supporting_project_id, supported_at, delivery_id, payment_id, project_id, user_id) VALUES (86, (SELECT projects.end_date - INTERVAL 34 DAY FROM projects WHERE projects.id=1), 86, 86, 1, 33);
INSERT INTO orders (order_id, created_at, delivery_id, payment_id, supporting_project_id) VALUES (86, (SELECT projects.end_date - INTERVAL 34 DAY FROM projects WHERE projects.id=1), 1, 86, 86);
INSERT INTO supporting_packages(id, option_list, package_count, order_id, project_package_id, supporting_project_id) VALUES (86, '["기본"]', 6, 86, 1, 86);
INSERT INTO supporting_projects(supporting_project_id, supported_at, delivery_id, payment_id, project_id, user_id) VALUES (87, (SELECT projects.end_date - INTERVAL 17 DAY FROM projects WHERE projects.id=1), 87, 87, 1, 20);
INSERT INTO orders (order_id, created_at, delivery_id, payment_id, supporting_project_id) VALUES (87, (SELECT projects.end_date - INTERVAL 17 DAY FROM projects WHERE projects.id=1), 1, 87, 87);
INSERT INTO supporting_packages(id, option_list, package_count, order_id, project_package_id, supporting_project_id) VALUES (87, '["프리미엄"]', 5, 87, 1, 87);
INSERT INTO supporting_projects(supporting_project_id, supported_at, delivery_id, payment_id, project_id, user_id) VALUES (88, (SELECT projects.end_date - INTERVAL 29 DAY FROM projects WHERE projects.id=1), 88, 88, 1, 40);
INSERT INTO orders (order_id, created_at, delivery_id, payment_id, supporting_project_id) VALUES (88, (SELECT projects.end_date - INTERVAL 29 DAY FROM projects WHERE projects.id=1), 1, 88, 88);
INSERT INTO supporting_packages(id, option_list, package_count, order_id, project_package_id, supporting_project_id) VALUES (88, '["프리미엄"]', 3, 88, 1, 88);
INSERT INTO supporting_projects(supporting_project_id, supported_at, delivery_id, payment_id, project_id, user_id) VALUES (89, (SELECT projects.end_date - INTERVAL 28 DAY FROM projects WHERE projects.id=1), 89, 89, 1, 22);
INSERT INTO orders (order_id, created_at, delivery_id, payment_id, supporting_project_id) VALUES (89, (SELECT projects.end_date - INTERVAL 28 DAY FROM projects WHERE projects.id=1), 1, 89, 89);
INSERT INTO supporting_packages(id, option_list, package_count, order_id, project_package_id, supporting_project_id) VALUES (89, '["기본"]', 4, 89, 1, 89);
INSERT INTO supporting_projects(supporting_project_id, supported_at, delivery_id, payment_id, project_id, user_id) VALUES (90, (SELECT projects.end_date - INTERVAL 47 DAY FROM projects WHERE projects.id=1), 90, 90, 1, 25);
INSERT INTO orders (order_id, created_at, delivery_id, payment_id, supporting_project_id) VALUES (90, (SELECT projects.end_date - INTERVAL 47 DAY FROM projects WHERE projects.id=1), 1, 90, 90);
INSERT INTO supporting_packages(id, option_list, package_count, order_id, project_package_id, supporting_project_id) VALUES (90, '["기본"]', 2, 90, 1, 90);
INSERT INTO supporting_projects(supporting_project_id, supported_at, delivery_id, payment_id, project_id, user_id) VALUES (91, (SELECT projects.end_date - INTERVAL 19 DAY FROM projects WHERE projects.id=1), 91, 91, 1, 12);
INSERT INTO orders (order_id, created_at, delivery_id, payment_id, supporting_project_id) VALUES (91, (SELECT projects.end_date - INTERVAL 19 DAY FROM projects WHERE projects.id=1), 1, 91, 91);
INSERT INTO supporting_packages(id, option_list, package_count, order_id, project_package_id, supporting_project_id) VALUES (91, '["기본"]', 2, 91, 1, 91);
INSERT INTO supporting_projects(supporting_project_id, supported_at, delivery_id, payment_id, project_id, user_id) VALUES (92, (SELECT projects.end_date - INTERVAL 22 DAY FROM projects WHERE projects.id=1), 92, 92, 1, 5);
INSERT INTO orders (order_id, created_at, delivery_id, payment_id, supporting_project_id) VALUES (92, (SELECT projects.end_date - INTERVAL 22 DAY FROM projects WHERE projects.id=1), 1, 92, 92);
INSERT INTO supporting_packages(id, option_list, package_count, order_id, project_package_id, supporting_project_id) VALUES (92, '["프리미엄"]', 8, 92, 1, 92);
INSERT INTO supporting_projects(supporting_project_id, supported_at, delivery_id, payment_id, project_id, user_id) VALUES (93, (SELECT projects.end_date - INTERVAL 46 DAY FROM projects WHERE projects.id=1), 93, 93, 1, 39);
INSERT INTO orders (order_id, created_at, delivery_id, payment_id, supporting_project_id) VALUES (93, (SELECT projects.end_date - INTERVAL 46 DAY FROM projects WHERE projects.id=1), 1, 93, 93);
INSERT INTO supporting_packages(id, option_list, package_count, order_id, project_package_id, supporting_project_id) VALUES (93, '["프리미엄"]', 5, 93, 1, 93);
INSERT INTO supporting_projects(supporting_project_id, supported_at, delivery_id, payment_id, project_id, user_id) VALUES (94, (SELECT projects.end_date - INTERVAL 15 DAY FROM projects WHERE projects.id=1), 94, 94, 1, 14);
INSERT INTO orders (order_id, created_at, delivery_id, payment_id, supporting_project_id) VALUES (94, (SELECT projects.end_date - INTERVAL 15 DAY FROM projects WHERE projects.id=1), 1, 94, 94);
INSERT INTO supporting_packages(id, option_list, package_count, order_id, project_package_id, supporting_project_id) VALUES (94, '["기본"]', 4, 94, 1, 94);
INSERT INTO supporting_projects(supporting_project_id, supported_at, delivery_id, payment_id, project_id, user_id) VALUES (95, (SELECT projects.end_date - INTERVAL 20 DAY FROM projects WHERE projects.id=1), 95, 95, 1, 37);
INSERT INTO orders (order_id, created_at, delivery_id, payment_id, supporting_project_id) VALUES (95, (SELECT projects.end_date - INTERVAL 20 DAY FROM projects WHERE projects.id=1), 1, 95, 95);
INSERT INTO supporting_packages(id, option_list, package_count, order_id, project_package_id, supporting_project_id) VALUES (95, '["프리미엄"]', 10, 95, 1, 95);
INSERT INTO supporting_projects(supporting_project_id, supported_at, delivery_id, payment_id, project_id, user_id) VALUES (96, (SELECT projects.end_date - INTERVAL 34 DAY FROM projects WHERE projects.id=1), 96, 96, 1, 36);
INSERT INTO orders (order_id, created_at, delivery_id, payment_id, supporting_project_id) VALUES (96, (SELECT projects.end_date - INTERVAL 34 DAY FROM projects WHERE projects.id=1), 1, 96, 96);
INSERT INTO supporting_packages(id, option_list, package_count, order_id, project_package_id, supporting_project_id) VALUES (96, '["기본"]', 6, 96, 1, 96);
INSERT INTO supporting_projects(supporting_project_id, supported_at, delivery_id, payment_id, project_id, user_id) VALUES (97, (SELECT projects.end_date - INTERVAL 19 DAY FROM projects WHERE projects.id=1), 97, 97, 1, 13);
INSERT INTO orders (order_id, created_at, delivery_id, payment_id, supporting_project_id) VALUES (97, (SELECT projects.end_date - INTERVAL 19 DAY FROM projects WHERE projects.id=1), 1, 97, 97);
INSERT INTO supporting_packages(id, option_list, package_count, order_id, project_package_id, supporting_project_id) VALUES (97, '["기본"]', 7, 97, 1, 97);
INSERT INTO supporting_projects(supporting_project_id, supported_at, delivery_id, payment_id, project_id, user_id) VALUES (98, (SELECT projects.end_date - INTERVAL 38 DAY FROM projects WHERE projects.id=1), 98, 98, 1, 7);
INSERT INTO orders (order_id, created_at, delivery_id, payment_id, supporting_project_id) VALUES (98, (SELECT projects.end_date - INTERVAL 38 DAY FROM projects WHERE projects.id=1), 1, 98, 98);
INSERT INTO supporting_packages(id, option_list, package_count, order_id, project_package_id, supporting_project_id) VALUES (98, '["프리미엄"]', 1, 98, 1, 98);
INSERT INTO supporting_projects(supporting_project_id, supported_at, delivery_id, payment_id, project_id, user_id) VALUES (99, (SELECT projects.end_date - INTERVAL 42 DAY FROM projects WHERE projects.id=1), 99, 99, 1, 11);
INSERT INTO orders (order_id, created_at, delivery_id, payment_id, supporting_project_id) VALUES (99, (SELECT projects.end_date - INTERVAL 42 DAY FROM projects WHERE projects.id=1), 1, 99, 99);
INSERT INTO supporting_packages(id, option_list, package_count, order_id, project_package_id, supporting_project_id) VALUES (99, '["기본"]', 2, 99, 1, 99);
INSERT INTO supporting_projects(supporting_project_id, supported_at, delivery_id, payment_id, project_id, user_id) VALUES (100, (SELECT projects.end_date - INTERVAL 47 DAY FROM projects WHERE projects.id=1), 100, 100, 1, 30);
INSERT INTO orders (order_id, created_at, delivery_id, payment_id, supporting_project_id) VALUES (100, (SELECT projects.end_date - INTERVAL 47 DAY FROM projects WHERE projects.id=1), 1, 100, 100);
INSERT INTO supporting_packages(id, option_list, package_count, order_id, project_package_id, supporting_project_id) VALUES (100, '["기본"]', 4, 100, 1, 100);
INSERT INTO supporting_projects(supporting_project_id, supported_at, delivery_id, payment_id, project_id, user_id) VALUES (101, (SELECT projects.end_date - INTERVAL 40 DAY FROM projects WHERE projects.id=1), 101, 101, 1, 37);
INSERT INTO orders (order_id, created_at, delivery_id, payment_id, supporting_project_id) VALUES (101, (SELECT projects.end_date - INTERVAL 40 DAY FROM projects WHERE projects.id=1), 1, 101, 101);
INSERT INTO supporting_packages(id, option_list, package_count, order_id, project_package_id, supporting_project_id) VALUES (101, '["프리미엄"]', 3, 101, 1, 101);
INSERT INTO supporting_projects(supporting_project_id, supported_at, delivery_id, payment_id, project_id, user_id) VALUES (102, (SELECT projects.end_date - INTERVAL 18 DAY FROM projects WHERE projects.id=1), 102, 102, 1, 21);
INSERT INTO orders (order_id, created_at, delivery_id, payment_id, supporting_project_id) VALUES (102, (SELECT projects.end_date - INTERVAL 18 DAY FROM projects WHERE projects.id=1), 1, 102, 102);
INSERT INTO supporting_packages(id, option_list, package_count, order_id, project_package_id, supporting_project_id) VALUES (102, '["기본"]', 6, 102, 1, 102);
INSERT INTO supporting_projects(supporting_project_id, supported_at, delivery_id, payment_id, project_id, user_id) VALUES (103, (SELECT projects.end_date - INTERVAL 44 DAY FROM projects WHERE projects.id=1), 103, 103, 1, 32);
INSERT INTO orders (order_id, created_at, delivery_id, payment_id, supporting_project_id) VALUES (103, (SELECT projects.end_date - INTERVAL 44 DAY FROM projects WHERE projects.id=1), 1, 103, 103);
INSERT INTO supporting_packages(id, option_list, package_count, order_id, project_package_id, supporting_project_id) VALUES (103, '["프리미엄"]', 1, 103, 1, 103);
INSERT INTO supporting_projects(supporting_project_id, supported_at, delivery_id, payment_id, project_id, user_id) VALUES (104, (SELECT projects.end_date - INTERVAL 32 DAY FROM projects WHERE projects.id=1), 104, 104, 1, 20);
INSERT INTO orders (order_id, created_at, delivery_id, payment_id, supporting_project_id) VALUES (104, (SELECT projects.end_date - INTERVAL 32 DAY FROM projects WHERE projects.id=1), 1, 104, 104);
INSERT INTO supporting_packages(id, option_list, package_count, order_id, project_package_id, supporting_project_id) VALUES (104, '["프리미엄"]', 8, 104, 1, 104);
INSERT INTO supporting_projects(supporting_project_id, supported_at, delivery_id, payment_id, project_id, user_id) VALUES (105, (SELECT projects.end_date - INTERVAL 36 DAY FROM projects WHERE projects.id=1), 105, 105, 1, 2);
INSERT INTO orders (order_id, created_at, delivery_id, payment_id, supporting_project_id) VALUES (105, (SELECT projects.end_date - INTERVAL 36 DAY FROM projects WHERE projects.id=1), 1, 105, 105);
INSERT INTO supporting_packages(id, option_list, package_count, order_id, project_package_id, supporting_project_id) VALUES (105, '["프리미엄"]', 9, 105, 1, 105);
INSERT INTO supporting_projects(supporting_project_id, supported_at, delivery_id, payment_id, project_id, user_id) VALUES (106, (SELECT projects.end_date - INTERVAL 47 DAY FROM projects WHERE projects.id=1), 106, 106, 1, 3);
INSERT INTO orders (order_id, created_at, delivery_id, payment_id, supporting_project_id) VALUES (106, (SELECT projects.end_date - INTERVAL 47 DAY FROM projects WHERE projects.id=1), 1, 106, 106);
INSERT INTO supporting_packages(id, option_list, package_count, order_id, project_package_id, supporting_project_id) VALUES (106, '["기본"]', 1, 106, 1, 106);
INSERT INTO supporting_projects(supporting_project_id, supported_at, delivery_id, payment_id, project_id, user_id) VALUES (107, (SELECT projects.end_date - INTERVAL 41 DAY FROM projects WHERE projects.id=1), 107, 107, 1, 2);
INSERT INTO orders (order_id, created_at, delivery_id, payment_id, supporting_project_id) VALUES (107, (SELECT projects.end_date - INTERVAL 41 DAY FROM projects WHERE projects.id=1), 1, 107, 107);
INSERT INTO supporting_packages(id, option_list, package_count, order_id, project_package_id, supporting_project_id) VALUES (107, '["기본"]', 7, 107, 1, 107);
INSERT INTO supporting_projects(supporting_project_id, supported_at, delivery_id, payment_id, project_id, user_id) VALUES (108, (SELECT projects.end_date - INTERVAL 12 DAY FROM projects WHERE projects.id=1), 108, 108, 1, 1);
INSERT INTO orders (order_id, created_at, delivery_id, payment_id, supporting_project_id) VALUES (108, (SELECT projects.end_date - INTERVAL 12 DAY FROM projects WHERE projects.id=1), 1, 108, 108);
INSERT INTO supporting_packages(id, option_list, package_count, order_id, project_package_id, supporting_project_id) VALUES (108, '["프리미엄"]', 1, 108, 1, 108);
INSERT INTO supporting_projects(supporting_project_id, supported_at, delivery_id, payment_id, project_id, user_id) VALUES (109, (SELECT projects.end_date - INTERVAL 36 DAY FROM projects WHERE projects.id=1), 109, 109, 1, 26);
INSERT INTO orders (order_id, created_at, delivery_id, payment_id, supporting_project_id) VALUES (109, (SELECT projects.end_date - INTERVAL 36 DAY FROM projects WHERE projects.id=1), 1, 109, 109);
INSERT INTO supporting_packages(id, option_list, package_count, order_id, project_package_id, supporting_project_id) VALUES (109, '["기본"]', 3, 109, 1, 109);
INSERT INTO supporting_projects(supporting_project_id, supported_at, delivery_id, payment_id, project_id, user_id) VALUES (110, (SELECT projects.end_date - INTERVAL 47 DAY FROM projects WHERE projects.id=1), 110, 110, 1, 24);
INSERT INTO orders (order_id, created_at, delivery_id, payment_id, supporting_project_id) VALUES (110, (SELECT projects.end_date - INTERVAL 47 DAY FROM projects WHERE projects.id=1), 1, 110, 110);
INSERT INTO supporting_packages(id, option_list, package_count, order_id, project_package_id, supporting_project_id) VALUES (110, '["기본"]', 10, 110, 1, 110);
INSERT INTO supporting_projects(supporting_project_id, supported_at, delivery_id, payment_id, project_id, user_id) VALUES (111, (SELECT projects.end_date - INTERVAL 36 DAY FROM projects WHERE projects.id=1), 111, 111, 1, 38);
INSERT INTO orders (order_id, created_at, delivery_id, payment_id, supporting_project_id) VALUES (111, (SELECT projects.end_date - INTERVAL 36 DAY FROM projects WHERE projects.id=1), 1, 111, 111);
INSERT INTO supporting_packages(id, option_list, package_count, order_id, project_package_id, supporting_project_id) VALUES (111, '["기본"]', 7, 111, 1, 111);
INSERT INTO supporting_projects(supporting_project_id, supported_at, delivery_id, payment_id, project_id, user_id) VALUES (112, (SELECT projects.end_date - INTERVAL 22 DAY FROM projects WHERE projects.id=1), 112, 112, 1, 34);
INSERT INTO orders (order_id, created_at, delivery_id, payment_id, supporting_project_id) VALUES (112, (SELECT projects.end_date - INTERVAL 22 DAY FROM projects WHERE projects.id=1), 1, 112, 112);
INSERT INTO supporting_packages(id, option_list, package_count, order_id, project_package_id, supporting_project_id) VALUES (112, '["프리미엄"]', 9, 112, 1, 112);
INSERT INTO supporting_projects(supporting_project_id, supported_at, delivery_id, payment_id, project_id, user_id) VALUES (113, (SELECT projects.end_date - INTERVAL 15 DAY FROM projects WHERE projects.id=1), 113, 113, 1, 4);
INSERT INTO orders (order_id, created_at, delivery_id, payment_id, supporting_project_id) VALUES (113, (SELECT projects.end_date - INTERVAL 15 DAY FROM projects WHERE projects.id=1), 1, 113, 113);
INSERT INTO supporting_packages(id, option_list, package_count, order_id, project_package_id, supporting_project_id) VALUES (113, '["기본"]', 5, 113, 1, 113);
INSERT INTO supporting_projects(supporting_project_id, supported_at, delivery_id, payment_id, project_id, user_id) VALUES (114, (SELECT projects.end_date - INTERVAL 16 DAY FROM projects WHERE projects.id=1), 114, 114, 1, 30);
INSERT INTO orders (order_id, created_at, delivery_id, payment_id, supporting_project_id) VALUES (114, (SELECT projects.end_date - INTERVAL 16 DAY FROM projects WHERE projects.id=1), 1, 114, 114);
INSERT INTO supporting_packages(id, option_list, package_count, order_id, project_package_id, supporting_project_id) VALUES (114, '["프리미엄"]', 9, 114, 1, 114);
INSERT INTO supporting_projects(supporting_project_id, supported_at, delivery_id, payment_id, project_id, user_id) VALUES (115, (SELECT projects.end_date - INTERVAL 44 DAY FROM projects WHERE projects.id=1), 115, 115, 1, 6);
INSERT INTO orders (order_id, created_at, delivery_id, payment_id, supporting_project_id) VALUES (115, (SELECT projects.end_date - INTERVAL 44 DAY FROM projects WHERE projects.id=1), 1, 115, 115);
INSERT INTO supporting_packages(id, option_list, package_count, order_id, project_package_id, supporting_project_id) VALUES (115, '["기본"]', 9, 115, 1, 115);
INSERT INTO supporting_projects(supporting_project_id, supported_at, delivery_id, payment_id, project_id, user_id) VALUES (116, (SELECT projects.end_date - INTERVAL 20 DAY FROM projects WHERE projects.id=1), 116, 116, 1, 1);
INSERT INTO orders (order_id, created_at, delivery_id, payment_id, supporting_project_id) VALUES (116, (SELECT projects.end_date - INTERVAL 20 DAY FROM projects WHERE projects.id=1), 1, 116, 116);
INSERT INTO supporting_packages(id, option_list, package_count, order_id, project_package_id, supporting_project_id) VALUES (116, '["기본"]', 7, 116, 1, 116);
INSERT INTO supporting_projects(supporting_project_id, supported_at, delivery_id, payment_id, project_id, user_id) VALUES (117, (SELECT projects.end_date - INTERVAL 49 DAY FROM projects WHERE projects.id=1), 117, 117, 1, 24);
INSERT INTO orders (order_id, created_at, delivery_id, payment_id, supporting_project_id) VALUES (117, (SELECT projects.end_date - INTERVAL 49 DAY FROM projects WHERE projects.id=1), 1, 117, 117);
INSERT INTO supporting_packages(id, option_list, package_count, order_id, project_package_id, supporting_project_id) VALUES (117, '["프리미엄"]', 5, 117, 1, 117);
INSERT INTO supporting_projects(supporting_project_id, supported_at, delivery_id, payment_id, project_id, user_id) VALUES (118, (SELECT projects.end_date - INTERVAL 16 DAY FROM projects WHERE projects.id=1), 118, 118, 1, 13);
INSERT INTO orders (order_id, created_at, delivery_id, payment_id, supporting_project_id) VALUES (118, (SELECT projects.end_date - INTERVAL 16 DAY FROM projects WHERE projects.id=1), 1, 118, 118);
INSERT INTO supporting_packages(id, option_list, package_count, order_id, project_package_id, supporting_project_id) VALUES (118, '["프리미엄"]', 4, 118, 1, 118);
INSERT INTO supporting_projects(supporting_project_id, supported_at, delivery_id, payment_id, project_id, user_id) VALUES (119, (SELECT projects.end_date - INTERVAL 26 DAY FROM projects WHERE projects.id=1), 119, 119, 1, 22);
INSERT INTO orders (order_id, created_at, delivery_id, payment_id, supporting_project_id) VALUES (119, (SELECT projects.end_date - INTERVAL 26 DAY FROM projects WHERE projects.id=1), 1, 119, 119);
INSERT INTO supporting_packages(id, option_list, package_count, order_id, project_package_id, supporting_project_id) VALUES (119, '["프리미엄"]', 9, 119, 1, 119);
INSERT INTO supporting_projects(supporting_project_id, supported_at, delivery_id, payment_id, project_id, user_id) VALUES (120, (SELECT projects.end_date - INTERVAL 33 DAY FROM projects WHERE projects.id=1), 120, 120, 1, 8);
INSERT INTO orders (order_id, created_at, delivery_id, payment_id, supporting_project_id) VALUES (120, (SELECT projects.end_date - INTERVAL 33 DAY FROM projects WHERE projects.id=1), 1, 120, 120);
INSERT INTO supporting_packages(id, option_list, package_count, order_id, project_package_id, supporting_project_id) VALUES (120, '["기본"]', 2, 120, 1, 120);
INSERT INTO supporting_projects(supporting_project_id, supported_at, delivery_id, payment_id, project_id, user_id) VALUES (121, (SELECT projects.end_date - INTERVAL 33 DAY FROM projects WHERE projects.id=1), 121, 121, 1, 6);
INSERT INTO orders (order_id, created_at, delivery_id, payment_id, supporting_project_id) VALUES (121, (SELECT projects.end_date - INTERVAL 33 DAY FROM projects WHERE projects.id=1), 1, 121, 121);
INSERT INTO supporting_packages(id, option_list, package_count, order_id, project_package_id, supporting_project_id) VALUES (121, '["기본"]', 3, 121, 1, 121);
INSERT INTO supporting_projects(supporting_project_id, supported_at, delivery_id, payment_id, project_id, user_id) VALUES (122, (SELECT projects.end_date - INTERVAL 26 DAY FROM projects WHERE projects.id=1), 122, 122, 1, 15);
INSERT INTO orders (order_id, created_at, delivery_id, payment_id, supporting_project_id) VALUES (122, (SELECT projects.end_date - INTERVAL 26 DAY FROM projects WHERE projects.id=1), 1, 122, 122);
INSERT INTO supporting_packages(id, option_list, package_count, order_id, project_package_id, supporting_project_id) VALUES (122, '["프리미엄"]', 10, 122, 1, 122);
INSERT INTO supporting_projects(supporting_project_id, supported_at, delivery_id, payment_id, project_id, user_id) VALUES (123, (SELECT projects.end_date - INTERVAL 38 DAY FROM projects WHERE projects.id=1), 123, 123, 1, 27);
INSERT INTO orders (order_id, created_at, delivery_id, payment_id, supporting_project_id) VALUES (123, (SELECT projects.end_date - INTERVAL 38 DAY FROM projects WHERE projects.id=1), 1, 123, 123);
INSERT INTO supporting_packages(id, option_list, package_count, order_id, project_package_id, supporting_project_id) VALUES (123, '["프리미엄"]', 9, 123, 1, 123);
INSERT INTO supporting_projects(supporting_project_id, supported_at, delivery_id, payment_id, project_id, user_id) VALUES (124, (SELECT projects.end_date - INTERVAL 43 DAY FROM projects WHERE projects.id=1), 124, 124, 1, 36);
INSERT INTO orders (order_id, created_at, delivery_id, payment_id, supporting_project_id) VALUES (124, (SELECT projects.end_date - INTERVAL 43 DAY FROM projects WHERE projects.id=1), 1, 124, 124);
INSERT INTO supporting_packages(id, option_list, package_count, order_id, project_package_id, supporting_project_id) VALUES (124, '["기본"]', 7, 124, 1, 124);
INSERT INTO supporting_projects(supporting_project_id, supported_at, delivery_id, payment_id, project_id, user_id) VALUES (125, (SELECT projects.end_date - INTERVAL 33 DAY FROM projects WHERE projects.id=1), 125, 125, 1, 27);
INSERT INTO orders (order_id, created_at, delivery_id, payment_id, supporting_project_id) VALUES (125, (SELECT projects.end_date - INTERVAL 33 DAY FROM projects WHERE projects.id=1), 1, 125, 125);
INSERT INTO supporting_packages(id, option_list, package_count, order_id, project_package_id, supporting_project_id) VALUES (125, '["기본"]', 9, 125, 1, 125);
INSERT INTO supporting_projects(supporting_project_id, supported_at, delivery_id, payment_id, project_id, user_id) VALUES (126, (SELECT projects.end_date - INTERVAL 21 DAY FROM projects WHERE projects.id=1), 126, 126, 1, 28);
INSERT INTO orders (order_id, created_at, delivery_id, payment_id, supporting_project_id) VALUES (126, (SELECT projects.end_date - INTERVAL 21 DAY FROM projects WHERE projects.id=1), 1, 126, 126);
INSERT INTO supporting_packages(id, option_list, package_count, order_id, project_package_id, supporting_project_id) VALUES (126, '["프리미엄"]', 3, 126, 1, 126);
INSERT INTO supporting_projects(supporting_project_id, supported_at, delivery_id, payment_id, project_id, user_id) VALUES (127, (SELECT projects.end_date - INTERVAL 49 DAY FROM projects WHERE projects.id=1), 127, 127, 1, 9);
INSERT INTO orders (order_id, created_at, delivery_id, payment_id, supporting_project_id) VALUES (127, (SELECT projects.end_date - INTERVAL 49 DAY FROM projects WHERE projects.id=1), 1, 127, 127);
INSERT INTO supporting_packages(id, option_list, package_count, order_id, project_package_id, supporting_project_id) VALUES (127, '["기본"]', 5, 127, 1, 127);
INSERT INTO supporting_projects(supporting_project_id, supported_at, delivery_id, payment_id, project_id, user_id) VALUES (128, (SELECT projects.end_date - INTERVAL 15 DAY FROM projects WHERE projects.id=1), 128, 128, 1, 4);
INSERT INTO orders (order_id, created_at, delivery_id, payment_id, supporting_project_id) VALUES (128, (SELECT projects.end_date - INTERVAL 15 DAY FROM projects WHERE projects.id=1), 1, 128, 128);
INSERT INTO supporting_packages(id, option_list, package_count, order_id, project_package_id, supporting_project_id) VALUES (128, '["프리미엄"]', 10, 128, 1, 128);
INSERT INTO supporting_projects(supporting_project_id, supported_at, delivery_id, payment_id, project_id, user_id) VALUES (129, (SELECT projects.end_date - INTERVAL 22 DAY FROM projects WHERE projects.id=1), 129, 129, 1, 27);
INSERT INTO orders (order_id, created_at, delivery_id, payment_id, supporting_project_id) VALUES (129, (SELECT projects.end_date - INTERVAL 22 DAY FROM projects WHERE projects.id=1), 1, 129, 129);
INSERT INTO supporting_packages(id, option_list, package_count, order_id, project_package_id, supporting_project_id) VALUES (129, '["기본"]', 6, 129, 1, 129);
INSERT INTO supporting_projects(supporting_project_id, supported_at, delivery_id, payment_id, project_id, user_id) VALUES (130, (SELECT projects.end_date - INTERVAL 24 DAY FROM projects WHERE projects.id=1), 130, 130, 1, 21);
INSERT INTO orders (order_id, created_at, delivery_id, payment_id, supporting_project_id) VALUES (130, (SELECT projects.end_date - INTERVAL 24 DAY FROM projects WHERE projects.id=1), 1, 130, 130);
INSERT INTO supporting_packages(id, option_list, package_count, order_id, project_package_id, supporting_project_id) VALUES (130, '["기본"]', 9, 130, 1, 130);
INSERT INTO supporting_projects(supporting_project_id, supported_at, delivery_id, payment_id, project_id, user_id) VALUES (131, (SELECT projects.end_date - INTERVAL 22 DAY FROM projects WHERE projects.id=1), 131, 131, 1, 33);
INSERT INTO orders (order_id, created_at, delivery_id, payment_id, supporting_project_id) VALUES (131, (SELECT projects.end_date - INTERVAL 22 DAY FROM projects WHERE projects.id=1), 1, 131, 131);
INSERT INTO supporting_packages(id, option_list, package_count, order_id, project_package_id, supporting_project_id) VALUES (131, '["프리미엄"]', 5, 131, 1, 131);
INSERT INTO supporting_projects(supporting_project_id, supported_at, delivery_id, payment_id, project_id, user_id) VALUES (132, (SELECT projects.end_date - INTERVAL 16 DAY FROM projects WHERE projects.id=1), 132, 132, 1, 4);
INSERT INTO orders (order_id, created_at, delivery_id, payment_id, supporting_project_id) VALUES (132, (SELECT projects.end_date - INTERVAL 16 DAY FROM projects WHERE projects.id=1), 1, 132, 132);
INSERT INTO supporting_packages(id, option_list, package_count, order_id, project_package_id, supporting_project_id) VALUES (132, '["기본"]', 10, 132, 1, 132);
INSERT INTO supporting_projects(supporting_project_id, supported_at, delivery_id, payment_id, project_id, user_id) VALUES (133, (SELECT projects.end_date - INTERVAL 28 DAY FROM projects WHERE projects.id=1), 133, 133, 1, 3);
INSERT INTO orders (order_id, created_at, delivery_id, payment_id, supporting_project_id) VALUES (133, (SELECT projects.end_date - INTERVAL 28 DAY FROM projects WHERE projects.id=1), 1, 133, 133);
INSERT INTO supporting_packages(id, option_list, package_count, order_id, project_package_id, supporting_project_id) VALUES (133, '["기본"]', 3, 133, 1, 133);
INSERT INTO supporting_projects(supporting_project_id, supported_at, delivery_id, payment_id, project_id, user_id) VALUES (134, (SELECT projects.end_date - INTERVAL 33 DAY FROM projects WHERE projects.id=1), 134, 134, 1, 36);
INSERT INTO orders (order_id, created_at, delivery_id, payment_id, supporting_project_id) VALUES (134, (SELECT projects.end_date - INTERVAL 33 DAY FROM projects WHERE projects.id=1), 1, 134, 134);
INSERT INTO supporting_packages(id, option_list, package_count, order_id, project_package_id, supporting_project_id) VALUES (134, '["기본"]', 4, 134, 1, 134);
INSERT INTO supporting_projects(supporting_project_id, supported_at, delivery_id, payment_id, project_id, user_id) VALUES (135, (SELECT projects.end_date - INTERVAL 34 DAY FROM projects WHERE projects.id=1), 135, 135, 1, 10);
INSERT INTO orders (order_id, created_at, delivery_id, payment_id, supporting_project_id) VALUES (135, (SELECT projects.end_date - INTERVAL 34 DAY FROM projects WHERE projects.id=1), 1, 135, 135);
INSERT INTO supporting_packages(id, option_list, package_count, order_id, project_package_id, supporting_project_id) VALUES (135, '["프리미엄"]', 10, 135, 1, 135);
INSERT INTO supporting_projects(supporting_project_id, supported_at, delivery_id, payment_id, project_id, user_id) VALUES (136, (SELECT projects.end_date - INTERVAL 16 DAY FROM projects WHERE projects.id=3), 136, 136, 3, 22);
INSERT INTO orders (order_id, created_at, delivery_id, payment_id, supporting_project_id) VALUES (136, (SELECT projects.end_date - INTERVAL 16 DAY FROM projects WHERE projects.id=3), 1, 136, 136);
INSERT INTO supporting_packages(id, option_list, package_count, order_id, project_package_id, supporting_project_id) VALUES (136, '["개인 컨설팅"]', 5, 136, 3, 136);
INSERT INTO supporting_projects(supporting_project_id, supported_at, delivery_id, payment_id, project_id, user_id) VALUES (137, (SELECT projects.end_date - INTERVAL 18 DAY FROM projects WHERE projects.id=3), 137, 137, 3, 6);
INSERT INTO orders (order_id, created_at, delivery_id, payment_id, supporting_project_id) VALUES (137, (SELECT projects.end_date - INTERVAL 18 DAY FROM projects WHERE projects.id=3), 1, 137, 137);
INSERT INTO supporting_packages(id, option_list, package_count, order_id, project_package_id, supporting_project_id) VALUES (137, '["개인 컨설팅"]', 2, 137, 3, 137);
INSERT INTO supporting_projects(supporting_project_id, supported_at, delivery_id, payment_id, project_id, user_id) VALUES (138, (SELECT projects.end_date - INTERVAL 22 DAY FROM projects WHERE projects.id=3), 138, 138, 3, 25);
INSERT INTO orders (order_id, created_at, delivery_id, payment_id, supporting_project_id) VALUES (138, (SELECT projects.end_date - INTERVAL 22 DAY FROM projects WHERE projects.id=3), 1, 138, 138);
INSERT INTO supporting_packages(id, option_list, package_count, order_id, project_package_id, supporting_project_id) VALUES (138, '["트렌드 분석 보고서"]', 2, 138, 3, 138);
INSERT INTO supporting_projects(supporting_project_id, supported_at, delivery_id, payment_id, project_id, user_id) VALUES (139, (SELECT projects.end_date - INTERVAL 19 DAY FROM projects WHERE projects.id=3), 139, 139, 3, 39);
INSERT INTO orders (order_id, created_at, delivery_id, payment_id, supporting_project_id) VALUES (139, (SELECT projects.end_date - INTERVAL 19 DAY FROM projects WHERE projects.id=3), 1, 139, 139);
INSERT INTO supporting_packages(id, option_list, package_count, order_id, project_package_id, supporting_project_id) VALUES (139, '["개인 컨설팅"]', 4, 139, 3, 139);
INSERT INTO supporting_projects(supporting_project_id, supported_at, delivery_id, payment_id, project_id, user_id) VALUES (140, (SELECT projects.end_date - INTERVAL 31 DAY FROM projects WHERE projects.id=3), 140, 140, 3, 22);
INSERT INTO orders (order_id, created_at, delivery_id, payment_id, supporting_project_id) VALUES (140, (SELECT projects.end_date - INTERVAL 31 DAY FROM projects WHERE projects.id=3), 1, 140, 140);
INSERT INTO supporting_packages(id, option_list, package_count, order_id, project_package_id, supporting_project_id) VALUES (140, '["트렌드 분석 보고서"]', 7, 140, 3, 140);
INSERT INTO supporting_projects(supporting_project_id, supported_at, delivery_id, payment_id, project_id, user_id) VALUES (141, (SELECT projects.end_date - INTERVAL 47 DAY FROM projects WHERE projects.id=3), 141, 141, 3, 26);
INSERT INTO orders (order_id, created_at, delivery_id, payment_id, supporting_project_id) VALUES (141, (SELECT projects.end_date - INTERVAL 47 DAY FROM projects WHERE projects.id=3), 1, 141, 141);
INSERT INTO supporting_packages(id, option_list, package_count, order_id, project_package_id, supporting_project_id) VALUES (141, '["개인 컨설팅"]', 9, 141, 3, 141);
INSERT INTO supporting_projects(supporting_project_id, supported_at, delivery_id, payment_id, project_id, user_id) VALUES (142, (SELECT projects.end_date - INTERVAL 37 DAY FROM projects WHERE projects.id=3), 142, 142, 3, 29);
INSERT INTO orders (order_id, created_at, delivery_id, payment_id, supporting_project_id) VALUES (142, (SELECT projects.end_date - INTERVAL 37 DAY FROM projects WHERE projects.id=3), 1, 142, 142);
INSERT INTO supporting_packages(id, option_list, package_count, order_id, project_package_id, supporting_project_id) VALUES (142, '["개인 컨설팅"]', 2, 142, 3, 142);
INSERT INTO supporting_projects(supporting_project_id, supported_at, delivery_id, payment_id, project_id, user_id) VALUES (143, (SELECT projects.end_date - INTERVAL 12 DAY FROM projects WHERE projects.id=3), 143, 143, 3, 12);
INSERT INTO orders (order_id, created_at, delivery_id, payment_id, supporting_project_id) VALUES (143, (SELECT projects.end_date - INTERVAL 12 DAY FROM projects WHERE projects.id=3), 1, 143, 143);
INSERT INTO supporting_packages(id, option_list, package_count, order_id, project_package_id, supporting_project_id) VALUES (143, '["개인 컨설팅"]', 6, 143, 3, 143);
INSERT INTO supporting_projects(supporting_project_id, supported_at, delivery_id, payment_id, project_id, user_id) VALUES (144, (SELECT projects.end_date - INTERVAL 30 DAY FROM projects WHERE projects.id=3), 144, 144, 3, 19);
INSERT INTO orders (order_id, created_at, delivery_id, payment_id, supporting_project_id) VALUES (144, (SELECT projects.end_date - INTERVAL 30 DAY FROM projects WHERE projects.id=3), 1, 144, 144);
INSERT INTO supporting_packages(id, option_list, package_count, order_id, project_package_id, supporting_project_id) VALUES (144, '["개인 컨설팅"]', 4, 144, 3, 144);
INSERT INTO supporting_projects(supporting_project_id, supported_at, delivery_id, payment_id, project_id, user_id) VALUES (145, (SELECT projects.end_date - INTERVAL 19 DAY FROM projects WHERE projects.id=3), 145, 145, 3, 22);
INSERT INTO orders (order_id, created_at, delivery_id, payment_id, supporting_project_id) VALUES (145, (SELECT projects.end_date - INTERVAL 19 DAY FROM projects WHERE projects.id=3), 1, 145, 145);
INSERT INTO supporting_packages(id, option_list, package_count, order_id, project_package_id, supporting_project_id) VALUES (145, '["트렌드 분석 보고서"]', 4, 145, 3, 145);
INSERT INTO supporting_projects(supporting_project_id, supported_at, delivery_id, payment_id, project_id, user_id) VALUES (146, (SELECT projects.end_date - INTERVAL 21 DAY FROM projects WHERE projects.id=3), 146, 146, 3, 12);
INSERT INTO orders (order_id, created_at, delivery_id, payment_id, supporting_project_id) VALUES (146, (SELECT projects.end_date - INTERVAL 21 DAY FROM projects WHERE projects.id=3), 1, 146, 146);
INSERT INTO supporting_packages(id, option_list, package_count, order_id, project_package_id, supporting_project_id) VALUES (146, '["개인 컨설팅"]', 2, 146, 3, 146);
INSERT INTO supporting_projects(supporting_project_id, supported_at, delivery_id, payment_id, project_id, user_id) VALUES (147, (SELECT projects.end_date - INTERVAL 19 DAY FROM projects WHERE projects.id=3), 147, 147, 3, 1);
INSERT INTO orders (order_id, created_at, delivery_id, payment_id, supporting_project_id) VALUES (147, (SELECT projects.end_date - INTERVAL 19 DAY FROM projects WHERE projects.id=3), 1, 147, 147);
INSERT INTO supporting_packages(id, option_list, package_count, order_id, project_package_id, supporting_project_id) VALUES (147, '["트렌드 분석 보고서"]', 3, 147, 3, 147);
INSERT INTO supporting_projects(supporting_project_id, supported_at, delivery_id, payment_id, project_id, user_id) VALUES (148, (SELECT projects.end_date - INTERVAL 30 DAY FROM projects WHERE projects.id=3), 148, 148, 3, 4);
INSERT INTO orders (order_id, created_at, delivery_id, payment_id, supporting_project_id) VALUES (148, (SELECT projects.end_date - INTERVAL 30 DAY FROM projects WHERE projects.id=3), 1, 148, 148);
INSERT INTO supporting_packages(id, option_list, package_count, order_id, project_package_id, supporting_project_id) VALUES (148, '["개인 컨설팅"]', 4, 148, 3, 148);
INSERT INTO supporting_projects(supporting_project_id, supported_at, delivery_id, payment_id, project_id, user_id) VALUES (149, (SELECT projects.end_date - INTERVAL 14 DAY FROM projects WHERE projects.id=3), 149, 149, 3, 28);
INSERT INTO orders (order_id, created_at, delivery_id, payment_id, supporting_project_id) VALUES (149, (SELECT projects.end_date - INTERVAL 14 DAY FROM projects WHERE projects.id=3), 1, 149, 149);
INSERT INTO supporting_packages(id, option_list, package_count, order_id, project_package_id, supporting_project_id) VALUES (149, '["개인 컨설팅"]', 10, 149, 3, 149);
INSERT INTO supporting_projects(supporting_project_id, supported_at, delivery_id, payment_id, project_id, user_id) VALUES (150, (SELECT projects.end_date - INTERVAL 27 DAY FROM projects WHERE projects.id=3), 150, 150, 3, 6);
INSERT INTO orders (order_id, created_at, delivery_id, payment_id, supporting_project_id) VALUES (150, (SELECT projects.end_date - INTERVAL 27 DAY FROM projects WHERE projects.id=3), 1, 150, 150);
INSERT INTO supporting_packages(id, option_list, package_count, order_id, project_package_id, supporting_project_id) VALUES (150, '["개인 컨설팅"]', 8, 150, 3, 150);
INSERT INTO supporting_projects(supporting_project_id, supported_at, delivery_id, payment_id, project_id, user_id) VALUES (151, (SELECT projects.end_date - INTERVAL 34 DAY FROM projects WHERE projects.id=3), 151, 151, 3, 40);
INSERT INTO orders (order_id, created_at, delivery_id, payment_id, supporting_project_id) VALUES (151, (SELECT projects.end_date - INTERVAL 34 DAY FROM projects WHERE projects.id=3), 1, 151, 151);
INSERT INTO supporting_packages(id, option_list, package_count, order_id, project_package_id, supporting_project_id) VALUES (151, '["트렌드 분석 보고서"]', 4, 151, 3, 151);
INSERT INTO supporting_projects(supporting_project_id, supported_at, delivery_id, payment_id, project_id, user_id) VALUES (152, (SELECT projects.end_date - INTERVAL 12 DAY FROM projects WHERE projects.id=3), 152, 152, 3, 22);
INSERT INTO orders (order_id, created_at, delivery_id, payment_id, supporting_project_id) VALUES (152, (SELECT projects.end_date - INTERVAL 12 DAY FROM projects WHERE projects.id=3), 1, 152, 152);
INSERT INTO supporting_packages(id, option_list, package_count, order_id, project_package_id, supporting_project_id) VALUES (152, '["트렌드 분석 보고서"]', 5, 152, 3, 152);
INSERT INTO supporting_projects(supporting_project_id, supported_at, delivery_id, payment_id, project_id, user_id) VALUES (153, (SELECT projects.end_date - INTERVAL 15 DAY FROM projects WHERE projects.id=3), 153, 153, 3, 19);
INSERT INTO orders (order_id, created_at, delivery_id, payment_id, supporting_project_id) VALUES (153, (SELECT projects.end_date - INTERVAL 15 DAY FROM projects WHERE projects.id=3), 1, 153, 153);
INSERT INTO supporting_packages(id, option_list, package_count, order_id, project_package_id, supporting_project_id) VALUES (153, '["트렌드 분석 보고서"]', 9, 153, 3, 153);
INSERT INTO supporting_projects(supporting_project_id, supported_at, delivery_id, payment_id, project_id, user_id) VALUES (154, (SELECT projects.end_date - INTERVAL 50 DAY FROM projects WHERE projects.id=3), 154, 154, 3, 18);
INSERT INTO orders (order_id, created_at, delivery_id, payment_id, supporting_project_id) VALUES (154, (SELECT projects.end_date - INTERVAL 50 DAY FROM projects WHERE projects.id=3), 1, 154, 154);
INSERT INTO supporting_packages(id, option_list, package_count, order_id, project_package_id, supporting_project_id) VALUES (154, '["개인 컨설팅"]', 5, 154, 3, 154);
INSERT INTO supporting_projects(supporting_project_id, supported_at, delivery_id, payment_id, project_id, user_id) VALUES (155, (SELECT projects.end_date - INTERVAL 28 DAY FROM projects WHERE projects.id=3), 155, 155, 3, 6);
INSERT INTO orders (order_id, created_at, delivery_id, payment_id, supporting_project_id) VALUES (155, (SELECT projects.end_date - INTERVAL 28 DAY FROM projects WHERE projects.id=3), 1, 155, 155);
INSERT INTO supporting_packages(id, option_list, package_count, order_id, project_package_id, supporting_project_id) VALUES (155, '["개인 컨설팅"]', 5, 155, 3, 155);
INSERT INTO supporting_projects(supporting_project_id, supported_at, delivery_id, payment_id, project_id, user_id) VALUES (156, (SELECT projects.end_date - INTERVAL 21 DAY FROM projects WHERE projects.id=3), 156, 156, 3, 28);
INSERT INTO orders (order_id, created_at, delivery_id, payment_id, supporting_project_id) VALUES (156, (SELECT projects.end_date - INTERVAL 21 DAY FROM projects WHERE projects.id=3), 1, 156, 156);
INSERT INTO supporting_packages(id, option_list, package_count, order_id, project_package_id, supporting_project_id) VALUES (156, '["개인 컨설팅"]', 5, 156, 3, 156);
INSERT INTO supporting_projects(supporting_project_id, supported_at, delivery_id, payment_id, project_id, user_id) VALUES (157, (SELECT projects.end_date - INTERVAL 18 DAY FROM projects WHERE projects.id=3), 157, 157, 3, 1);
INSERT INTO orders (order_id, created_at, delivery_id, payment_id, supporting_project_id) VALUES (157, (SELECT projects.end_date - INTERVAL 18 DAY FROM projects WHERE projects.id=3), 1, 157, 157);
INSERT INTO supporting_packages(id, option_list, package_count, order_id, project_package_id, supporting_project_id) VALUES (157, '["개인 컨설팅"]', 9, 157, 3, 157);
INSERT INTO supporting_projects(supporting_project_id, supported_at, delivery_id, payment_id, project_id, user_id) VALUES (158, (SELECT projects.end_date - INTERVAL 45 DAY FROM projects WHERE projects.id=3), 158, 158, 3, 28);
INSERT INTO orders (order_id, created_at, delivery_id, payment_id, supporting_project_id) VALUES (158, (SELECT projects.end_date - INTERVAL 45 DAY FROM projects WHERE projects.id=3), 1, 158, 158);
INSERT INTO supporting_packages(id, option_list, package_count, order_id, project_package_id, supporting_project_id) VALUES (158, '["트렌드 분석 보고서"]', 7, 158, 3, 158);
INSERT INTO supporting_projects(supporting_project_id, supported_at, delivery_id, payment_id, project_id, user_id) VALUES (159, (SELECT projects.end_date - INTERVAL 18 DAY FROM projects WHERE projects.id=3), 159, 159, 3, 28);
INSERT INTO orders (order_id, created_at, delivery_id, payment_id, supporting_project_id) VALUES (159, (SELECT projects.end_date - INTERVAL 18 DAY FROM projects WHERE projects.id=3), 1, 159, 159);
INSERT INTO supporting_packages(id, option_list, package_count, order_id, project_package_id, supporting_project_id) VALUES (159, '["개인 컨설팅"]', 5, 159, 3, 159);
INSERT INTO supporting_projects(supporting_project_id, supported_at, delivery_id, payment_id, project_id, user_id) VALUES (160, (SELECT projects.end_date - INTERVAL 30 DAY FROM projects WHERE projects.id=3), 160, 160, 3, 8);
INSERT INTO orders (order_id, created_at, delivery_id, payment_id, supporting_project_id) VALUES (160, (SELECT projects.end_date - INTERVAL 30 DAY FROM projects WHERE projects.id=3), 1, 160, 160);
INSERT INTO supporting_packages(id, option_list, package_count, order_id, project_package_id, supporting_project_id) VALUES (160, '["개인 컨설팅"]', 10, 160, 3, 160);
INSERT INTO supporting_projects(supporting_project_id, supported_at, delivery_id, payment_id, project_id, user_id) VALUES (161, (SELECT projects.end_date - INTERVAL 40 DAY FROM projects WHERE projects.id=3), 161, 161, 3, 3);
INSERT INTO orders (order_id, created_at, delivery_id, payment_id, supporting_project_id) VALUES (161, (SELECT projects.end_date - INTERVAL 40 DAY FROM projects WHERE projects.id=3), 1, 161, 161);
INSERT INTO supporting_packages(id, option_list, package_count, order_id, project_package_id, supporting_project_id) VALUES (161, '["개인 컨설팅"]', 8, 161, 3, 161);
INSERT INTO supporting_projects(supporting_project_id, supported_at, delivery_id, payment_id, project_id, user_id) VALUES (162, (SELECT projects.end_date - INTERVAL 47 DAY FROM projects WHERE projects.id=3), 162, 162, 3, 22);
INSERT INTO orders (order_id, created_at, delivery_id, payment_id, supporting_project_id) VALUES (162, (SELECT projects.end_date - INTERVAL 47 DAY FROM projects WHERE projects.id=3), 1, 162, 162);
INSERT INTO supporting_packages(id, option_list, package_count, order_id, project_package_id, supporting_project_id) VALUES (162, '["트렌드 분석 보고서"]', 6, 162, 3, 162);
INSERT INTO supporting_projects(supporting_project_id, supported_at, delivery_id, payment_id, project_id, user_id) VALUES (163, (SELECT projects.end_date - INTERVAL 9 DAY FROM projects WHERE projects.id=3), 163, 163, 3, 17);
INSERT INTO orders (order_id, created_at, delivery_id, payment_id, supporting_project_id) VALUES (163, (SELECT projects.end_date - INTERVAL 9 DAY FROM projects WHERE projects.id=3), 1, 163, 163);
INSERT INTO supporting_packages(id, option_list, package_count, order_id, project_package_id, supporting_project_id) VALUES (163, '["트렌드 분석 보고서"]', 3, 163, 3, 163);
INSERT INTO supporting_projects(supporting_project_id, supported_at, delivery_id, payment_id, project_id, user_id) VALUES (164, (SELECT projects.end_date - INTERVAL 18 DAY FROM projects WHERE projects.id=3), 164, 164, 3, 24);
INSERT INTO orders (order_id, created_at, delivery_id, payment_id, supporting_project_id) VALUES (164, (SELECT projects.end_date - INTERVAL 18 DAY FROM projects WHERE projects.id=3), 1, 164, 164);
INSERT INTO supporting_packages(id, option_list, package_count, order_id, project_package_id, supporting_project_id) VALUES (164, '["개인 컨설팅"]', 4, 164, 3, 164);
INSERT INTO supporting_projects(supporting_project_id, supported_at, delivery_id, payment_id, project_id, user_id) VALUES (165, (SELECT projects.end_date - INTERVAL 13 DAY FROM projects WHERE projects.id=3), 165, 165, 3, 6);
INSERT INTO orders (order_id, created_at, delivery_id, payment_id, supporting_project_id) VALUES (165, (SELECT projects.end_date - INTERVAL 13 DAY FROM projects WHERE projects.id=3), 1, 165, 165);
INSERT INTO supporting_packages(id, option_list, package_count, order_id, project_package_id, supporting_project_id) VALUES (165, '["트렌드 분석 보고서"]', 9, 165, 3, 165);
INSERT INTO supporting_projects(supporting_project_id, supported_at, delivery_id, payment_id, project_id, user_id) VALUES (166, (SELECT projects.end_date - INTERVAL 37 DAY FROM projects WHERE projects.id=3), 166, 166, 3, 1);
INSERT INTO orders (order_id, created_at, delivery_id, payment_id, supporting_project_id) VALUES (166, (SELECT projects.end_date - INTERVAL 37 DAY FROM projects WHERE projects.id=3), 1, 166, 166);
INSERT INTO supporting_packages(id, option_list, package_count, order_id, project_package_id, supporting_project_id) VALUES (166, '["개인 컨설팅"]', 6, 166, 3, 166);
INSERT INTO supporting_projects(supporting_project_id, supported_at, delivery_id, payment_id, project_id, user_id) VALUES (167, (SELECT projects.end_date - INTERVAL 19 DAY FROM projects WHERE projects.id=3), 167, 167, 3, 27);
INSERT INTO orders (order_id, created_at, delivery_id, payment_id, supporting_project_id) VALUES (167, (SELECT projects.end_date - INTERVAL 19 DAY FROM projects WHERE projects.id=3), 1, 167, 167);
INSERT INTO supporting_packages(id, option_list, package_count, order_id, project_package_id, supporting_project_id) VALUES (167, '["트렌드 분석 보고서"]', 2, 167, 3, 167);
INSERT INTO supporting_projects(supporting_project_id, supported_at, delivery_id, payment_id, project_id, user_id) VALUES (168, (SELECT projects.end_date - INTERVAL 25 DAY FROM projects WHERE projects.id=3), 168, 168, 3, 30);
INSERT INTO orders (order_id, created_at, delivery_id, payment_id, supporting_project_id) VALUES (168, (SELECT projects.end_date - INTERVAL 25 DAY FROM projects WHERE projects.id=3), 1, 168, 168);
INSERT INTO supporting_packages(id, option_list, package_count, order_id, project_package_id, supporting_project_id) VALUES (168, '["개인 컨설팅"]', 5, 168, 3, 168);
INSERT INTO supporting_projects(supporting_project_id, supported_at, delivery_id, payment_id, project_id, user_id) VALUES (169, (SELECT projects.end_date - INTERVAL 42 DAY FROM projects WHERE projects.id=3), 169, 169, 3, 3);
INSERT INTO orders (order_id, created_at, delivery_id, payment_id, supporting_project_id) VALUES (169, (SELECT projects.end_date - INTERVAL 42 DAY FROM projects WHERE projects.id=3), 1, 169, 169);
INSERT INTO supporting_packages(id, option_list, package_count, order_id, project_package_id, supporting_project_id) VALUES (169, '["트렌드 분석 보고서"]', 1, 169, 3, 169);
INSERT INTO supporting_projects(supporting_project_id, supported_at, delivery_id, payment_id, project_id, user_id) VALUES (170, (SELECT projects.end_date - INTERVAL 14 DAY FROM projects WHERE projects.id=3), 170, 170, 3, 16);
INSERT INTO orders (order_id, created_at, delivery_id, payment_id, supporting_project_id) VALUES (170, (SELECT projects.end_date - INTERVAL 14 DAY FROM projects WHERE projects.id=3), 1, 170, 170);
INSERT INTO supporting_packages(id, option_list, package_count, order_id, project_package_id, supporting_project_id) VALUES (170, '["트렌드 분석 보고서"]', 2, 170, 3, 170);
INSERT INTO supporting_projects(supporting_project_id, supported_at, delivery_id, payment_id, project_id, user_id) VALUES (171, (SELECT projects.end_date - INTERVAL 26 DAY FROM projects WHERE projects.id=3), 171, 171, 3, 15);
INSERT INTO orders (order_id, created_at, delivery_id, payment_id, supporting_project_id) VALUES (171, (SELECT projects.end_date - INTERVAL 26 DAY FROM projects WHERE projects.id=3), 1, 171, 171);
INSERT INTO supporting_packages(id, option_list, package_count, order_id, project_package_id, supporting_project_id) VALUES (171, '["개인 컨설팅"]', 2, 171, 3, 171);
INSERT INTO supporting_projects(supporting_project_id, supported_at, delivery_id, payment_id, project_id, user_id) VALUES (172, (SELECT projects.end_date - INTERVAL 34 DAY FROM projects WHERE projects.id=3), 172, 172, 3, 26);
INSERT INTO orders (order_id, created_at, delivery_id, payment_id, supporting_project_id) VALUES (172, (SELECT projects.end_date - INTERVAL 34 DAY FROM projects WHERE projects.id=3), 1, 172, 172);
INSERT INTO supporting_packages(id, option_list, package_count, order_id, project_package_id, supporting_project_id) VALUES (172, '["개인 컨설팅"]', 3, 172, 3, 172);
INSERT INTO supporting_projects(supporting_project_id, supported_at, delivery_id, payment_id, project_id, user_id) VALUES (173, (SELECT projects.end_date - INTERVAL 37 DAY FROM projects WHERE projects.id=3), 173, 173, 3, 11);
INSERT INTO orders (order_id, created_at, delivery_id, payment_id, supporting_project_id) VALUES (173, (SELECT projects.end_date - INTERVAL 37 DAY FROM projects WHERE projects.id=3), 1, 173, 173);
INSERT INTO supporting_packages(id, option_list, package_count, order_id, project_package_id, supporting_project_id) VALUES (173, '["트렌드 분석 보고서"]', 4, 173, 3, 173);
INSERT INTO supporting_projects(supporting_project_id, supported_at, delivery_id, payment_id, project_id, user_id) VALUES (174, (SELECT projects.end_date - INTERVAL 25 DAY FROM projects WHERE projects.id=3), 174, 174, 3, 33);
INSERT INTO orders (order_id, created_at, delivery_id, payment_id, supporting_project_id) VALUES (174, (SELECT projects.end_date - INTERVAL 25 DAY FROM projects WHERE projects.id=3), 1, 174, 174);
INSERT INTO supporting_packages(id, option_list, package_count, order_id, project_package_id, supporting_project_id) VALUES (174, '["트렌드 분석 보고서"]', 4, 174, 3, 174);
INSERT INTO supporting_projects(supporting_project_id, supported_at, delivery_id, payment_id, project_id, user_id) VALUES (175, (SELECT projects.end_date - INTERVAL 37 DAY FROM projects WHERE projects.id=3), 175, 175, 3, 13);
INSERT INTO orders (order_id, created_at, delivery_id, payment_id, supporting_project_id) VALUES (175, (SELECT projects.end_date - INTERVAL 37 DAY FROM projects WHERE projects.id=3), 1, 175, 175);
INSERT INTO supporting_packages(id, option_list, package_count, order_id, project_package_id, supporting_project_id) VALUES (175, '["개인 컨설팅"]', 6, 175, 3, 175);
INSERT INTO supporting_projects(supporting_project_id, supported_at, delivery_id, payment_id, project_id, user_id) VALUES (176, (SELECT projects.end_date - INTERVAL 49 DAY FROM projects WHERE projects.id=3), 176, 176, 3, 24);
INSERT INTO orders (order_id, created_at, delivery_id, payment_id, supporting_project_id) VALUES (176, (SELECT projects.end_date - INTERVAL 49 DAY FROM projects WHERE projects.id=3), 1, 176, 176);
INSERT INTO supporting_packages(id, option_list, package_count, order_id, project_package_id, supporting_project_id) VALUES (176, '["개인 컨설팅"]', 8, 176, 3, 176);
INSERT INTO supporting_projects(supporting_project_id, supported_at, delivery_id, payment_id, project_id, user_id) VALUES (177, (SELECT projects.end_date - INTERVAL 44 DAY FROM projects WHERE projects.id=3), 177, 177, 3, 7);
INSERT INTO orders (order_id, created_at, delivery_id, payment_id, supporting_project_id) VALUES (177, (SELECT projects.end_date - INTERVAL 44 DAY FROM projects WHERE projects.id=3), 1, 177, 177);
INSERT INTO supporting_packages(id, option_list, package_count, order_id, project_package_id, supporting_project_id) VALUES (177, '["트렌드 분석 보고서"]', 2, 177, 3, 177);
INSERT INTO supporting_projects(supporting_project_id, supported_at, delivery_id, payment_id, project_id, user_id) VALUES (178, (SELECT projects.end_date - INTERVAL 23 DAY FROM projects WHERE projects.id=3), 178, 178, 3, 24);
INSERT INTO orders (order_id, created_at, delivery_id, payment_id, supporting_project_id) VALUES (178, (SELECT projects.end_date - INTERVAL 23 DAY FROM projects WHERE projects.id=3), 1, 178, 178);
INSERT INTO supporting_packages(id, option_list, package_count, order_id, project_package_id, supporting_project_id) VALUES (178, '["트렌드 분석 보고서"]', 9, 178, 3, 178);
INSERT INTO supporting_projects(supporting_project_id, supported_at, delivery_id, payment_id, project_id, user_id) VALUES (179, (SELECT projects.end_date - INTERVAL 36 DAY FROM projects WHERE projects.id=3), 179, 179, 3, 12);
INSERT INTO orders (order_id, created_at, delivery_id, payment_id, supporting_project_id) VALUES (179, (SELECT projects.end_date - INTERVAL 36 DAY FROM projects WHERE projects.id=3), 1, 179, 179);
INSERT INTO supporting_packages(id, option_list, package_count, order_id, project_package_id, supporting_project_id) VALUES (179, '["개인 컨설팅"]', 1, 179, 3, 179);
INSERT INTO supporting_projects(supporting_project_id, supported_at, delivery_id, payment_id, project_id, user_id) VALUES (180, (SELECT projects.end_date - INTERVAL 45 DAY FROM projects WHERE projects.id=3), 180, 180, 3, 35);
INSERT INTO orders (order_id, created_at, delivery_id, payment_id, supporting_project_id) VALUES (180, (SELECT projects.end_date - INTERVAL 45 DAY FROM projects WHERE projects.id=3), 1, 180, 180);
INSERT INTO supporting_packages(id, option_list, package_count, order_id, project_package_id, supporting_project_id) VALUES (180, '["개인 컨설팅"]', 7, 180, 3, 180);
INSERT INTO supporting_projects(supporting_project_id, supported_at, delivery_id, payment_id, project_id, user_id) VALUES (181, (SELECT projects.end_date - INTERVAL 43 DAY FROM projects WHERE projects.id=3), 181, 181, 3, 31);
INSERT INTO orders (order_id, created_at, delivery_id, payment_id, supporting_project_id) VALUES (181, (SELECT projects.end_date - INTERVAL 43 DAY FROM projects WHERE projects.id=3), 1, 181, 181);
INSERT INTO supporting_packages(id, option_list, package_count, order_id, project_package_id, supporting_project_id) VALUES (181, '["개인 컨설팅"]', 6, 181, 3, 181);
INSERT INTO supporting_projects(supporting_project_id, supported_at, delivery_id, payment_id, project_id, user_id) VALUES (182, (SELECT projects.end_date - INTERVAL 7 DAY FROM projects WHERE projects.id=3), 182, 182, 3, 13);
INSERT INTO orders (order_id, created_at, delivery_id, payment_id, supporting_project_id) VALUES (182, (SELECT projects.end_date - INTERVAL 7 DAY FROM projects WHERE projects.id=3), 1, 182, 182);
INSERT INTO supporting_packages(id, option_list, package_count, order_id, project_package_id, supporting_project_id) VALUES (182, '["개인 컨설팅"]', 3, 182, 3, 182);
INSERT INTO supporting_projects(supporting_project_id, supported_at, delivery_id, payment_id, project_id, user_id) VALUES (183, (SELECT projects.end_date - INTERVAL 24 DAY FROM projects WHERE projects.id=3), 183, 183, 3, 30);
INSERT INTO orders (order_id, created_at, delivery_id, payment_id, supporting_project_id) VALUES (183, (SELECT projects.end_date - INTERVAL 24 DAY FROM projects WHERE projects.id=3), 1, 183, 183);
INSERT INTO supporting_packages(id, option_list, package_count, order_id, project_package_id, supporting_project_id) VALUES (183, '["트렌드 분석 보고서"]', 8, 183, 3, 183);
INSERT INTO supporting_projects(supporting_project_id, supported_at, delivery_id, payment_id, project_id, user_id) VALUES (184, (SELECT projects.end_date - INTERVAL 48 DAY FROM projects WHERE projects.id=3), 184, 184, 3, 33);
INSERT INTO orders (order_id, created_at, delivery_id, payment_id, supporting_project_id) VALUES (184, (SELECT projects.end_date - INTERVAL 48 DAY FROM projects WHERE projects.id=3), 1, 184, 184);
INSERT INTO supporting_packages(id, option_list, package_count, order_id, project_package_id, supporting_project_id) VALUES (184, '["트렌드 분석 보고서"]', 3, 184, 3, 184);
INSERT INTO supporting_projects(supporting_project_id, supported_at, delivery_id, payment_id, project_id, user_id) VALUES (185, (SELECT projects.end_date - INTERVAL 7 DAY FROM projects WHERE projects.id=3), 185, 185, 3, 35);
INSERT INTO orders (order_id, created_at, delivery_id, payment_id, supporting_project_id) VALUES (185, (SELECT projects.end_date - INTERVAL 7 DAY FROM projects WHERE projects.id=3), 1, 185, 185);
INSERT INTO supporting_packages(id, option_list, package_count, order_id, project_package_id, supporting_project_id) VALUES (185, '["트렌드 분석 보고서"]', 6, 185, 3, 185);
INSERT INTO supporting_projects(supporting_project_id, supported_at, delivery_id, payment_id, project_id, user_id) VALUES (186, (SELECT projects.end_date - INTERVAL 18 DAY FROM projects WHERE projects.id=3), 186, 186, 3, 38);
INSERT INTO orders (order_id, created_at, delivery_id, payment_id, supporting_project_id) VALUES (186, (SELECT projects.end_date - INTERVAL 18 DAY FROM projects WHERE projects.id=3), 1, 186, 186);
INSERT INTO supporting_packages(id, option_list, package_count, order_id, project_package_id, supporting_project_id) VALUES (186, '["트렌드 분석 보고서"]', 6, 186, 3, 186);
INSERT INTO supporting_projects(supporting_project_id, supported_at, delivery_id, payment_id, project_id, user_id) VALUES (187, (SELECT projects.end_date - INTERVAL 12 DAY FROM projects WHERE projects.id=3), 187, 187, 3, 36);
INSERT INTO orders (order_id, created_at, delivery_id, payment_id, supporting_project_id) VALUES (187, (SELECT projects.end_date - INTERVAL 12 DAY FROM projects WHERE projects.id=3), 1, 187, 187);
INSERT INTO supporting_packages(id, option_list, package_count, order_id, project_package_id, supporting_project_id) VALUES (187, '["개인 컨설팅"]', 4, 187, 3, 187);
INSERT INTO supporting_projects(supporting_project_id, supported_at, delivery_id, payment_id, project_id, user_id) VALUES (188, (SELECT projects.end_date - INTERVAL 24 DAY FROM projects WHERE projects.id=3), 188, 188, 3, 3);
INSERT INTO orders (order_id, created_at, delivery_id, payment_id, supporting_project_id) VALUES (188, (SELECT projects.end_date - INTERVAL 24 DAY FROM projects WHERE projects.id=3), 1, 188, 188);
INSERT INTO supporting_packages(id, option_list, package_count, order_id, project_package_id, supporting_project_id) VALUES (188, '["트렌드 분석 보고서"]', 9, 188, 3, 188);
INSERT INTO supporting_projects(supporting_project_id, supported_at, delivery_id, payment_id, project_id, user_id) VALUES (189, (SELECT projects.end_date - INTERVAL 40 DAY FROM projects WHERE projects.id=3), 189, 189, 3, 36);
INSERT INTO orders (order_id, created_at, delivery_id, payment_id, supporting_project_id) VALUES (189, (SELECT projects.end_date - INTERVAL 40 DAY FROM projects WHERE projects.id=3), 1, 189, 189);
INSERT INTO supporting_packages(id, option_list, package_count, order_id, project_package_id, supporting_project_id) VALUES (189, '["트렌드 분석 보고서"]', 6, 189, 3, 189);
INSERT INTO supporting_projects(supporting_project_id, supported_at, delivery_id, payment_id, project_id, user_id) VALUES (190, (SELECT projects.end_date - INTERVAL 9 DAY FROM projects WHERE projects.id=3), 190, 190, 3, 12);
INSERT INTO orders (order_id, created_at, delivery_id, payment_id, supporting_project_id) VALUES (190, (SELECT projects.end_date - INTERVAL 9 DAY FROM projects WHERE projects.id=3), 1, 190, 190);
INSERT INTO supporting_packages(id, option_list, package_count, order_id, project_package_id, supporting_project_id) VALUES (190, '["개인 컨설팅"]', 8, 190, 3, 190);
INSERT INTO supporting_projects(supporting_project_id, supported_at, delivery_id, payment_id, project_id, user_id) VALUES (191, (SELECT projects.end_date - INTERVAL 34 DAY FROM projects WHERE projects.id=3), 191, 191, 3, 8);
INSERT INTO orders (order_id, created_at, delivery_id, payment_id, supporting_project_id) VALUES (191, (SELECT projects.end_date - INTERVAL 34 DAY FROM projects WHERE projects.id=3), 1, 191, 191);
INSERT INTO supporting_packages(id, option_list, package_count, order_id, project_package_id, supporting_project_id) VALUES (191, '["트렌드 분석 보고서"]', 7, 191, 3, 191);
INSERT INTO supporting_projects(supporting_project_id, supported_at, delivery_id, payment_id, project_id, user_id) VALUES (192, (SELECT projects.end_date - INTERVAL 41 DAY FROM projects WHERE projects.id=3), 192, 192, 3, 29);
INSERT INTO orders (order_id, created_at, delivery_id, payment_id, supporting_project_id) VALUES (192, (SELECT projects.end_date - INTERVAL 41 DAY FROM projects WHERE projects.id=3), 1, 192, 192);
INSERT INTO supporting_packages(id, option_list, package_count, order_id, project_package_id, supporting_project_id) VALUES (192, '["트렌드 분석 보고서"]', 4, 192, 3, 192);
INSERT INTO supporting_projects(supporting_project_id, supported_at, delivery_id, payment_id, project_id, user_id) VALUES (193, (SELECT projects.end_date - INTERVAL 34 DAY FROM projects WHERE projects.id=3), 193, 193, 3, 18);
INSERT INTO orders (order_id, created_at, delivery_id, payment_id, supporting_project_id) VALUES (193, (SELECT projects.end_date - INTERVAL 34 DAY FROM projects WHERE projects.id=3), 1, 193, 193);
INSERT INTO supporting_packages(id, option_list, package_count, order_id, project_package_id, supporting_project_id) VALUES (193, '["개인 컨설팅"]', 6, 193, 3, 193);
INSERT INTO supporting_projects(supporting_project_id, supported_at, delivery_id, payment_id, project_id, user_id) VALUES (194, (SELECT projects.end_date - INTERVAL 18 DAY FROM projects WHERE projects.id=3), 194, 194, 3, 12);
INSERT INTO orders (order_id, created_at, delivery_id, payment_id, supporting_project_id) VALUES (194, (SELECT projects.end_date - INTERVAL 18 DAY FROM projects WHERE projects.id=3), 1, 194, 194);
INSERT INTO supporting_packages(id, option_list, package_count, order_id, project_package_id, supporting_project_id) VALUES (194, '["트렌드 분석 보고서"]', 1, 194, 3, 194);
INSERT INTO supporting_projects(supporting_project_id, supported_at, delivery_id, payment_id, project_id, user_id) VALUES (195, (SELECT projects.end_date - INTERVAL 36 DAY FROM projects WHERE projects.id=3), 195, 195, 3, 3);
INSERT INTO orders (order_id, created_at, delivery_id, payment_id, supporting_project_id) VALUES (195, (SELECT projects.end_date - INTERVAL 36 DAY FROM projects WHERE projects.id=3), 1, 195, 195);
INSERT INTO supporting_packages(id, option_list, package_count, order_id, project_package_id, supporting_project_id) VALUES (195, '["트렌드 분석 보고서"]', 4, 195, 3, 195);
INSERT INTO supporting_projects(supporting_project_id, supported_at, delivery_id, payment_id, project_id, user_id) VALUES (196, (SELECT projects.end_date - INTERVAL 12 DAY FROM projects WHERE projects.id=3), 196, 196, 3, 39);
INSERT INTO orders (order_id, created_at, delivery_id, payment_id, supporting_project_id) VALUES (196, (SELECT projects.end_date - INTERVAL 12 DAY FROM projects WHERE projects.id=3), 1, 196, 196);
INSERT INTO supporting_packages(id, option_list, package_count, order_id, project_package_id, supporting_project_id) VALUES (196, '["개인 컨설팅"]', 6, 196, 3, 196);
INSERT INTO supporting_projects(supporting_project_id, supported_at, delivery_id, payment_id, project_id, user_id) VALUES (197, (SELECT projects.end_date - INTERVAL 31 DAY FROM projects WHERE projects.id=3), 197, 197, 3, 36);
INSERT INTO orders (order_id, created_at, delivery_id, payment_id, supporting_project_id) VALUES (197, (SELECT projects.end_date - INTERVAL 31 DAY FROM projects WHERE projects.id=3), 1, 197, 197);
INSERT INTO supporting_packages(id, option_list, package_count, order_id, project_package_id, supporting_project_id) VALUES (197, '["개인 컨설팅"]', 10, 197, 3, 197);
INSERT INTO supporting_projects(supporting_project_id, supported_at, delivery_id, payment_id, project_id, user_id) VALUES (198, (SELECT projects.end_date - INTERVAL 32 DAY FROM projects WHERE projects.id=3), 198, 198, 3, 35);
INSERT INTO orders (order_id, created_at, delivery_id, payment_id, supporting_project_id) VALUES (198, (SELECT projects.end_date - INTERVAL 32 DAY FROM projects WHERE projects.id=3), 1, 198, 198);
INSERT INTO supporting_packages(id, option_list, package_count, order_id, project_package_id, supporting_project_id) VALUES (198, '["트렌드 분석 보고서"]', 6, 198, 3, 198);
INSERT INTO supporting_projects(supporting_project_id, supported_at, delivery_id, payment_id, project_id, user_id) VALUES (199, (SELECT projects.end_date - INTERVAL 8 DAY FROM projects WHERE projects.id=3), 199, 199, 3, 17);
INSERT INTO orders (order_id, created_at, delivery_id, payment_id, supporting_project_id) VALUES (199, (SELECT projects.end_date - INTERVAL 8 DAY FROM projects WHERE projects.id=3), 1, 199, 199);
INSERT INTO supporting_packages(id, option_list, package_count, order_id, project_package_id, supporting_project_id) VALUES (199, '["개인 컨설팅"]', 3, 199, 3, 199);
INSERT INTO supporting_projects(supporting_project_id, supported_at, delivery_id, payment_id, project_id, user_id) VALUES (200, (SELECT projects.end_date - INTERVAL 20 DAY FROM projects WHERE projects.id=3), 200, 200, 3, 19);
INSERT INTO orders (order_id, created_at, delivery_id, payment_id, supporting_project_id) VALUES (200, (SELECT projects.end_date - INTERVAL 20 DAY FROM projects WHERE projects.id=3), 1, 200, 200);
INSERT INTO supporting_packages(id, option_list, package_count, order_id, project_package_id, supporting_project_id) VALUES (200, '["트렌드 분석 보고서"]', 7, 200, 3, 200);
INSERT INTO supporting_projects(supporting_project_id, supported_at, delivery_id, payment_id, project_id, user_id) VALUES (201, (SELECT projects.end_date - INTERVAL 13 DAY FROM projects WHERE projects.id=3), 201, 201, 3, 3);
INSERT INTO orders (order_id, created_at, delivery_id, payment_id, supporting_project_id) VALUES (201, (SELECT projects.end_date - INTERVAL 13 DAY FROM projects WHERE projects.id=3), 1, 201, 201);
INSERT INTO supporting_packages(id, option_list, package_count, order_id, project_package_id, supporting_project_id) VALUES (201, '["개인 컨설팅"]', 5, 201, 3, 201);
INSERT INTO supporting_projects(supporting_project_id, supported_at, delivery_id, payment_id, project_id, user_id) VALUES (202, (SELECT projects.end_date - INTERVAL 49 DAY FROM projects WHERE projects.id=3), 202, 202, 3, 1);
INSERT INTO orders (order_id, created_at, delivery_id, payment_id, supporting_project_id) VALUES (202, (SELECT projects.end_date - INTERVAL 49 DAY FROM projects WHERE projects.id=3), 1, 202, 202);
INSERT INTO supporting_packages(id, option_list, package_count, order_id, project_package_id, supporting_project_id) VALUES (202, '["개인 컨설팅"]', 5, 202, 3, 202);
INSERT INTO supporting_projects(supporting_project_id, supported_at, delivery_id, payment_id, project_id, user_id) VALUES (203, (SELECT projects.end_date - INTERVAL 46 DAY FROM projects WHERE projects.id=3), 203, 203, 3, 7);
INSERT INTO orders (order_id, created_at, delivery_id, payment_id, supporting_project_id) VALUES (203, (SELECT projects.end_date - INTERVAL 46 DAY FROM projects WHERE projects.id=3), 1, 203, 203);
INSERT INTO supporting_packages(id, option_list, package_count, order_id, project_package_id, supporting_project_id) VALUES (203, '["개인 컨설팅"]', 6, 203, 3, 203);
INSERT INTO supporting_projects(supporting_project_id, supported_at, delivery_id, payment_id, project_id, user_id) VALUES (204, (SELECT projects.end_date - INTERVAL 25 DAY FROM projects WHERE projects.id=3), 204, 204, 3, 16);
INSERT INTO orders (order_id, created_at, delivery_id, payment_id, supporting_project_id) VALUES (204, (SELECT projects.end_date - INTERVAL 25 DAY FROM projects WHERE projects.id=3), 1, 204, 204);
INSERT INTO supporting_packages(id, option_list, package_count, order_id, project_package_id, supporting_project_id) VALUES (204, '["트렌드 분석 보고서"]', 10, 204, 3, 204);
INSERT INTO supporting_projects(supporting_project_id, supported_at, delivery_id, payment_id, project_id, user_id) VALUES (205, (SELECT projects.end_date - INTERVAL 11 DAY FROM projects WHERE projects.id=3), 205, 205, 3, 12);
INSERT INTO orders (order_id, created_at, delivery_id, payment_id, supporting_project_id) VALUES (205, (SELECT projects.end_date - INTERVAL 11 DAY FROM projects WHERE projects.id=3), 1, 205, 205);
INSERT INTO supporting_packages(id, option_list, package_count, order_id, project_package_id, supporting_project_id) VALUES (205, '["트렌드 분석 보고서"]', 2, 205, 3, 205);
INSERT INTO supporting_projects(supporting_project_id, supported_at, delivery_id, payment_id, project_id, user_id) VALUES (206, (SELECT projects.end_date - INTERVAL 20 DAY FROM projects WHERE projects.id=3), 206, 206, 3, 23);
INSERT INTO orders (order_id, created_at, delivery_id, payment_id, supporting_project_id) VALUES (206, (SELECT projects.end_date - INTERVAL 20 DAY FROM projects WHERE projects.id=3), 1, 206, 206);
INSERT INTO supporting_packages(id, option_list, package_count, order_id, project_package_id, supporting_project_id) VALUES (206, '["트렌드 분석 보고서"]', 8, 206, 3, 206);
INSERT INTO supporting_projects(supporting_project_id, supported_at, delivery_id, payment_id, project_id, user_id) VALUES (207, (SELECT projects.end_date - INTERVAL 11 DAY FROM projects WHERE projects.id=3), 207, 207, 3, 7);
INSERT INTO orders (order_id, created_at, delivery_id, payment_id, supporting_project_id) VALUES (207, (SELECT projects.end_date - INTERVAL 11 DAY FROM projects WHERE projects.id=3), 1, 207, 207);
INSERT INTO supporting_packages(id, option_list, package_count, order_id, project_package_id, supporting_project_id) VALUES (207, '["개인 컨설팅"]', 9, 207, 3, 207);
INSERT INTO supporting_projects(supporting_project_id, supported_at, delivery_id, payment_id, project_id, user_id) VALUES (208, (SELECT projects.end_date - INTERVAL 43 DAY FROM projects WHERE projects.id=3), 208, 208, 3, 4);
INSERT INTO orders (order_id, created_at, delivery_id, payment_id, supporting_project_id) VALUES (208, (SELECT projects.end_date - INTERVAL 43 DAY FROM projects WHERE projects.id=3), 1, 208, 208);
INSERT INTO supporting_packages(id, option_list, package_count, order_id, project_package_id, supporting_project_id) VALUES (208, '["개인 컨설팅"]', 6, 208, 3, 208);
INSERT INTO supporting_projects(supporting_project_id, supported_at, delivery_id, payment_id, project_id, user_id) VALUES (209, (SELECT projects.end_date - INTERVAL 19 DAY FROM projects WHERE projects.id=3), 209, 209, 3, 5);
INSERT INTO orders (order_id, created_at, delivery_id, payment_id, supporting_project_id) VALUES (209, (SELECT projects.end_date - INTERVAL 19 DAY FROM projects WHERE projects.id=3), 1, 209, 209);
INSERT INTO supporting_packages(id, option_list, package_count, order_id, project_package_id, supporting_project_id) VALUES (209, '["트렌드 분석 보고서"]', 5, 209, 3, 209);
INSERT INTO supporting_projects(supporting_project_id, supported_at, delivery_id, payment_id, project_id, user_id) VALUES (210, (SELECT projects.end_date - INTERVAL 45 DAY FROM projects WHERE projects.id=3), 210, 210, 3, 23);
INSERT INTO orders (order_id, created_at, delivery_id, payment_id, supporting_project_id) VALUES (210, (SELECT projects.end_date - INTERVAL 45 DAY FROM projects WHERE projects.id=3), 1, 210, 210);
INSERT INTO supporting_packages(id, option_list, package_count, order_id, project_package_id, supporting_project_id) VALUES (210, '["트렌드 분석 보고서"]', 8, 210, 3, 210);
INSERT INTO supporting_projects(supporting_project_id, supported_at, delivery_id, payment_id, project_id, user_id) VALUES (211, (SELECT projects.end_date - INTERVAL 45 DAY FROM projects WHERE projects.id=3), 211, 211, 3, 9);
INSERT INTO orders (order_id, created_at, delivery_id, payment_id, supporting_project_id) VALUES (211, (SELECT projects.end_date - INTERVAL 45 DAY FROM projects WHERE projects.id=3), 1, 211, 211);
INSERT INTO supporting_packages(id, option_list, package_count, order_id, project_package_id, supporting_project_id) VALUES (211, '["개인 컨설팅"]', 1, 211, 3, 211);
INSERT INTO supporting_projects(supporting_project_id, supported_at, delivery_id, payment_id, project_id, user_id) VALUES (212, (SELECT projects.end_date - INTERVAL 14 DAY FROM projects WHERE projects.id=3), 212, 212, 3, 28);
INSERT INTO orders (order_id, created_at, delivery_id, payment_id, supporting_project_id) VALUES (212, (SELECT projects.end_date - INTERVAL 14 DAY FROM projects WHERE projects.id=3), 1, 212, 212);
INSERT INTO supporting_packages(id, option_list, package_count, order_id, project_package_id, supporting_project_id) VALUES (212, '["개인 컨설팅"]', 8, 212, 3, 212);
INSERT INTO supporting_projects(supporting_project_id, supported_at, delivery_id, payment_id, project_id, user_id) VALUES (213, (SELECT projects.end_date - INTERVAL 27 DAY FROM projects WHERE projects.id=3), 213, 213, 3, 32);
INSERT INTO orders (order_id, created_at, delivery_id, payment_id, supporting_project_id) VALUES (213, (SELECT projects.end_date - INTERVAL 27 DAY FROM projects WHERE projects.id=3), 1, 213, 213);
INSERT INTO supporting_packages(id, option_list, package_count, order_id, project_package_id, supporting_project_id) VALUES (213, '["트렌드 분석 보고서"]', 5, 213, 3, 213);
INSERT INTO supporting_projects(supporting_project_id, supported_at, delivery_id, payment_id, project_id, user_id) VALUES (214, (SELECT projects.end_date - INTERVAL 40 DAY FROM projects WHERE projects.id=3), 214, 214, 3, 19);
INSERT INTO orders (order_id, created_at, delivery_id, payment_id, supporting_project_id) VALUES (214, (SELECT projects.end_date - INTERVAL 40 DAY FROM projects WHERE projects.id=3), 1, 214, 214);
INSERT INTO supporting_packages(id, option_list, package_count, order_id, project_package_id, supporting_project_id) VALUES (214, '["트렌드 분석 보고서"]', 5, 214, 3, 214);
INSERT INTO supporting_projects(supporting_project_id, supported_at, delivery_id, payment_id, project_id, user_id) VALUES (215, (SELECT projects.end_date - INTERVAL 11 DAY FROM projects WHERE projects.id=3), 215, 215, 3, 11);
INSERT INTO orders (order_id, created_at, delivery_id, payment_id, supporting_project_id) VALUES (215, (SELECT projects.end_date - INTERVAL 11 DAY FROM projects WHERE projects.id=3), 1, 215, 215);
INSERT INTO supporting_packages(id, option_list, package_count, order_id, project_package_id, supporting_project_id) VALUES (215, '["트렌드 분석 보고서"]', 5, 215, 3, 215);
INSERT INTO supporting_projects(supporting_project_id, supported_at, delivery_id, payment_id, project_id, user_id) VALUES (216, (SELECT projects.end_date - INTERVAL 29 DAY FROM projects WHERE projects.id=3), 216, 216, 3, 14);
INSERT INTO orders (order_id, created_at, delivery_id, payment_id, supporting_project_id) VALUES (216, (SELECT projects.end_date - INTERVAL 29 DAY FROM projects WHERE projects.id=3), 1, 216, 216);
INSERT INTO supporting_packages(id, option_list, package_count, order_id, project_package_id, supporting_project_id) VALUES (216, '["트렌드 분석 보고서"]', 1, 216, 3, 216);
INSERT INTO supporting_projects(supporting_project_id, supported_at, delivery_id, payment_id, project_id, user_id) VALUES (217, (SELECT projects.end_date - INTERVAL 25 DAY FROM projects WHERE projects.id=3), 217, 217, 3, 20);
INSERT INTO orders (order_id, created_at, delivery_id, payment_id, supporting_project_id) VALUES (217, (SELECT projects.end_date - INTERVAL 25 DAY FROM projects WHERE projects.id=3), 1, 217, 217);
INSERT INTO supporting_packages(id, option_list, package_count, order_id, project_package_id, supporting_project_id) VALUES (217, '["개인 컨설팅"]', 7, 217, 3, 217);
INSERT INTO supporting_projects(supporting_project_id, supported_at, delivery_id, payment_id, project_id, user_id) VALUES (218, (SELECT projects.end_date - INTERVAL 15 DAY FROM projects WHERE projects.id=3), 218, 218, 3, 22);
INSERT INTO orders (order_id, created_at, delivery_id, payment_id, supporting_project_id) VALUES (218, (SELECT projects.end_date - INTERVAL 15 DAY FROM projects WHERE projects.id=3), 1, 218, 218);
INSERT INTO supporting_packages(id, option_list, package_count, order_id, project_package_id, supporting_project_id) VALUES (218, '["개인 컨설팅"]', 1, 218, 3, 218);
INSERT INTO supporting_projects(supporting_project_id, supported_at, delivery_id, payment_id, project_id, user_id) VALUES (219, (SELECT projects.end_date - INTERVAL 9 DAY FROM projects WHERE projects.id=3), 219, 219, 3, 23);
INSERT INTO orders (order_id, created_at, delivery_id, payment_id, supporting_project_id) VALUES (219, (SELECT projects.end_date - INTERVAL 9 DAY FROM projects WHERE projects.id=3), 1, 219, 219);
INSERT INTO supporting_packages(id, option_list, package_count, order_id, project_package_id, supporting_project_id) VALUES (219, '["트렌드 분석 보고서"]', 7, 219, 3, 219);
INSERT INTO supporting_projects(supporting_project_id, supported_at, delivery_id, payment_id, project_id, user_id) VALUES (220, (SELECT projects.end_date - INTERVAL 7 DAY FROM projects WHERE projects.id=4), 220, 220, 4, 14);
INSERT INTO orders (order_id, created_at, delivery_id, payment_id, supporting_project_id) VALUES (220, (SELECT projects.end_date - INTERVAL 7 DAY FROM projects WHERE projects.id=4), 1, 220, 220);
INSERT INTO supporting_packages(id, option_list, package_count, order_id, project_package_id, supporting_project_id) VALUES (220, '["브러시 세트"]', 5, 220, 4, 220);
INSERT INTO supporting_projects(supporting_project_id, supported_at, delivery_id, payment_id, project_id, user_id) VALUES (221, (SELECT projects.end_date - INTERVAL 42 DAY FROM projects WHERE projects.id=4), 221, 221, 4, 34);
INSERT INTO orders (order_id, created_at, delivery_id, payment_id, supporting_project_id) VALUES (221, (SELECT projects.end_date - INTERVAL 42 DAY FROM projects WHERE projects.id=4), 1, 221, 221);
INSERT INTO supporting_packages(id, option_list, package_count, order_id, project_package_id, supporting_project_id) VALUES (221, '["스펀지 세트"]', 5, 221, 4, 221);
INSERT INTO supporting_projects(supporting_project_id, supported_at, delivery_id, payment_id, project_id, user_id) VALUES (222, (SELECT projects.end_date - INTERVAL 16 DAY FROM projects WHERE projects.id=4), 222, 222, 4, 17);
INSERT INTO orders (order_id, created_at, delivery_id, payment_id, supporting_project_id) VALUES (222, (SELECT projects.end_date - INTERVAL 16 DAY FROM projects WHERE projects.id=4), 1, 222, 222);
INSERT INTO supporting_packages(id, option_list, package_count, order_id, project_package_id, supporting_project_id) VALUES (222, '["스펀지 세트"]', 1, 222, 4, 222);
INSERT INTO supporting_projects(supporting_project_id, supported_at, delivery_id, payment_id, project_id, user_id) VALUES (223, (SELECT projects.end_date - INTERVAL 50 DAY FROM projects WHERE projects.id=4), 223, 223, 4, 9);
INSERT INTO orders (order_id, created_at, delivery_id, payment_id, supporting_project_id) VALUES (223, (SELECT projects.end_date - INTERVAL 50 DAY FROM projects WHERE projects.id=4), 1, 223, 223);
INSERT INTO supporting_packages(id, option_list, package_count, order_id, project_package_id, supporting_project_id) VALUES (223, '["브러시 세트"]', 10, 223, 4, 223);
INSERT INTO supporting_projects(supporting_project_id, supported_at, delivery_id, payment_id, project_id, user_id) VALUES (224, (SELECT projects.end_date - INTERVAL 36 DAY FROM projects WHERE projects.id=4), 224, 224, 4, 29);
INSERT INTO orders (order_id, created_at, delivery_id, payment_id, supporting_project_id) VALUES (224, (SELECT projects.end_date - INTERVAL 36 DAY FROM projects WHERE projects.id=4), 1, 224, 224);
INSERT INTO supporting_packages(id, option_list, package_count, order_id, project_package_id, supporting_project_id) VALUES (224, '["브러시 세트"]', 4, 224, 4, 224);
INSERT INTO supporting_projects(supporting_project_id, supported_at, delivery_id, payment_id, project_id, user_id) VALUES (225, (SELECT projects.end_date - INTERVAL 22 DAY FROM projects WHERE projects.id=4), 225, 225, 4, 18);
INSERT INTO orders (order_id, created_at, delivery_id, payment_id, supporting_project_id) VALUES (225, (SELECT projects.end_date - INTERVAL 22 DAY FROM projects WHERE projects.id=4), 1, 225, 225);
INSERT INTO supporting_packages(id, option_list, package_count, order_id, project_package_id, supporting_project_id) VALUES (225, '["브러시 세트"]', 10, 225, 4, 225);
INSERT INTO supporting_projects(supporting_project_id, supported_at, delivery_id, payment_id, project_id, user_id) VALUES (226, (SELECT projects.end_date - INTERVAL 40 DAY FROM projects WHERE projects.id=4), 226, 226, 4, 6);
INSERT INTO orders (order_id, created_at, delivery_id, payment_id, supporting_project_id) VALUES (226, (SELECT projects.end_date - INTERVAL 40 DAY FROM projects WHERE projects.id=4), 1, 226, 226);
INSERT INTO supporting_packages(id, option_list, package_count, order_id, project_package_id, supporting_project_id) VALUES (226, '["스펀지 세트"]', 9, 226, 4, 226);
INSERT INTO supporting_projects(supporting_project_id, supported_at, delivery_id, payment_id, project_id, user_id) VALUES (227, (SELECT projects.end_date - INTERVAL 35 DAY FROM projects WHERE projects.id=4), 227, 227, 4, 21);
INSERT INTO orders (order_id, created_at, delivery_id, payment_id, supporting_project_id) VALUES (227, (SELECT projects.end_date - INTERVAL 35 DAY FROM projects WHERE projects.id=4), 1, 227, 227);
INSERT INTO supporting_packages(id, option_list, package_count, order_id, project_package_id, supporting_project_id) VALUES (227, '["브러시 세트"]', 5, 227, 4, 227);
INSERT INTO supporting_projects(supporting_project_id, supported_at, delivery_id, payment_id, project_id, user_id) VALUES (228, (SELECT projects.end_date - INTERVAL 17 DAY FROM projects WHERE projects.id=4), 228, 228, 4, 8);
INSERT INTO orders (order_id, created_at, delivery_id, payment_id, supporting_project_id) VALUES (228, (SELECT projects.end_date - INTERVAL 17 DAY FROM projects WHERE projects.id=4), 1, 228, 228);
INSERT INTO supporting_packages(id, option_list, package_count, order_id, project_package_id, supporting_project_id) VALUES (228, '["스펀지 세트"]', 7, 228, 4, 228);
INSERT INTO supporting_projects(supporting_project_id, supported_at, delivery_id, payment_id, project_id, user_id) VALUES (229, (SELECT projects.end_date - INTERVAL 43 DAY FROM projects WHERE projects.id=4), 229, 229, 4, 32);
INSERT INTO orders (order_id, created_at, delivery_id, payment_id, supporting_project_id) VALUES (229, (SELECT projects.end_date - INTERVAL 43 DAY FROM projects WHERE projects.id=4), 1, 229, 229);
INSERT INTO supporting_packages(id, option_list, package_count, order_id, project_package_id, supporting_project_id) VALUES (229, '["스펀지 세트"]', 7, 229, 4, 229);
INSERT INTO supporting_projects(supporting_project_id, supported_at, delivery_id, payment_id, project_id, user_id) VALUES (230, (SELECT projects.end_date - INTERVAL 14 DAY FROM projects WHERE projects.id=6), 230, 230, 6, 40);
INSERT INTO orders (order_id, created_at, delivery_id, payment_id, supporting_project_id) VALUES (230, (SELECT projects.end_date - INTERVAL 14 DAY FROM projects WHERE projects.id=6), 1, 230, 230);
INSERT INTO supporting_packages(id, option_list, package_count, order_id, project_package_id, supporting_project_id) VALUES (230, '["수분"]', 8, 230, 6, 230);
INSERT INTO supporting_projects(supporting_project_id, supported_at, delivery_id, payment_id, project_id, user_id) VALUES (231, (SELECT projects.end_date - INTERVAL 23 DAY FROM projects WHERE projects.id=6), 231, 231, 6, 10);
INSERT INTO orders (order_id, created_at, delivery_id, payment_id, supporting_project_id) VALUES (231, (SELECT projects.end_date - INTERVAL 23 DAY FROM projects WHERE projects.id=6), 1, 231, 231);
INSERT INTO supporting_packages(id, option_list, package_count, order_id, project_package_id, supporting_project_id) VALUES (231, '["미백"]', 4, 231, 6, 231);
INSERT INTO supporting_projects(supporting_project_id, supported_at, delivery_id, payment_id, project_id, user_id) VALUES (232, (SELECT projects.end_date - INTERVAL 14 DAY FROM projects WHERE projects.id=6), 232, 232, 6, 7);
INSERT INTO orders (order_id, created_at, delivery_id, payment_id, supporting_project_id) VALUES (232, (SELECT projects.end_date - INTERVAL 14 DAY FROM projects WHERE projects.id=6), 1, 232, 232);
INSERT INTO supporting_packages(id, option_list, package_count, order_id, project_package_id, supporting_project_id) VALUES (232, '["주름개선"]', 3, 232, 6, 232);
INSERT INTO supporting_projects(supporting_project_id, supported_at, delivery_id, payment_id, project_id, user_id) VALUES (233, (SELECT projects.end_date - INTERVAL 37 DAY FROM projects WHERE projects.id=6), 233, 233, 6, 7);
INSERT INTO orders (order_id, created_at, delivery_id, payment_id, supporting_project_id) VALUES (233, (SELECT projects.end_date - INTERVAL 37 DAY FROM projects WHERE projects.id=6), 1, 233, 233);
INSERT INTO supporting_packages(id, option_list, package_count, order_id, project_package_id, supporting_project_id) VALUES (233, '["수분"]', 6, 233, 6, 233);
INSERT INTO supporting_projects(supporting_project_id, supported_at, delivery_id, payment_id, project_id, user_id) VALUES (234, (SELECT projects.end_date - INTERVAL 35 DAY FROM projects WHERE projects.id=6), 234, 234, 6, 28);
INSERT INTO orders (order_id, created_at, delivery_id, payment_id, supporting_project_id) VALUES (234, (SELECT projects.end_date - INTERVAL 35 DAY FROM projects WHERE projects.id=6), 1, 234, 234);
INSERT INTO supporting_packages(id, option_list, package_count, order_id, project_package_id, supporting_project_id) VALUES (234, '["주름개선"]', 4, 234, 6, 234);
INSERT INTO supporting_projects(supporting_project_id, supported_at, delivery_id, payment_id, project_id, user_id) VALUES (235, (SELECT projects.end_date - INTERVAL 31 DAY FROM projects WHERE projects.id=6), 235, 235, 6, 3);
INSERT INTO orders (order_id, created_at, delivery_id, payment_id, supporting_project_id) VALUES (235, (SELECT projects.end_date - INTERVAL 31 DAY FROM projects WHERE projects.id=6), 1, 235, 235);
INSERT INTO supporting_packages(id, option_list, package_count, order_id, project_package_id, supporting_project_id) VALUES (235, '["미백"]', 8, 235, 6, 235);
INSERT INTO supporting_projects(supporting_project_id, supported_at, delivery_id, payment_id, project_id, user_id) VALUES (236, (SELECT projects.end_date - INTERVAL 36 DAY FROM projects WHERE projects.id=6), 236, 236, 6, 15);
INSERT INTO orders (order_id, created_at, delivery_id, payment_id, supporting_project_id) VALUES (236, (SELECT projects.end_date - INTERVAL 36 DAY FROM projects WHERE projects.id=6), 1, 236, 236);
INSERT INTO supporting_packages(id, option_list, package_count, order_id, project_package_id, supporting_project_id) VALUES (236, '["수분"]', 3, 236, 6, 236);
INSERT INTO supporting_projects(supporting_project_id, supported_at, delivery_id, payment_id, project_id, user_id) VALUES (237, (SELECT projects.end_date - INTERVAL 27 DAY FROM projects WHERE projects.id=6), 237, 237, 6, 20);
INSERT INTO orders (order_id, created_at, delivery_id, payment_id, supporting_project_id) VALUES (237, (SELECT projects.end_date - INTERVAL 27 DAY FROM projects WHERE projects.id=6), 1, 237, 237);
INSERT INTO supporting_packages(id, option_list, package_count, order_id, project_package_id, supporting_project_id) VALUES (237, '["미백"]', 10, 237, 6, 237);
INSERT INTO supporting_projects(supporting_project_id, supported_at, delivery_id, payment_id, project_id, user_id) VALUES (238, (SELECT projects.end_date - INTERVAL 45 DAY FROM projects WHERE projects.id=6), 238, 238, 6, 1);
INSERT INTO orders (order_id, created_at, delivery_id, payment_id, supporting_project_id) VALUES (238, (SELECT projects.end_date - INTERVAL 45 DAY FROM projects WHERE projects.id=6), 1, 238, 238);
INSERT INTO supporting_packages(id, option_list, package_count, order_id, project_package_id, supporting_project_id) VALUES (238, '["수분"]', 5, 238, 6, 238);
INSERT INTO supporting_projects(supporting_project_id, supported_at, delivery_id, payment_id, project_id, user_id) VALUES (239, (SELECT projects.end_date - INTERVAL 38 DAY FROM projects WHERE projects.id=6), 239, 239, 6, 11);
INSERT INTO orders (order_id, created_at, delivery_id, payment_id, supporting_project_id) VALUES (239, (SELECT projects.end_date - INTERVAL 38 DAY FROM projects WHERE projects.id=6), 1, 239, 239);
INSERT INTO supporting_packages(id, option_list, package_count, order_id, project_package_id, supporting_project_id) VALUES (239, '["수분"]', 7, 239, 6, 239);
INSERT INTO supporting_projects(supporting_project_id, supported_at, delivery_id, payment_id, project_id, user_id) VALUES (240, (SELECT projects.end_date - INTERVAL 20 DAY FROM projects WHERE projects.id=6), 240, 240, 6, 40);
INSERT INTO orders (order_id, created_at, delivery_id, payment_id, supporting_project_id) VALUES (240, (SELECT projects.end_date - INTERVAL 20 DAY FROM projects WHERE projects.id=6), 1, 240, 240);
INSERT INTO supporting_packages(id, option_list, package_count, order_id, project_package_id, supporting_project_id) VALUES (240, '["미백"]', 8, 240, 6, 240);
INSERT INTO supporting_projects(supporting_project_id, supported_at, delivery_id, payment_id, project_id, user_id) VALUES (241, (SELECT projects.end_date - INTERVAL 15 DAY FROM projects WHERE projects.id=6), 241, 241, 6, 13);
INSERT INTO orders (order_id, created_at, delivery_id, payment_id, supporting_project_id) VALUES (241, (SELECT projects.end_date - INTERVAL 15 DAY FROM projects WHERE projects.id=6), 1, 241, 241);
INSERT INTO supporting_packages(id, option_list, package_count, order_id, project_package_id, supporting_project_id) VALUES (241, '["주름개선"]', 6, 241, 6, 241);
INSERT INTO supporting_projects(supporting_project_id, supported_at, delivery_id, payment_id, project_id, user_id) VALUES (242, (SELECT projects.end_date - INTERVAL 25 DAY FROM projects WHERE projects.id=6), 242, 242, 6, 31);
INSERT INTO orders (order_id, created_at, delivery_id, payment_id, supporting_project_id) VALUES (242, (SELECT projects.end_date - INTERVAL 25 DAY FROM projects WHERE projects.id=6), 1, 242, 242);
INSERT INTO supporting_packages(id, option_list, package_count, order_id, project_package_id, supporting_project_id) VALUES (242, '["미백"]', 5, 242, 6, 242);
INSERT INTO supporting_projects(supporting_project_id, supported_at, delivery_id, payment_id, project_id, user_id) VALUES (243, (SELECT projects.end_date - INTERVAL 18 DAY FROM projects WHERE projects.id=6), 243, 243, 6, 40);
INSERT INTO orders (order_id, created_at, delivery_id, payment_id, supporting_project_id) VALUES (243, (SELECT projects.end_date - INTERVAL 18 DAY FROM projects WHERE projects.id=6), 1, 243, 243);
INSERT INTO supporting_packages(id, option_list, package_count, order_id, project_package_id, supporting_project_id) VALUES (243, '["미백"]', 10, 243, 6, 243);
INSERT INTO supporting_projects(supporting_project_id, supported_at, delivery_id, payment_id, project_id, user_id) VALUES (244, (SELECT projects.end_date - INTERVAL 12 DAY FROM projects WHERE projects.id=6), 244, 244, 6, 39);
INSERT INTO orders (order_id, created_at, delivery_id, payment_id, supporting_project_id) VALUES (244, (SELECT projects.end_date - INTERVAL 12 DAY FROM projects WHERE projects.id=6), 1, 244, 244);
INSERT INTO supporting_packages(id, option_list, package_count, order_id, project_package_id, supporting_project_id) VALUES (244, '["수분"]', 1, 244, 6, 244);
INSERT INTO supporting_projects(supporting_project_id, supported_at, delivery_id, payment_id, project_id, user_id) VALUES (245, (SELECT projects.end_date - INTERVAL 45 DAY FROM projects WHERE projects.id=6), 245, 245, 6, 40);
INSERT INTO orders (order_id, created_at, delivery_id, payment_id, supporting_project_id) VALUES (245, (SELECT projects.end_date - INTERVAL 45 DAY FROM projects WHERE projects.id=6), 1, 245, 245);
INSERT INTO supporting_packages(id, option_list, package_count, order_id, project_package_id, supporting_project_id) VALUES (245, '["수분"]', 2, 245, 6, 245);
INSERT INTO supporting_projects(supporting_project_id, supported_at, delivery_id, payment_id, project_id, user_id) VALUES (246, (SELECT projects.end_date - INTERVAL 16 DAY FROM projects WHERE projects.id=6), 246, 246, 6, 40);
INSERT INTO orders (order_id, created_at, delivery_id, payment_id, supporting_project_id) VALUES (246, (SELECT projects.end_date - INTERVAL 16 DAY FROM projects WHERE projects.id=6), 1, 246, 246);
INSERT INTO supporting_packages(id, option_list, package_count, order_id, project_package_id, supporting_project_id) VALUES (246, '["수분"]', 10, 246, 6, 246);
INSERT INTO supporting_projects(supporting_project_id, supported_at, delivery_id, payment_id, project_id, user_id) VALUES (247, (SELECT projects.end_date - INTERVAL 33 DAY FROM projects WHERE projects.id=6), 247, 247, 6, 16);
INSERT INTO orders (order_id, created_at, delivery_id, payment_id, supporting_project_id) VALUES (247, (SELECT projects.end_date - INTERVAL 33 DAY FROM projects WHERE projects.id=6), 1, 247, 247);
INSERT INTO supporting_packages(id, option_list, package_count, order_id, project_package_id, supporting_project_id) VALUES (247, '["미백"]', 3, 247, 6, 247);
INSERT INTO supporting_projects(supporting_project_id, supported_at, delivery_id, payment_id, project_id, user_id) VALUES (248, (SELECT projects.end_date - INTERVAL 11 DAY FROM projects WHERE projects.id=6), 248, 248, 6, 18);
INSERT INTO orders (order_id, created_at, delivery_id, payment_id, supporting_project_id) VALUES (248, (SELECT projects.end_date - INTERVAL 11 DAY FROM projects WHERE projects.id=6), 1, 248, 248);
INSERT INTO supporting_packages(id, option_list, package_count, order_id, project_package_id, supporting_project_id) VALUES (248, '["미백"]', 1, 248, 6, 248);
INSERT INTO supporting_projects(supporting_project_id, supported_at, delivery_id, payment_id, project_id, user_id) VALUES (249, (SELECT projects.end_date - INTERVAL 37 DAY FROM projects WHERE projects.id=6), 249, 249, 6, 23);
INSERT INTO orders (order_id, created_at, delivery_id, payment_id, supporting_project_id) VALUES (249, (SELECT projects.end_date - INTERVAL 37 DAY FROM projects WHERE projects.id=6), 1, 249, 249);
INSERT INTO supporting_packages(id, option_list, package_count, order_id, project_package_id, supporting_project_id) VALUES (249, '["미백"]', 2, 249, 6, 249);
INSERT INTO supporting_projects(supporting_project_id, supported_at, delivery_id, payment_id, project_id, user_id) VALUES (250, (SELECT projects.end_date - INTERVAL 26 DAY FROM projects WHERE projects.id=6), 250, 250, 6, 12);
INSERT INTO orders (order_id, created_at, delivery_id, payment_id, supporting_project_id) VALUES (250, (SELECT projects.end_date - INTERVAL 26 DAY FROM projects WHERE projects.id=6), 1, 250, 250);
INSERT INTO supporting_packages(id, option_list, package_count, order_id, project_package_id, supporting_project_id) VALUES (250, '["주름개선"]', 10, 250, 6, 250);
INSERT INTO supporting_projects(supporting_project_id, supported_at, delivery_id, payment_id, project_id, user_id) VALUES (251, (SELECT projects.end_date - INTERVAL 48 DAY FROM projects WHERE projects.id=6), 251, 251, 6, 24);
INSERT INTO orders (order_id, created_at, delivery_id, payment_id, supporting_project_id) VALUES (251, (SELECT projects.end_date - INTERVAL 48 DAY FROM projects WHERE projects.id=6), 1, 251, 251);
INSERT INTO supporting_packages(id, option_list, package_count, order_id, project_package_id, supporting_project_id) VALUES (251, '["수분"]', 7, 251, 6, 251);
INSERT INTO supporting_projects(supporting_project_id, supported_at, delivery_id, payment_id, project_id, user_id) VALUES (252, (SELECT projects.end_date - INTERVAL 19 DAY FROM projects WHERE projects.id=6), 252, 252, 6, 22);
INSERT INTO orders (order_id, created_at, delivery_id, payment_id, supporting_project_id) VALUES (252, (SELECT projects.end_date - INTERVAL 19 DAY FROM projects WHERE projects.id=6), 1, 252, 252);
INSERT INTO supporting_packages(id, option_list, package_count, order_id, project_package_id, supporting_project_id) VALUES (252, '["미백"]', 8, 252, 6, 252);
INSERT INTO supporting_projects(supporting_project_id, supported_at, delivery_id, payment_id, project_id, user_id) VALUES (253, (SELECT projects.end_date - INTERVAL 17 DAY FROM projects WHERE projects.id=6), 253, 253, 6, 35);
INSERT INTO orders (order_id, created_at, delivery_id, payment_id, supporting_project_id) VALUES (253, (SELECT projects.end_date - INTERVAL 17 DAY FROM projects WHERE projects.id=6), 1, 253, 253);
INSERT INTO supporting_packages(id, option_list, package_count, order_id, project_package_id, supporting_project_id) VALUES (253, '["주름개선"]', 4, 253, 6, 253);
INSERT INTO supporting_projects(supporting_project_id, supported_at, delivery_id, payment_id, project_id, user_id) VALUES (254, (SELECT projects.end_date - INTERVAL 16 DAY FROM projects WHERE projects.id=6), 254, 254, 6, 36);
INSERT INTO orders (order_id, created_at, delivery_id, payment_id, supporting_project_id) VALUES (254, (SELECT projects.end_date - INTERVAL 16 DAY FROM projects WHERE projects.id=6), 1, 254, 254);
INSERT INTO supporting_packages(id, option_list, package_count, order_id, project_package_id, supporting_project_id) VALUES (254, '["주름개선"]', 5, 254, 6, 254);
INSERT INTO supporting_projects(supporting_project_id, supported_at, delivery_id, payment_id, project_id, user_id) VALUES (255, (SELECT projects.end_date - INTERVAL 33 DAY FROM projects WHERE projects.id=6), 255, 255, 6, 19);
INSERT INTO orders (order_id, created_at, delivery_id, payment_id, supporting_project_id) VALUES (255, (SELECT projects.end_date - INTERVAL 33 DAY FROM projects WHERE projects.id=6), 1, 255, 255);
INSERT INTO supporting_packages(id, option_list, package_count, order_id, project_package_id, supporting_project_id) VALUES (255, '["주름개선"]', 3, 255, 6, 255);
INSERT INTO supporting_projects(supporting_project_id, supported_at, delivery_id, payment_id, project_id, user_id) VALUES (256, (SELECT projects.end_date - INTERVAL 30 DAY FROM projects WHERE projects.id=6), 256, 256, 6, 14);
INSERT INTO orders (order_id, created_at, delivery_id, payment_id, supporting_project_id) VALUES (256, (SELECT projects.end_date - INTERVAL 30 DAY FROM projects WHERE projects.id=6), 1, 256, 256);
INSERT INTO supporting_packages(id, option_list, package_count, order_id, project_package_id, supporting_project_id) VALUES (256, '["미백"]', 10, 256, 6, 256);
INSERT INTO supporting_projects(supporting_project_id, supported_at, delivery_id, payment_id, project_id, user_id) VALUES (257, (SELECT projects.end_date - INTERVAL 17 DAY FROM projects WHERE projects.id=6), 257, 257, 6, 13);
INSERT INTO orders (order_id, created_at, delivery_id, payment_id, supporting_project_id) VALUES (257, (SELECT projects.end_date - INTERVAL 17 DAY FROM projects WHERE projects.id=6), 1, 257, 257);
INSERT INTO supporting_packages(id, option_list, package_count, order_id, project_package_id, supporting_project_id) VALUES (257, '["주름개선"]', 7, 257, 6, 257);
INSERT INTO supporting_projects(supporting_project_id, supported_at, delivery_id, payment_id, project_id, user_id) VALUES (258, (SELECT projects.end_date - INTERVAL 30 DAY FROM projects WHERE projects.id=6), 258, 258, 6, 21);
INSERT INTO orders (order_id, created_at, delivery_id, payment_id, supporting_project_id) VALUES (258, (SELECT projects.end_date - INTERVAL 30 DAY FROM projects WHERE projects.id=6), 1, 258, 258);
INSERT INTO supporting_packages(id, option_list, package_count, order_id, project_package_id, supporting_project_id) VALUES (258, '["미백"]', 2, 258, 6, 258);
INSERT INTO supporting_projects(supporting_project_id, supported_at, delivery_id, payment_id, project_id, user_id) VALUES (259, (SELECT projects.end_date - INTERVAL 41 DAY FROM projects WHERE projects.id=6), 259, 259, 6, 27);
INSERT INTO orders (order_id, created_at, delivery_id, payment_id, supporting_project_id) VALUES (259, (SELECT projects.end_date - INTERVAL 41 DAY FROM projects WHERE projects.id=6), 1, 259, 259);
INSERT INTO supporting_packages(id, option_list, package_count, order_id, project_package_id, supporting_project_id) VALUES (259, '["수분"]', 5, 259, 6, 259);
INSERT INTO supporting_projects(supporting_project_id, supported_at, delivery_id, payment_id, project_id, user_id) VALUES (260, (SELECT projects.end_date - INTERVAL 34 DAY FROM projects WHERE projects.id=6), 260, 260, 6, 11);
INSERT INTO orders (order_id, created_at, delivery_id, payment_id, supporting_project_id) VALUES (260, (SELECT projects.end_date - INTERVAL 34 DAY FROM projects WHERE projects.id=6), 1, 260, 260);
INSERT INTO supporting_packages(id, option_list, package_count, order_id, project_package_id, supporting_project_id) VALUES (260, '["미백"]', 2, 260, 6, 260);
INSERT INTO supporting_projects(supporting_project_id, supported_at, delivery_id, payment_id, project_id, user_id) VALUES (261, (SELECT projects.end_date - INTERVAL 13 DAY FROM projects WHERE projects.id=6), 261, 261, 6, 18);
INSERT INTO orders (order_id, created_at, delivery_id, payment_id, supporting_project_id) VALUES (261, (SELECT projects.end_date - INTERVAL 13 DAY FROM projects WHERE projects.id=6), 1, 261, 261);
INSERT INTO supporting_packages(id, option_list, package_count, order_id, project_package_id, supporting_project_id) VALUES (261, '["수분"]', 10, 261, 6, 261);
INSERT INTO supporting_projects(supporting_project_id, supported_at, delivery_id, payment_id, project_id, user_id) VALUES (262, (SELECT projects.end_date - INTERVAL 29 DAY FROM projects WHERE projects.id=6), 262, 262, 6, 4);
INSERT INTO orders (order_id, created_at, delivery_id, payment_id, supporting_project_id) VALUES (262, (SELECT projects.end_date - INTERVAL 29 DAY FROM projects WHERE projects.id=6), 1, 262, 262);
INSERT INTO supporting_packages(id, option_list, package_count, order_id, project_package_id, supporting_project_id) VALUES (262, '["주름개선"]', 7, 262, 6, 262);
INSERT INTO supporting_projects(supporting_project_id, supported_at, delivery_id, payment_id, project_id, user_id) VALUES (263, (SELECT projects.end_date - INTERVAL 47 DAY FROM projects WHERE projects.id=6), 263, 263, 6, 5);
INSERT INTO orders (order_id, created_at, delivery_id, payment_id, supporting_project_id) VALUES (263, (SELECT projects.end_date - INTERVAL 47 DAY FROM projects WHERE projects.id=6), 1, 263, 263);
INSERT INTO supporting_packages(id, option_list, package_count, order_id, project_package_id, supporting_project_id) VALUES (263, '["수분"]', 5, 263, 6, 263);
INSERT INTO supporting_projects(supporting_project_id, supported_at, delivery_id, payment_id, project_id, user_id) VALUES (264, (SELECT projects.end_date - INTERVAL 18 DAY FROM projects WHERE projects.id=6), 264, 264, 6, 9);
INSERT INTO orders (order_id, created_at, delivery_id, payment_id, supporting_project_id) VALUES (264, (SELECT projects.end_date - INTERVAL 18 DAY FROM projects WHERE projects.id=6), 1, 264, 264);
INSERT INTO supporting_packages(id, option_list, package_count, order_id, project_package_id, supporting_project_id) VALUES (264, '["미백"]', 5, 264, 6, 264);
INSERT INTO supporting_projects(supporting_project_id, supported_at, delivery_id, payment_id, project_id, user_id) VALUES (265, (SELECT projects.end_date - INTERVAL 16 DAY FROM projects WHERE projects.id=6), 265, 265, 6, 14);
INSERT INTO orders (order_id, created_at, delivery_id, payment_id, supporting_project_id) VALUES (265, (SELECT projects.end_date - INTERVAL 16 DAY FROM projects WHERE projects.id=6), 1, 265, 265);
INSERT INTO supporting_packages(id, option_list, package_count, order_id, project_package_id, supporting_project_id) VALUES (265, '["주름개선"]', 5, 265, 6, 265);
INSERT INTO supporting_projects(supporting_project_id, supported_at, delivery_id, payment_id, project_id, user_id) VALUES (266, (SELECT projects.end_date - INTERVAL 15 DAY FROM projects WHERE projects.id=6), 266, 266, 6, 31);
INSERT INTO orders (order_id, created_at, delivery_id, payment_id, supporting_project_id) VALUES (266, (SELECT projects.end_date - INTERVAL 15 DAY FROM projects WHERE projects.id=6), 1, 266, 266);
INSERT INTO supporting_packages(id, option_list, package_count, order_id, project_package_id, supporting_project_id) VALUES (266, '["수분"]', 5, 266, 6, 266);
INSERT INTO supporting_projects(supporting_project_id, supported_at, delivery_id, payment_id, project_id, user_id) VALUES (267, (SELECT projects.end_date - INTERVAL 37 DAY FROM projects WHERE projects.id=6), 267, 267, 6, 28);
INSERT INTO orders (order_id, created_at, delivery_id, payment_id, supporting_project_id) VALUES (267, (SELECT projects.end_date - INTERVAL 37 DAY FROM projects WHERE projects.id=6), 1, 267, 267);
INSERT INTO supporting_packages(id, option_list, package_count, order_id, project_package_id, supporting_project_id) VALUES (267, '["수분"]', 2, 267, 6, 267);
INSERT INTO supporting_projects(supporting_project_id, supported_at, delivery_id, payment_id, project_id, user_id) VALUES (268, (SELECT projects.end_date - INTERVAL 27 DAY FROM projects WHERE projects.id=6), 268, 268, 6, 20);
INSERT INTO orders (order_id, created_at, delivery_id, payment_id, supporting_project_id) VALUES (268, (SELECT projects.end_date - INTERVAL 27 DAY FROM projects WHERE projects.id=6), 1, 268, 268);
INSERT INTO supporting_packages(id, option_list, package_count, order_id, project_package_id, supporting_project_id) VALUES (268, '["주름개선"]', 9, 268, 6, 268);
INSERT INTO supporting_projects(supporting_project_id, supported_at, delivery_id, payment_id, project_id, user_id) VALUES (269, (SELECT projects.end_date - INTERVAL 42 DAY FROM projects WHERE projects.id=6), 269, 269, 6, 37);
INSERT INTO orders (order_id, created_at, delivery_id, payment_id, supporting_project_id) VALUES (269, (SELECT projects.end_date - INTERVAL 42 DAY FROM projects WHERE projects.id=6), 1, 269, 269);
INSERT INTO supporting_packages(id, option_list, package_count, order_id, project_package_id, supporting_project_id) VALUES (269, '["주름개선"]', 4, 269, 6, 269);
INSERT INTO supporting_projects(supporting_project_id, supported_at, delivery_id, payment_id, project_id, user_id) VALUES (270, (SELECT projects.end_date - INTERVAL 42 DAY FROM projects WHERE projects.id=6), 270, 270, 6, 29);
INSERT INTO orders (order_id, created_at, delivery_id, payment_id, supporting_project_id) VALUES (270, (SELECT projects.end_date - INTERVAL 42 DAY FROM projects WHERE projects.id=6), 1, 270, 270);
INSERT INTO supporting_packages(id, option_list, package_count, order_id, project_package_id, supporting_project_id) VALUES (270, '["미백"]', 3, 270, 6, 270);
INSERT INTO supporting_projects(supporting_project_id, supported_at, delivery_id, payment_id, project_id, user_id) VALUES (271, (SELECT projects.end_date - INTERVAL 21 DAY FROM projects WHERE projects.id=6), 271, 271, 6, 35);
INSERT INTO orders (order_id, created_at, delivery_id, payment_id, supporting_project_id) VALUES (271, (SELECT projects.end_date - INTERVAL 21 DAY FROM projects WHERE projects.id=6), 1, 271, 271);
INSERT INTO supporting_packages(id, option_list, package_count, order_id, project_package_id, supporting_project_id) VALUES (271, '["수분"]', 3, 271, 6, 271);
INSERT INTO supporting_projects(supporting_project_id, supported_at, delivery_id, payment_id, project_id, user_id) VALUES (272, (SELECT projects.end_date - INTERVAL 20 DAY FROM projects WHERE projects.id=6), 272, 272, 6, 6);
INSERT INTO orders (order_id, created_at, delivery_id, payment_id, supporting_project_id) VALUES (272, (SELECT projects.end_date - INTERVAL 20 DAY FROM projects WHERE projects.id=6), 1, 272, 272);
INSERT INTO supporting_packages(id, option_list, package_count, order_id, project_package_id, supporting_project_id) VALUES (272, '["주름개선"]', 1, 272, 6, 272);
INSERT INTO supporting_projects(supporting_project_id, supported_at, delivery_id, payment_id, project_id, user_id) VALUES (273, (SELECT projects.end_date - INTERVAL 34 DAY FROM projects WHERE projects.id=6), 273, 273, 6, 32);
INSERT INTO orders (order_id, created_at, delivery_id, payment_id, supporting_project_id) VALUES (273, (SELECT projects.end_date - INTERVAL 34 DAY FROM projects WHERE projects.id=6), 1, 273, 273);
INSERT INTO supporting_packages(id, option_list, package_count, order_id, project_package_id, supporting_project_id) VALUES (273, '["수분"]', 4, 273, 6, 273);
INSERT INTO supporting_projects(supporting_project_id, supported_at, delivery_id, payment_id, project_id, user_id) VALUES (274, (SELECT projects.end_date - INTERVAL 15 DAY FROM projects WHERE projects.id=6), 274, 274, 6, 11);
INSERT INTO orders (order_id, created_at, delivery_id, payment_id, supporting_project_id) VALUES (274, (SELECT projects.end_date - INTERVAL 15 DAY FROM projects WHERE projects.id=6), 1, 274, 274);
INSERT INTO supporting_packages(id, option_list, package_count, order_id, project_package_id, supporting_project_id) VALUES (274, '["주름개선"]', 5, 274, 6, 274);
INSERT INTO supporting_projects(supporting_project_id, supported_at, delivery_id, payment_id, project_id, user_id) VALUES (275, (SELECT projects.end_date - INTERVAL 44 DAY FROM projects WHERE projects.id=6), 275, 275, 6, 30);
INSERT INTO orders (order_id, created_at, delivery_id, payment_id, supporting_project_id) VALUES (275, (SELECT projects.end_date - INTERVAL 44 DAY FROM projects WHERE projects.id=6), 1, 275, 275);
INSERT INTO supporting_packages(id, option_list, package_count, order_id, project_package_id, supporting_project_id) VALUES (275, '["주름개선"]', 3, 275, 6, 275);
INSERT INTO supporting_projects(supporting_project_id, supported_at, delivery_id, payment_id, project_id, user_id) VALUES (276, (SELECT projects.end_date - INTERVAL 7 DAY FROM projects WHERE projects.id=6), 276, 276, 6, 2);
INSERT INTO orders (order_id, created_at, delivery_id, payment_id, supporting_project_id) VALUES (276, (SELECT projects.end_date - INTERVAL 7 DAY FROM projects WHERE projects.id=6), 1, 276, 276);
INSERT INTO supporting_packages(id, option_list, package_count, order_id, project_package_id, supporting_project_id) VALUES (276, '["수분"]', 2, 276, 6, 276);
INSERT INTO supporting_projects(supporting_project_id, supported_at, delivery_id, payment_id, project_id, user_id) VALUES (277, (SELECT projects.end_date - INTERVAL 43 DAY FROM projects WHERE projects.id=6), 277, 277, 6, 12);
INSERT INTO orders (order_id, created_at, delivery_id, payment_id, supporting_project_id) VALUES (277, (SELECT projects.end_date - INTERVAL 43 DAY FROM projects WHERE projects.id=6), 1, 277, 277);
INSERT INTO supporting_packages(id, option_list, package_count, order_id, project_package_id, supporting_project_id) VALUES (277, '["미백"]', 3, 277, 6, 277);
INSERT INTO supporting_projects(supporting_project_id, supported_at, delivery_id, payment_id, project_id, user_id) VALUES (278, (SELECT projects.end_date - INTERVAL 10 DAY FROM projects WHERE projects.id=6), 278, 278, 6, 35);
INSERT INTO orders (order_id, created_at, delivery_id, payment_id, supporting_project_id) VALUES (278, (SELECT projects.end_date - INTERVAL 10 DAY FROM projects WHERE projects.id=6), 1, 278, 278);
INSERT INTO supporting_packages(id, option_list, package_count, order_id, project_package_id, supporting_project_id) VALUES (278, '["수분"]', 10, 278, 6, 278);
INSERT INTO supporting_projects(supporting_project_id, supported_at, delivery_id, payment_id, project_id, user_id) VALUES (279, (SELECT projects.end_date - INTERVAL 14 DAY FROM projects WHERE projects.id=6), 279, 279, 6, 3);
INSERT INTO orders (order_id, created_at, delivery_id, payment_id, supporting_project_id) VALUES (279, (SELECT projects.end_date - INTERVAL 14 DAY FROM projects WHERE projects.id=6), 1, 279, 279);
INSERT INTO supporting_packages(id, option_list, package_count, order_id, project_package_id, supporting_project_id) VALUES (279, '["수분"]', 2, 279, 6, 279);
INSERT INTO supporting_projects(supporting_project_id, supported_at, delivery_id, payment_id, project_id, user_id) VALUES (280, (SELECT projects.end_date - INTERVAL 24 DAY FROM projects WHERE projects.id=6), 280, 280, 6, 4);
INSERT INTO orders (order_id, created_at, delivery_id, payment_id, supporting_project_id) VALUES (280, (SELECT projects.end_date - INTERVAL 24 DAY FROM projects WHERE projects.id=6), 1, 280, 280);
INSERT INTO supporting_packages(id, option_list, package_count, order_id, project_package_id, supporting_project_id) VALUES (280, '["미백"]', 6, 280, 6, 280);
INSERT INTO supporting_projects(supporting_project_id, supported_at, delivery_id, payment_id, project_id, user_id) VALUES (281, (SELECT projects.end_date - INTERVAL 37 DAY FROM projects WHERE projects.id=6), 281, 281, 6, 20);
INSERT INTO orders (order_id, created_at, delivery_id, payment_id, supporting_project_id) VALUES (281, (SELECT projects.end_date - INTERVAL 37 DAY FROM projects WHERE projects.id=6), 1, 281, 281);
INSERT INTO supporting_packages(id, option_list, package_count, order_id, project_package_id, supporting_project_id) VALUES (281, '["미백"]', 5, 281, 6, 281);
INSERT INTO supporting_projects(supporting_project_id, supported_at, delivery_id, payment_id, project_id, user_id) VALUES (282, (SELECT projects.end_date - INTERVAL 24 DAY FROM projects WHERE projects.id=6), 282, 282, 6, 16);
INSERT INTO orders (order_id, created_at, delivery_id, payment_id, supporting_project_id) VALUES (282, (SELECT projects.end_date - INTERVAL 24 DAY FROM projects WHERE projects.id=6), 1, 282, 282);
INSERT INTO supporting_packages(id, option_list, package_count, order_id, project_package_id, supporting_project_id) VALUES (282, '["수분"]', 8, 282, 6, 282);
INSERT INTO supporting_projects(supporting_project_id, supported_at, delivery_id, payment_id, project_id, user_id) VALUES (283, (SELECT projects.end_date - INTERVAL 37 DAY FROM projects WHERE projects.id=6), 283, 283, 6, 38);
INSERT INTO orders (order_id, created_at, delivery_id, payment_id, supporting_project_id) VALUES (283, (SELECT projects.end_date - INTERVAL 37 DAY FROM projects WHERE projects.id=6), 1, 283, 283);
INSERT INTO supporting_packages(id, option_list, package_count, order_id, project_package_id, supporting_project_id) VALUES (283, '["수분"]', 10, 283, 6, 283);
INSERT INTO supporting_projects(supporting_project_id, supported_at, delivery_id, payment_id, project_id, user_id) VALUES (284, (SELECT projects.end_date - INTERVAL 19 DAY FROM projects WHERE projects.id=7), 284, 284, 7, 18);
INSERT INTO orders (order_id, created_at, delivery_id, payment_id, supporting_project_id) VALUES (284, (SELECT projects.end_date - INTERVAL 19 DAY FROM projects WHERE projects.id=7), 1, 284, 284);
INSERT INTO supporting_packages(id, option_list, package_count, order_id, project_package_id, supporting_project_id) VALUES (284, '["세미나 참석권"]', 9, 284, 7, 284);
INSERT INTO supporting_projects(supporting_project_id, supported_at, delivery_id, payment_id, project_id, user_id) VALUES (285, (SELECT projects.end_date - INTERVAL 48 DAY FROM projects WHERE projects.id=7), 285, 285, 7, 36);
INSERT INTO orders (order_id, created_at, delivery_id, payment_id, supporting_project_id) VALUES (285, (SELECT projects.end_date - INTERVAL 48 DAY FROM projects WHERE projects.id=7), 1, 285, 285);
INSERT INTO supporting_packages(id, option_list, package_count, order_id, project_package_id, supporting_project_id) VALUES (285, '["세미나 참석권"]', 10, 285, 7, 285);
INSERT INTO supporting_projects(supporting_project_id, supported_at, delivery_id, payment_id, project_id, user_id) VALUES (286, (SELECT projects.end_date - INTERVAL 34 DAY FROM projects WHERE projects.id=7), 286, 286, 7, 20);
INSERT INTO orders (order_id, created_at, delivery_id, payment_id, supporting_project_id) VALUES (286, (SELECT projects.end_date - INTERVAL 34 DAY FROM projects WHERE projects.id=7), 1, 286, 286);
INSERT INTO supporting_packages(id, option_list, package_count, order_id, project_package_id, supporting_project_id) VALUES (286, '["세미나 참석권"]', 10, 286, 7, 286);
INSERT INTO supporting_projects(supporting_project_id, supported_at, delivery_id, payment_id, project_id, user_id) VALUES (287, (SELECT projects.end_date - INTERVAL 15 DAY FROM projects WHERE projects.id=7), 287, 287, 7, 18);
INSERT INTO orders (order_id, created_at, delivery_id, payment_id, supporting_project_id) VALUES (287, (SELECT projects.end_date - INTERVAL 15 DAY FROM projects WHERE projects.id=7), 1, 287, 287);
INSERT INTO supporting_packages(id, option_list, package_count, order_id, project_package_id, supporting_project_id) VALUES (287, '["리포트"]', 2, 287, 7, 287);
INSERT INTO supporting_projects(supporting_project_id, supported_at, delivery_id, payment_id, project_id, user_id) VALUES (288, (SELECT projects.end_date - INTERVAL 34 DAY FROM projects WHERE projects.id=7), 288, 288, 7, 15);
INSERT INTO orders (order_id, created_at, delivery_id, payment_id, supporting_project_id) VALUES (288, (SELECT projects.end_date - INTERVAL 34 DAY FROM projects WHERE projects.id=7), 1, 288, 288);
INSERT INTO supporting_packages(id, option_list, package_count, order_id, project_package_id, supporting_project_id) VALUES (288, '["세미나 참석권"]', 2, 288, 7, 288);
INSERT INTO supporting_projects(supporting_project_id, supported_at, delivery_id, payment_id, project_id, user_id) VALUES (289, (SELECT projects.end_date - INTERVAL 8 DAY FROM projects WHERE projects.id=7), 289, 289, 7, 16);
INSERT INTO orders (order_id, created_at, delivery_id, payment_id, supporting_project_id) VALUES (289, (SELECT projects.end_date - INTERVAL 8 DAY FROM projects WHERE projects.id=7), 1, 289, 289);
INSERT INTO supporting_packages(id, option_list, package_count, order_id, project_package_id, supporting_project_id) VALUES (289, '["리포트"]', 3, 289, 7, 289);
INSERT INTO supporting_projects(supporting_project_id, supported_at, delivery_id, payment_id, project_id, user_id) VALUES (290, (SELECT projects.end_date - INTERVAL 7 DAY FROM projects WHERE projects.id=7), 290, 290, 7, 22);
INSERT INTO orders (order_id, created_at, delivery_id, payment_id, supporting_project_id) VALUES (290, (SELECT projects.end_date - INTERVAL 7 DAY FROM projects WHERE projects.id=7), 1, 290, 290);
INSERT INTO supporting_packages(id, option_list, package_count, order_id, project_package_id, supporting_project_id) VALUES (290, '["리포트"]', 8, 290, 7, 290);
INSERT INTO supporting_projects(supporting_project_id, supported_at, delivery_id, payment_id, project_id, user_id) VALUES (291, (SELECT projects.end_date - INTERVAL 16 DAY FROM projects WHERE projects.id=7), 291, 291, 7, 12);
INSERT INTO orders (order_id, created_at, delivery_id, payment_id, supporting_project_id) VALUES (291, (SELECT projects.end_date - INTERVAL 16 DAY FROM projects WHERE projects.id=7), 1, 291, 291);
INSERT INTO supporting_packages(id, option_list, package_count, order_id, project_package_id, supporting_project_id) VALUES (291, '["리포트"]', 6, 291, 7, 291);
INSERT INTO supporting_projects(supporting_project_id, supported_at, delivery_id, payment_id, project_id, user_id) VALUES (292, (SELECT projects.end_date - INTERVAL 14 DAY FROM projects WHERE projects.id=7), 292, 292, 7, 7);
INSERT INTO orders (order_id, created_at, delivery_id, payment_id, supporting_project_id) VALUES (292, (SELECT projects.end_date - INTERVAL 14 DAY FROM projects WHERE projects.id=7), 1, 292, 292);
INSERT INTO supporting_packages(id, option_list, package_count, order_id, project_package_id, supporting_project_id) VALUES (292, '["리포트"]', 1, 292, 7, 292);
INSERT INTO supporting_projects(supporting_project_id, supported_at, delivery_id, payment_id, project_id, user_id) VALUES (293, (SELECT projects.end_date - INTERVAL 50 DAY FROM projects WHERE projects.id=7), 293, 293, 7, 30);
INSERT INTO orders (order_id, created_at, delivery_id, payment_id, supporting_project_id) VALUES (293, (SELECT projects.end_date - INTERVAL 50 DAY FROM projects WHERE projects.id=7), 1, 293, 293);
INSERT INTO supporting_packages(id, option_list, package_count, order_id, project_package_id, supporting_project_id) VALUES (293, '["세미나 참석권"]', 8, 293, 7, 293);
INSERT INTO supporting_projects(supporting_project_id, supported_at, delivery_id, payment_id, project_id, user_id) VALUES (294, (SELECT projects.end_date - INTERVAL 39 DAY FROM projects WHERE projects.id=7), 294, 294, 7, 3);
INSERT INTO orders (order_id, created_at, delivery_id, payment_id, supporting_project_id) VALUES (294, (SELECT projects.end_date - INTERVAL 39 DAY FROM projects WHERE projects.id=7), 1, 294, 294);
INSERT INTO supporting_packages(id, option_list, package_count, order_id, project_package_id, supporting_project_id) VALUES (294, '["리포트"]', 6, 294, 7, 294);
INSERT INTO supporting_projects(supporting_project_id, supported_at, delivery_id, payment_id, project_id, user_id) VALUES (295, (SELECT projects.end_date - INTERVAL 49 DAY FROM projects WHERE projects.id=7), 295, 295, 7, 36);
INSERT INTO orders (order_id, created_at, delivery_id, payment_id, supporting_project_id) VALUES (295, (SELECT projects.end_date - INTERVAL 49 DAY FROM projects WHERE projects.id=7), 1, 295, 295);
INSERT INTO supporting_packages(id, option_list, package_count, order_id, project_package_id, supporting_project_id) VALUES (295, '["세미나 참석권"]', 2, 295, 7, 295);
INSERT INTO supporting_projects(supporting_project_id, supported_at, delivery_id, payment_id, project_id, user_id) VALUES (296, (SELECT projects.end_date - INTERVAL 19 DAY FROM projects WHERE projects.id=7), 296, 296, 7, 18);
INSERT INTO orders (order_id, created_at, delivery_id, payment_id, supporting_project_id) VALUES (296, (SELECT projects.end_date - INTERVAL 19 DAY FROM projects WHERE projects.id=7), 1, 296, 296);
INSERT INTO supporting_packages(id, option_list, package_count, order_id, project_package_id, supporting_project_id) VALUES (296, '["리포트"]', 3, 296, 7, 296);
INSERT INTO supporting_projects(supporting_project_id, supported_at, delivery_id, payment_id, project_id, user_id) VALUES (297, (SELECT projects.end_date - INTERVAL 34 DAY FROM projects WHERE projects.id=7), 297, 297, 7, 27);
INSERT INTO orders (order_id, created_at, delivery_id, payment_id, supporting_project_id) VALUES (297, (SELECT projects.end_date - INTERVAL 34 DAY FROM projects WHERE projects.id=7), 1, 297, 297);
INSERT INTO supporting_packages(id, option_list, package_count, order_id, project_package_id, supporting_project_id) VALUES (297, '["세미나 참석권"]', 5, 297, 7, 297);
INSERT INTO supporting_projects(supporting_project_id, supported_at, delivery_id, payment_id, project_id, user_id) VALUES (298, (SELECT projects.end_date - INTERVAL 28 DAY FROM projects WHERE projects.id=7), 298, 298, 7, 29);
INSERT INTO orders (order_id, created_at, delivery_id, payment_id, supporting_project_id) VALUES (298, (SELECT projects.end_date - INTERVAL 28 DAY FROM projects WHERE projects.id=7), 1, 298, 298);
INSERT INTO supporting_packages(id, option_list, package_count, order_id, project_package_id, supporting_project_id) VALUES (298, '["리포트"]', 7, 298, 7, 298);
INSERT INTO supporting_projects(supporting_project_id, supported_at, delivery_id, payment_id, project_id, user_id) VALUES (299, (SELECT projects.end_date - INTERVAL 16 DAY FROM projects WHERE projects.id=7), 299, 299, 7, 9);
INSERT INTO orders (order_id, created_at, delivery_id, payment_id, supporting_project_id) VALUES (299, (SELECT projects.end_date - INTERVAL 16 DAY FROM projects WHERE projects.id=7), 1, 299, 299);
INSERT INTO supporting_packages(id, option_list, package_count, order_id, project_package_id, supporting_project_id) VALUES (299, '["리포트"]', 2, 299, 7, 299);
INSERT INTO supporting_projects(supporting_project_id, supported_at, delivery_id, payment_id, project_id, user_id) VALUES (300, (SELECT projects.end_date - INTERVAL 18 DAY FROM projects WHERE projects.id=7), 300, 300, 7, 32);
INSERT INTO orders (order_id, created_at, delivery_id, payment_id, supporting_project_id) VALUES (300, (SELECT projects.end_date - INTERVAL 18 DAY FROM projects WHERE projects.id=7), 1, 300, 300);
INSERT INTO supporting_packages(id, option_list, package_count, order_id, project_package_id, supporting_project_id) VALUES (300, '["세미나 참석권"]', 2, 300, 7, 300);
INSERT INTO supporting_projects(supporting_project_id, supported_at, delivery_id, payment_id, project_id, user_id) VALUES (301, (SELECT projects.end_date - INTERVAL 44 DAY FROM projects WHERE projects.id=7), 301, 301, 7, 36);
INSERT INTO orders (order_id, created_at, delivery_id, payment_id, supporting_project_id) VALUES (301, (SELECT projects.end_date - INTERVAL 44 DAY FROM projects WHERE projects.id=7), 1, 301, 301);
INSERT INTO supporting_packages(id, option_list, package_count, order_id, project_package_id, supporting_project_id) VALUES (301, '["리포트"]', 10, 301, 7, 301);
INSERT INTO supporting_projects(supporting_project_id, supported_at, delivery_id, payment_id, project_id, user_id) VALUES (302, (SELECT projects.end_date - INTERVAL 34 DAY FROM projects WHERE projects.id=7), 302, 302, 7, 35);
INSERT INTO orders (order_id, created_at, delivery_id, payment_id, supporting_project_id) VALUES (302, (SELECT projects.end_date - INTERVAL 34 DAY FROM projects WHERE projects.id=7), 1, 302, 302);
INSERT INTO supporting_packages(id, option_list, package_count, order_id, project_package_id, supporting_project_id) VALUES (302, '["리포트"]', 1, 302, 7, 302);
INSERT INTO supporting_projects(supporting_project_id, supported_at, delivery_id, payment_id, project_id, user_id) VALUES (303, (SELECT projects.end_date - INTERVAL 17 DAY FROM projects WHERE projects.id=7), 303, 303, 7, 31);
INSERT INTO orders (order_id, created_at, delivery_id, payment_id, supporting_project_id) VALUES (303, (SELECT projects.end_date - INTERVAL 17 DAY FROM projects WHERE projects.id=7), 1, 303, 303);
INSERT INTO supporting_packages(id, option_list, package_count, order_id, project_package_id, supporting_project_id) VALUES (303, '["리포트"]', 6, 303, 7, 303);
INSERT INTO supporting_projects(supporting_project_id, supported_at, delivery_id, payment_id, project_id, user_id) VALUES (304, (SELECT projects.end_date - INTERVAL 13 DAY FROM projects WHERE projects.id=7), 304, 304, 7, 2);
INSERT INTO orders (order_id, created_at, delivery_id, payment_id, supporting_project_id) VALUES (304, (SELECT projects.end_date - INTERVAL 13 DAY FROM projects WHERE projects.id=7), 1, 304, 304);
INSERT INTO supporting_packages(id, option_list, package_count, order_id, project_package_id, supporting_project_id) VALUES (304, '["리포트"]', 1, 304, 7, 304);
INSERT INTO supporting_projects(supporting_project_id, supported_at, delivery_id, payment_id, project_id, user_id) VALUES (305, (SELECT projects.end_date - INTERVAL 37 DAY FROM projects WHERE projects.id=7), 305, 305, 7, 37);
INSERT INTO orders (order_id, created_at, delivery_id, payment_id, supporting_project_id) VALUES (305, (SELECT projects.end_date - INTERVAL 37 DAY FROM projects WHERE projects.id=7), 1, 305, 305);
INSERT INTO supporting_packages(id, option_list, package_count, order_id, project_package_id, supporting_project_id) VALUES (305, '["세미나 참석권"]', 2, 305, 7, 305);
INSERT INTO supporting_projects(supporting_project_id, supported_at, delivery_id, payment_id, project_id, user_id) VALUES (306, (SELECT projects.end_date - INTERVAL 42 DAY FROM projects WHERE projects.id=7), 306, 306, 7, 4);
INSERT INTO orders (order_id, created_at, delivery_id, payment_id, supporting_project_id) VALUES (306, (SELECT projects.end_date - INTERVAL 42 DAY FROM projects WHERE projects.id=7), 1, 306, 306);
INSERT INTO supporting_packages(id, option_list, package_count, order_id, project_package_id, supporting_project_id) VALUES (306, '["세미나 참석권"]', 5, 306, 7, 306);
INSERT INTO supporting_projects(supporting_project_id, supported_at, delivery_id, payment_id, project_id, user_id) VALUES (307, (SELECT projects.end_date - INTERVAL 16 DAY FROM projects WHERE projects.id=7), 307, 307, 7, 20);
INSERT INTO orders (order_id, created_at, delivery_id, payment_id, supporting_project_id) VALUES (307, (SELECT projects.end_date - INTERVAL 16 DAY FROM projects WHERE projects.id=7), 1, 307, 307);
INSERT INTO supporting_packages(id, option_list, package_count, order_id, project_package_id, supporting_project_id) VALUES (307, '["리포트"]', 2, 307, 7, 307);
INSERT INTO supporting_projects(supporting_project_id, supported_at, delivery_id, payment_id, project_id, user_id) VALUES (308, (SELECT projects.end_date - INTERVAL 8 DAY FROM projects WHERE projects.id=7), 308, 308, 7, 37);
INSERT INTO orders (order_id, created_at, delivery_id, payment_id, supporting_project_id) VALUES (308, (SELECT projects.end_date - INTERVAL 8 DAY FROM projects WHERE projects.id=7), 1, 308, 308);
INSERT INTO supporting_packages(id, option_list, package_count, order_id, project_package_id, supporting_project_id) VALUES (308, '["리포트"]', 7, 308, 7, 308);
INSERT INTO supporting_projects(supporting_project_id, supported_at, delivery_id, payment_id, project_id, user_id) VALUES (309, (SELECT projects.end_date - INTERVAL 11 DAY FROM projects WHERE projects.id=7), 309, 309, 7, 9);
INSERT INTO orders (order_id, created_at, delivery_id, payment_id, supporting_project_id) VALUES (309, (SELECT projects.end_date - INTERVAL 11 DAY FROM projects WHERE projects.id=7), 1, 309, 309);
INSERT INTO supporting_packages(id, option_list, package_count, order_id, project_package_id, supporting_project_id) VALUES (309, '["리포트"]', 4, 309, 7, 309);
INSERT INTO supporting_projects(supporting_project_id, supported_at, delivery_id, payment_id, project_id, user_id) VALUES (310, (SELECT projects.end_date - INTERVAL 49 DAY FROM projects WHERE projects.id=7), 310, 310, 7, 33);
INSERT INTO orders (order_id, created_at, delivery_id, payment_id, supporting_project_id) VALUES (310, (SELECT projects.end_date - INTERVAL 49 DAY FROM projects WHERE projects.id=7), 1, 310, 310);
INSERT INTO supporting_packages(id, option_list, package_count, order_id, project_package_id, supporting_project_id) VALUES (310, '["세미나 참석권"]', 8, 310, 7, 310);
INSERT INTO supporting_projects(supporting_project_id, supported_at, delivery_id, payment_id, project_id, user_id) VALUES (311, (SELECT projects.end_date - INTERVAL 45 DAY FROM projects WHERE projects.id=7), 311, 311, 7, 16);
INSERT INTO orders (order_id, created_at, delivery_id, payment_id, supporting_project_id) VALUES (311, (SELECT projects.end_date - INTERVAL 45 DAY FROM projects WHERE projects.id=7), 1, 311, 311);
INSERT INTO supporting_packages(id, option_list, package_count, order_id, project_package_id, supporting_project_id) VALUES (311, '["세미나 참석권"]', 7, 311, 7, 311);
INSERT INTO supporting_projects(supporting_project_id, supported_at, delivery_id, payment_id, project_id, user_id) VALUES (312, (SELECT projects.end_date - INTERVAL 25 DAY FROM projects WHERE projects.id=7), 312, 312, 7, 5);
INSERT INTO orders (order_id, created_at, delivery_id, payment_id, supporting_project_id) VALUES (312, (SELECT projects.end_date - INTERVAL 25 DAY FROM projects WHERE projects.id=7), 1, 312, 312);
INSERT INTO supporting_packages(id, option_list, package_count, order_id, project_package_id, supporting_project_id) VALUES (312, '["리포트"]', 4, 312, 7, 312);
INSERT INTO supporting_projects(supporting_project_id, supported_at, delivery_id, payment_id, project_id, user_id) VALUES (313, (SELECT projects.end_date - INTERVAL 19 DAY FROM projects WHERE projects.id=7), 313, 313, 7, 33);
INSERT INTO orders (order_id, created_at, delivery_id, payment_id, supporting_project_id) VALUES (313, (SELECT projects.end_date - INTERVAL 19 DAY FROM projects WHERE projects.id=7), 1, 313, 313);
INSERT INTO supporting_packages(id, option_list, package_count, order_id, project_package_id, supporting_project_id) VALUES (313, '["세미나 참석권"]', 3, 313, 7, 313);
INSERT INTO supporting_projects(supporting_project_id, supported_at, delivery_id, payment_id, project_id, user_id) VALUES (314, (SELECT projects.end_date - INTERVAL 8 DAY FROM projects WHERE projects.id=7), 314, 314, 7, 2);
INSERT INTO orders (order_id, created_at, delivery_id, payment_id, supporting_project_id) VALUES (314, (SELECT projects.end_date - INTERVAL 8 DAY FROM projects WHERE projects.id=7), 1, 314, 314);
INSERT INTO supporting_packages(id, option_list, package_count, order_id, project_package_id, supporting_project_id) VALUES (314, '["세미나 참석권"]', 5, 314, 7, 314);
INSERT INTO supporting_projects(supporting_project_id, supported_at, delivery_id, payment_id, project_id, user_id) VALUES (315, (SELECT projects.end_date - INTERVAL 46 DAY FROM projects WHERE projects.id=7), 315, 315, 7, 31);
INSERT INTO orders (order_id, created_at, delivery_id, payment_id, supporting_project_id) VALUES (315, (SELECT projects.end_date - INTERVAL 46 DAY FROM projects WHERE projects.id=7), 1, 315, 315);
INSERT INTO supporting_packages(id, option_list, package_count, order_id, project_package_id, supporting_project_id) VALUES (315, '["세미나 참석권"]', 4, 315, 7, 315);
INSERT INTO supporting_projects(supporting_project_id, supported_at, delivery_id, payment_id, project_id, user_id) VALUES (316, (SELECT projects.end_date - INTERVAL 18 DAY FROM projects WHERE projects.id=7), 316, 316, 7, 16);
INSERT INTO orders (order_id, created_at, delivery_id, payment_id, supporting_project_id) VALUES (316, (SELECT projects.end_date - INTERVAL 18 DAY FROM projects WHERE projects.id=7), 1, 316, 316);
INSERT INTO supporting_packages(id, option_list, package_count, order_id, project_package_id, supporting_project_id) VALUES (316, '["리포트"]', 5, 316, 7, 316);
INSERT INTO supporting_projects(supporting_project_id, supported_at, delivery_id, payment_id, project_id, user_id) VALUES (317, (SELECT projects.end_date - INTERVAL 10 DAY FROM projects WHERE projects.id=7), 317, 317, 7, 31);
INSERT INTO orders (order_id, created_at, delivery_id, payment_id, supporting_project_id) VALUES (317, (SELECT projects.end_date - INTERVAL 10 DAY FROM projects WHERE projects.id=7), 1, 317, 317);
INSERT INTO supporting_packages(id, option_list, package_count, order_id, project_package_id, supporting_project_id) VALUES (317, '["세미나 참석권"]', 2, 317, 7, 317);
INSERT INTO supporting_projects(supporting_project_id, supported_at, delivery_id, payment_id, project_id, user_id) VALUES (318, (SELECT projects.end_date - INTERVAL 19 DAY FROM projects WHERE projects.id=7), 318, 318, 7, 19);
INSERT INTO orders (order_id, created_at, delivery_id, payment_id, supporting_project_id) VALUES (318, (SELECT projects.end_date - INTERVAL 19 DAY FROM projects WHERE projects.id=7), 1, 318, 318);
INSERT INTO supporting_packages(id, option_list, package_count, order_id, project_package_id, supporting_project_id) VALUES (318, '["리포트"]', 4, 318, 7, 318);
INSERT INTO supporting_projects(supporting_project_id, supported_at, delivery_id, payment_id, project_id, user_id) VALUES (319, (SELECT projects.end_date - INTERVAL 12 DAY FROM projects WHERE projects.id=7), 319, 319, 7, 4);
INSERT INTO orders (order_id, created_at, delivery_id, payment_id, supporting_project_id) VALUES (319, (SELECT projects.end_date - INTERVAL 12 DAY FROM projects WHERE projects.id=7), 1, 319, 319);
INSERT INTO supporting_packages(id, option_list, package_count, order_id, project_package_id, supporting_project_id) VALUES (319, '["세미나 참석권"]', 6, 319, 7, 319);
INSERT INTO supporting_projects(supporting_project_id, supported_at, delivery_id, payment_id, project_id, user_id) VALUES (320, (SELECT projects.end_date - INTERVAL 18 DAY FROM projects WHERE projects.id=7), 320, 320, 7, 29);
INSERT INTO orders (order_id, created_at, delivery_id, payment_id, supporting_project_id) VALUES (320, (SELECT projects.end_date - INTERVAL 18 DAY FROM projects WHERE projects.id=7), 1, 320, 320);
INSERT INTO supporting_packages(id, option_list, package_count, order_id, project_package_id, supporting_project_id) VALUES (320, '["세미나 참석권"]', 2, 320, 7, 320);
INSERT INTO supporting_projects(supporting_project_id, supported_at, delivery_id, payment_id, project_id, user_id) VALUES (321, (SELECT projects.end_date - INTERVAL 38 DAY FROM projects WHERE projects.id=7), 321, 321, 7, 10);
INSERT INTO orders (order_id, created_at, delivery_id, payment_id, supporting_project_id) VALUES (321, (SELECT projects.end_date - INTERVAL 38 DAY FROM projects WHERE projects.id=7), 1, 321, 321);
INSERT INTO supporting_packages(id, option_list, package_count, order_id, project_package_id, supporting_project_id) VALUES (321, '["리포트"]', 1, 321, 7, 321);
INSERT INTO supporting_projects(supporting_project_id, supported_at, delivery_id, payment_id, project_id, user_id) VALUES (322, (SELECT projects.end_date - INTERVAL 45 DAY FROM projects WHERE projects.id=7), 322, 322, 7, 4);
INSERT INTO orders (order_id, created_at, delivery_id, payment_id, supporting_project_id) VALUES (322, (SELECT projects.end_date - INTERVAL 45 DAY FROM projects WHERE projects.id=7), 1, 322, 322);
INSERT INTO supporting_packages(id, option_list, package_count, order_id, project_package_id, supporting_project_id) VALUES (322, '["세미나 참석권"]', 3, 322, 7, 322);
INSERT INTO supporting_projects(supporting_project_id, supported_at, delivery_id, payment_id, project_id, user_id) VALUES (323, (SELECT projects.end_date - INTERVAL 13 DAY FROM projects WHERE projects.id=7), 323, 323, 7, 12);
INSERT INTO orders (order_id, created_at, delivery_id, payment_id, supporting_project_id) VALUES (323, (SELECT projects.end_date - INTERVAL 13 DAY FROM projects WHERE projects.id=7), 1, 323, 323);
INSERT INTO supporting_packages(id, option_list, package_count, order_id, project_package_id, supporting_project_id) VALUES (323, '["세미나 참석권"]', 8, 323, 7, 323);
INSERT INTO supporting_projects(supporting_project_id, supported_at, delivery_id, payment_id, project_id, user_id) VALUES (324, (SELECT projects.end_date - INTERVAL 46 DAY FROM projects WHERE projects.id=7), 324, 324, 7, 12);
INSERT INTO orders (order_id, created_at, delivery_id, payment_id, supporting_project_id) VALUES (324, (SELECT projects.end_date - INTERVAL 46 DAY FROM projects WHERE projects.id=7), 1, 324, 324);
INSERT INTO supporting_packages(id, option_list, package_count, order_id, project_package_id, supporting_project_id) VALUES (324, '["리포트"]', 8, 324, 7, 324);
INSERT INTO supporting_projects(supporting_project_id, supported_at, delivery_id, payment_id, project_id, user_id) VALUES (325, (SELECT projects.end_date - INTERVAL 27 DAY FROM projects WHERE projects.id=7), 325, 325, 7, 25);
INSERT INTO orders (order_id, created_at, delivery_id, payment_id, supporting_project_id) VALUES (325, (SELECT projects.end_date - INTERVAL 27 DAY FROM projects WHERE projects.id=7), 1, 325, 325);
INSERT INTO supporting_packages(id, option_list, package_count, order_id, project_package_id, supporting_project_id) VALUES (325, '["리포트"]', 10, 325, 7, 325);
INSERT INTO supporting_projects(supporting_project_id, supported_at, delivery_id, payment_id, project_id, user_id) VALUES (326, (SELECT projects.end_date - INTERVAL 15 DAY FROM projects WHERE projects.id=7), 326, 326, 7, 11);
INSERT INTO orders (order_id, created_at, delivery_id, payment_id, supporting_project_id) VALUES (326, (SELECT projects.end_date - INTERVAL 15 DAY FROM projects WHERE projects.id=7), 1, 326, 326);
INSERT INTO supporting_packages(id, option_list, package_count, order_id, project_package_id, supporting_project_id) VALUES (326, '["세미나 참석권"]', 3, 326, 7, 326);
INSERT INTO supporting_projects(supporting_project_id, supported_at, delivery_id, payment_id, project_id, user_id) VALUES (327, (SELECT projects.end_date - INTERVAL 44 DAY FROM projects WHERE projects.id=7), 327, 327, 7, 38);
INSERT INTO orders (order_id, created_at, delivery_id, payment_id, supporting_project_id) VALUES (327, (SELECT projects.end_date - INTERVAL 44 DAY FROM projects WHERE projects.id=7), 1, 327, 327);
INSERT INTO supporting_packages(id, option_list, package_count, order_id, project_package_id, supporting_project_id) VALUES (327, '["리포트"]', 3, 327, 7, 327);
INSERT INTO supporting_projects(supporting_project_id, supported_at, delivery_id, payment_id, project_id, user_id) VALUES (328, (SELECT projects.end_date - INTERVAL 10 DAY FROM projects WHERE projects.id=7), 328, 328, 7, 32);
INSERT INTO orders (order_id, created_at, delivery_id, payment_id, supporting_project_id) VALUES (328, (SELECT projects.end_date - INTERVAL 10 DAY FROM projects WHERE projects.id=7), 1, 328, 328);
INSERT INTO supporting_packages(id, option_list, package_count, order_id, project_package_id, supporting_project_id) VALUES (328, '["리포트"]', 8, 328, 7, 328);
INSERT INTO supporting_projects(supporting_project_id, supported_at, delivery_id, payment_id, project_id, user_id) VALUES (329, (SELECT projects.end_date - INTERVAL 42 DAY FROM projects WHERE projects.id=7), 329, 329, 7, 23);
INSERT INTO orders (order_id, created_at, delivery_id, payment_id, supporting_project_id) VALUES (329, (SELECT projects.end_date - INTERVAL 42 DAY FROM projects WHERE projects.id=7), 1, 329, 329);
INSERT INTO supporting_packages(id, option_list, package_count, order_id, project_package_id, supporting_project_id) VALUES (329, '["세미나 참석권"]', 10, 329, 7, 329);
INSERT INTO supporting_projects(supporting_project_id, supported_at, delivery_id, payment_id, project_id, user_id) VALUES (330, (SELECT projects.end_date - INTERVAL 32 DAY FROM projects WHERE projects.id=7), 330, 330, 7, 39);
INSERT INTO orders (order_id, created_at, delivery_id, payment_id, supporting_project_id) VALUES (330, (SELECT projects.end_date - INTERVAL 32 DAY FROM projects WHERE projects.id=7), 1, 330, 330);
INSERT INTO supporting_packages(id, option_list, package_count, order_id, project_package_id, supporting_project_id) VALUES (330, '["리포트"]', 7, 330, 7, 330);
INSERT INTO supporting_projects(supporting_project_id, supported_at, delivery_id, payment_id, project_id, user_id) VALUES (331, (SELECT projects.end_date - INTERVAL 16 DAY FROM projects WHERE projects.id=7), 331, 331, 7, 37);
INSERT INTO orders (order_id, created_at, delivery_id, payment_id, supporting_project_id) VALUES (331, (SELECT projects.end_date - INTERVAL 16 DAY FROM projects WHERE projects.id=7), 1, 331, 331);
INSERT INTO supporting_packages(id, option_list, package_count, order_id, project_package_id, supporting_project_id) VALUES (331, '["리포트"]', 1, 331, 7, 331);
INSERT INTO supporting_projects(supporting_project_id, supported_at, delivery_id, payment_id, project_id, user_id) VALUES (332, (SELECT projects.end_date - INTERVAL 36 DAY FROM projects WHERE projects.id=7), 332, 332, 7, 31);
INSERT INTO orders (order_id, created_at, delivery_id, payment_id, supporting_project_id) VALUES (332, (SELECT projects.end_date - INTERVAL 36 DAY FROM projects WHERE projects.id=7), 1, 332, 332);
INSERT INTO supporting_packages(id, option_list, package_count, order_id, project_package_id, supporting_project_id) VALUES (332, '["세미나 참석권"]', 7, 332, 7, 332);
INSERT INTO supporting_projects(supporting_project_id, supported_at, delivery_id, payment_id, project_id, user_id) VALUES (333, (SELECT projects.end_date - INTERVAL 47 DAY FROM projects WHERE projects.id=7), 333, 333, 7, 31);
INSERT INTO orders (order_id, created_at, delivery_id, payment_id, supporting_project_id) VALUES (333, (SELECT projects.end_date - INTERVAL 47 DAY FROM projects WHERE projects.id=7), 1, 333, 333);
INSERT INTO supporting_packages(id, option_list, package_count, order_id, project_package_id, supporting_project_id) VALUES (333, '["세미나 참석권"]', 9, 333, 7, 333);
INSERT INTO supporting_projects(supporting_project_id, supported_at, delivery_id, payment_id, project_id, user_id) VALUES (334, (SELECT projects.end_date - INTERVAL 14 DAY FROM projects WHERE projects.id=7), 334, 334, 7, 5);
INSERT INTO orders (order_id, created_at, delivery_id, payment_id, supporting_project_id) VALUES (334, (SELECT projects.end_date - INTERVAL 14 DAY FROM projects WHERE projects.id=7), 1, 334, 334);
INSERT INTO supporting_packages(id, option_list, package_count, order_id, project_package_id, supporting_project_id) VALUES (334, '["리포트"]', 2, 334, 7, 334);
INSERT INTO supporting_projects(supporting_project_id, supported_at, delivery_id, payment_id, project_id, user_id) VALUES (335, (SELECT projects.end_date - INTERVAL 47 DAY FROM projects WHERE projects.id=7), 335, 335, 7, 5);
INSERT INTO orders (order_id, created_at, delivery_id, payment_id, supporting_project_id) VALUES (335, (SELECT projects.end_date - INTERVAL 47 DAY FROM projects WHERE projects.id=7), 1, 335, 335);
INSERT INTO supporting_packages(id, option_list, package_count, order_id, project_package_id, supporting_project_id) VALUES (335, '["세미나 참석권"]', 9, 335, 7, 335);
INSERT INTO supporting_projects(supporting_project_id, supported_at, delivery_id, payment_id, project_id, user_id) VALUES (336, (SELECT projects.end_date - INTERVAL 33 DAY FROM projects WHERE projects.id=7), 336, 336, 7, 35);
INSERT INTO orders (order_id, created_at, delivery_id, payment_id, supporting_project_id) VALUES (336, (SELECT projects.end_date - INTERVAL 33 DAY FROM projects WHERE projects.id=7), 1, 336, 336);
INSERT INTO supporting_packages(id, option_list, package_count, order_id, project_package_id, supporting_project_id) VALUES (336, '["세미나 참석권"]', 3, 336, 7, 336);
INSERT INTO supporting_projects(supporting_project_id, supported_at, delivery_id, payment_id, project_id, user_id) VALUES (337, (SELECT projects.end_date - INTERVAL 24 DAY FROM projects WHERE projects.id=7), 337, 337, 7, 3);
INSERT INTO orders (order_id, created_at, delivery_id, payment_id, supporting_project_id) VALUES (337, (SELECT projects.end_date - INTERVAL 24 DAY FROM projects WHERE projects.id=7), 1, 337, 337);
INSERT INTO supporting_packages(id, option_list, package_count, order_id, project_package_id, supporting_project_id) VALUES (337, '["리포트"]', 2, 337, 7, 337);
INSERT INTO supporting_projects(supporting_project_id, supported_at, delivery_id, payment_id, project_id, user_id) VALUES (338, (SELECT projects.end_date - INTERVAL 32 DAY FROM projects WHERE projects.id=7), 338, 338, 7, 14);
INSERT INTO orders (order_id, created_at, delivery_id, payment_id, supporting_project_id) VALUES (338, (SELECT projects.end_date - INTERVAL 32 DAY FROM projects WHERE projects.id=7), 1, 338, 338);
INSERT INTO supporting_packages(id, option_list, package_count, order_id, project_package_id, supporting_project_id) VALUES (338, '["리포트"]', 7, 338, 7, 338);
INSERT INTO supporting_projects(supporting_project_id, supported_at, delivery_id, payment_id, project_id, user_id) VALUES (339, (SELECT projects.end_date - INTERVAL 46 DAY FROM projects WHERE projects.id=7), 339, 339, 7, 29);
INSERT INTO orders (order_id, created_at, delivery_id, payment_id, supporting_project_id) VALUES (339, (SELECT projects.end_date - INTERVAL 46 DAY FROM projects WHERE projects.id=7), 1, 339, 339);
INSERT INTO supporting_packages(id, option_list, package_count, order_id, project_package_id, supporting_project_id) VALUES (339, '["세미나 참석권"]', 2, 339, 7, 339);
INSERT INTO supporting_projects(supporting_project_id, supported_at, delivery_id, payment_id, project_id, user_id) VALUES (340, (SELECT projects.end_date - INTERVAL 24 DAY FROM projects WHERE projects.id=7), 340, 340, 7, 7);
INSERT INTO orders (order_id, created_at, delivery_id, payment_id, supporting_project_id) VALUES (340, (SELECT projects.end_date - INTERVAL 24 DAY FROM projects WHERE projects.id=7), 1, 340, 340);
INSERT INTO supporting_packages(id, option_list, package_count, order_id, project_package_id, supporting_project_id) VALUES (340, '["세미나 참석권"]', 10, 340, 7, 340);
INSERT INTO supporting_projects(supporting_project_id, supported_at, delivery_id, payment_id, project_id, user_id) VALUES (341, (SELECT projects.end_date - INTERVAL 49 DAY FROM projects WHERE projects.id=7), 341, 341, 7, 7);
INSERT INTO orders (order_id, created_at, delivery_id, payment_id, supporting_project_id) VALUES (341, (SELECT projects.end_date - INTERVAL 49 DAY FROM projects WHERE projects.id=7), 1, 341, 341);
INSERT INTO supporting_packages(id, option_list, package_count, order_id, project_package_id, supporting_project_id) VALUES (341, '["세미나 참석권"]', 10, 341, 7, 341);
INSERT INTO supporting_projects(supporting_project_id, supported_at, delivery_id, payment_id, project_id, user_id) VALUES (342, (SELECT projects.end_date - INTERVAL 29 DAY FROM projects WHERE projects.id=7), 342, 342, 7, 2);
INSERT INTO orders (order_id, created_at, delivery_id, payment_id, supporting_project_id) VALUES (342, (SELECT projects.end_date - INTERVAL 29 DAY FROM projects WHERE projects.id=7), 1, 342, 342);
INSERT INTO supporting_packages(id, option_list, package_count, order_id, project_package_id, supporting_project_id) VALUES (342, '["세미나 참석권"]', 8, 342, 7, 342);
INSERT INTO supporting_projects(supporting_project_id, supported_at, delivery_id, payment_id, project_id, user_id) VALUES (343, (SELECT projects.end_date - INTERVAL 49 DAY FROM projects WHERE projects.id=7), 343, 343, 7, 19);
INSERT INTO orders (order_id, created_at, delivery_id, payment_id, supporting_project_id) VALUES (343, (SELECT projects.end_date - INTERVAL 49 DAY FROM projects WHERE projects.id=7), 1, 343, 343);
INSERT INTO supporting_packages(id, option_list, package_count, order_id, project_package_id, supporting_project_id) VALUES (343, '["세미나 참석권"]', 3, 343, 7, 343);
INSERT INTO supporting_projects(supporting_project_id, supported_at, delivery_id, payment_id, project_id, user_id) VALUES (344, (SELECT projects.end_date - INTERVAL 31 DAY FROM projects WHERE projects.id=7), 344, 344, 7, 13);
INSERT INTO orders (order_id, created_at, delivery_id, payment_id, supporting_project_id) VALUES (344, (SELECT projects.end_date - INTERVAL 31 DAY FROM projects WHERE projects.id=7), 1, 344, 344);
INSERT INTO supporting_packages(id, option_list, package_count, order_id, project_package_id, supporting_project_id) VALUES (344, '["리포트"]', 6, 344, 7, 344);
INSERT INTO supporting_projects(supporting_project_id, supported_at, delivery_id, payment_id, project_id, user_id) VALUES (345, (SELECT projects.end_date - INTERVAL 37 DAY FROM projects WHERE projects.id=7), 345, 345, 7, 39);
INSERT INTO orders (order_id, created_at, delivery_id, payment_id, supporting_project_id) VALUES (345, (SELECT projects.end_date - INTERVAL 37 DAY FROM projects WHERE projects.id=7), 1, 345, 345);
INSERT INTO supporting_packages(id, option_list, package_count, order_id, project_package_id, supporting_project_id) VALUES (345, '["리포트"]', 9, 345, 7, 345);
INSERT INTO supporting_projects(supporting_project_id, supported_at, delivery_id, payment_id, project_id, user_id) VALUES (346, (SELECT projects.end_date - INTERVAL 48 DAY FROM projects WHERE projects.id=7), 346, 346, 7, 21);
INSERT INTO orders (order_id, created_at, delivery_id, payment_id, supporting_project_id) VALUES (346, (SELECT projects.end_date - INTERVAL 48 DAY FROM projects WHERE projects.id=7), 1, 346, 346);
INSERT INTO supporting_packages(id, option_list, package_count, order_id, project_package_id, supporting_project_id) VALUES (346, '["리포트"]', 2, 346, 7, 346);
INSERT INTO supporting_projects(supporting_project_id, supported_at, delivery_id, payment_id, project_id, user_id) VALUES (347, (SELECT projects.end_date - INTERVAL 24 DAY FROM projects WHERE projects.id=7), 347, 347, 7, 33);
INSERT INTO orders (order_id, created_at, delivery_id, payment_id, supporting_project_id) VALUES (347, (SELECT projects.end_date - INTERVAL 24 DAY FROM projects WHERE projects.id=7), 1, 347, 347);
INSERT INTO supporting_packages(id, option_list, package_count, order_id, project_package_id, supporting_project_id) VALUES (347, '["세미나 참석권"]', 5, 347, 7, 347);
INSERT INTO supporting_projects(supporting_project_id, supported_at, delivery_id, payment_id, project_id, user_id) VALUES (348, (SELECT projects.end_date - INTERVAL 16 DAY FROM projects WHERE projects.id=7), 348, 348, 7, 17);
INSERT INTO orders (order_id, created_at, delivery_id, payment_id, supporting_project_id) VALUES (348, (SELECT projects.end_date - INTERVAL 16 DAY FROM projects WHERE projects.id=7), 1, 348, 348);
INSERT INTO supporting_packages(id, option_list, package_count, order_id, project_package_id, supporting_project_id) VALUES (348, '["세미나 참석권"]', 4, 348, 7, 348);
INSERT INTO supporting_projects(supporting_project_id, supported_at, delivery_id, payment_id, project_id, user_id) VALUES (349, (SELECT projects.end_date - INTERVAL 16 DAY FROM projects WHERE projects.id=7), 349, 349, 7, 39);
INSERT INTO orders (order_id, created_at, delivery_id, payment_id, supporting_project_id) VALUES (349, (SELECT projects.end_date - INTERVAL 16 DAY FROM projects WHERE projects.id=7), 1, 349, 349);
INSERT INTO supporting_packages(id, option_list, package_count, order_id, project_package_id, supporting_project_id) VALUES (349, '["세미나 참석권"]', 2, 349, 7, 349);
INSERT INTO supporting_projects(supporting_project_id, supported_at, delivery_id, payment_id, project_id, user_id) VALUES (350, (SELECT projects.end_date - INTERVAL 30 DAY FROM projects WHERE projects.id=7), 350, 350, 7, 33);
INSERT INTO orders (order_id, created_at, delivery_id, payment_id, supporting_project_id) VALUES (350, (SELECT projects.end_date - INTERVAL 30 DAY FROM projects WHERE projects.id=7), 1, 350, 350);
INSERT INTO supporting_packages(id, option_list, package_count, order_id, project_package_id, supporting_project_id) VALUES (350, '["세미나 참석권"]', 9, 350, 7, 350);
INSERT INTO supporting_projects(supporting_project_id, supported_at, delivery_id, payment_id, project_id, user_id) VALUES (351, (SELECT projects.end_date - INTERVAL 37 DAY FROM projects WHERE projects.id=7), 351, 351, 7, 16);
INSERT INTO orders (order_id, created_at, delivery_id, payment_id, supporting_project_id) VALUES (351, (SELECT projects.end_date - INTERVAL 37 DAY FROM projects WHERE projects.id=7), 1, 351, 351);
INSERT INTO supporting_packages(id, option_list, package_count, order_id, project_package_id, supporting_project_id) VALUES (351, '["세미나 참석권"]', 5, 351, 7, 351);
INSERT INTO supporting_projects(supporting_project_id, supported_at, delivery_id, payment_id, project_id, user_id) VALUES (352, (SELECT projects.end_date - INTERVAL 17 DAY FROM projects WHERE projects.id=7), 352, 352, 7, 26);
INSERT INTO orders (order_id, created_at, delivery_id, payment_id, supporting_project_id) VALUES (352, (SELECT projects.end_date - INTERVAL 17 DAY FROM projects WHERE projects.id=7), 1, 352, 352);
INSERT INTO supporting_packages(id, option_list, package_count, order_id, project_package_id, supporting_project_id) VALUES (352, '["리포트"]', 3, 352, 7, 352);
INSERT INTO supporting_projects(supporting_project_id, supported_at, delivery_id, payment_id, project_id, user_id) VALUES (353, (SELECT projects.end_date - INTERVAL 12 DAY FROM projects WHERE projects.id=7), 353, 353, 7, 39);
INSERT INTO orders (order_id, created_at, delivery_id, payment_id, supporting_project_id) VALUES (353, (SELECT projects.end_date - INTERVAL 12 DAY FROM projects WHERE projects.id=7), 1, 353, 353);
INSERT INTO supporting_packages(id, option_list, package_count, order_id, project_package_id, supporting_project_id) VALUES (353, '["리포트"]', 7, 353, 7, 353);
INSERT INTO supporting_projects(supporting_project_id, supported_at, delivery_id, payment_id, project_id, user_id) VALUES (354, (SELECT projects.end_date - INTERVAL 32 DAY FROM projects WHERE projects.id=7), 354, 354, 7, 22);
INSERT INTO orders (order_id, created_at, delivery_id, payment_id, supporting_project_id) VALUES (354, (SELECT projects.end_date - INTERVAL 32 DAY FROM projects WHERE projects.id=7), 1, 354, 354);
INSERT INTO supporting_packages(id, option_list, package_count, order_id, project_package_id, supporting_project_id) VALUES (354, '["리포트"]', 3, 354, 7, 354);
INSERT INTO supporting_projects(supporting_project_id, supported_at, delivery_id, payment_id, project_id, user_id) VALUES (355, (SELECT projects.end_date - INTERVAL 23 DAY FROM projects WHERE projects.id=7), 355, 355, 7, 34);
INSERT INTO orders (order_id, created_at, delivery_id, payment_id, supporting_project_id) VALUES (355, (SELECT projects.end_date - INTERVAL 23 DAY FROM projects WHERE projects.id=7), 1, 355, 355);
INSERT INTO supporting_packages(id, option_list, package_count, order_id, project_package_id, supporting_project_id) VALUES (355, '["리포트"]', 5, 355, 7, 355);
INSERT INTO supporting_projects(supporting_project_id, supported_at, delivery_id, payment_id, project_id, user_id) VALUES (356, (SELECT projects.end_date - INTERVAL 16 DAY FROM projects WHERE projects.id=7), 356, 356, 7, 20);
INSERT INTO orders (order_id, created_at, delivery_id, payment_id, supporting_project_id) VALUES (356, (SELECT projects.end_date - INTERVAL 16 DAY FROM projects WHERE projects.id=7), 1, 356, 356);
INSERT INTO supporting_packages(id, option_list, package_count, order_id, project_package_id, supporting_project_id) VALUES (356, '["리포트"]', 5, 356, 7, 356);
INSERT INTO supporting_projects(supporting_project_id, supported_at, delivery_id, payment_id, project_id, user_id) VALUES (357, (SELECT projects.end_date - INTERVAL 11 DAY FROM projects WHERE projects.id=7), 357, 357, 7, 7);
INSERT INTO orders (order_id, created_at, delivery_id, payment_id, supporting_project_id) VALUES (357, (SELECT projects.end_date - INTERVAL 11 DAY FROM projects WHERE projects.id=7), 1, 357, 357);
INSERT INTO supporting_packages(id, option_list, package_count, order_id, project_package_id, supporting_project_id) VALUES (357, '["세미나 참석권"]', 1, 357, 7, 357);
INSERT INTO supporting_projects(supporting_project_id, supported_at, delivery_id, payment_id, project_id, user_id) VALUES (358, (SELECT projects.end_date - INTERVAL 50 DAY FROM projects WHERE projects.id=7), 358, 358, 7, 24);
INSERT INTO orders (order_id, created_at, delivery_id, payment_id, supporting_project_id) VALUES (358, (SELECT projects.end_date - INTERVAL 50 DAY FROM projects WHERE projects.id=7), 1, 358, 358);
INSERT INTO supporting_packages(id, option_list, package_count, order_id, project_package_id, supporting_project_id) VALUES (358, '["리포트"]', 7, 358, 7, 358);
INSERT INTO supporting_projects(supporting_project_id, supported_at, delivery_id, payment_id, project_id, user_id) VALUES (359, (SELECT projects.end_date - INTERVAL 7 DAY FROM projects WHERE projects.id=7), 359, 359, 7, 21);
INSERT INTO orders (order_id, created_at, delivery_id, payment_id, supporting_project_id) VALUES (359, (SELECT projects.end_date - INTERVAL 7 DAY FROM projects WHERE projects.id=7), 1, 359, 359);
INSERT INTO supporting_packages(id, option_list, package_count, order_id, project_package_id, supporting_project_id) VALUES (359, '["세미나 참석권"]', 4, 359, 7, 359);
INSERT INTO supporting_projects(supporting_project_id, supported_at, delivery_id, payment_id, project_id, user_id) VALUES (360, (SELECT projects.end_date - INTERVAL 18 DAY FROM projects WHERE projects.id=7), 360, 360, 7, 8);
INSERT INTO orders (order_id, created_at, delivery_id, payment_id, supporting_project_id) VALUES (360, (SELECT projects.end_date - INTERVAL 18 DAY FROM projects WHERE projects.id=7), 1, 360, 360);
INSERT INTO supporting_packages(id, option_list, package_count, order_id, project_package_id, supporting_project_id) VALUES (360, '["리포트"]', 8, 360, 7, 360);
INSERT INTO supporting_projects(supporting_project_id, supported_at, delivery_id, payment_id, project_id, user_id) VALUES (361, (SELECT projects.end_date - INTERVAL 26 DAY FROM projects WHERE projects.id=7), 361, 361, 7, 6);
INSERT INTO orders (order_id, created_at, delivery_id, payment_id, supporting_project_id) VALUES (361, (SELECT projects.end_date - INTERVAL 26 DAY FROM projects WHERE projects.id=7), 1, 361, 361);
INSERT INTO supporting_packages(id, option_list, package_count, order_id, project_package_id, supporting_project_id) VALUES (361, '["세미나 참석권"]', 10, 361, 7, 361);
INSERT INTO supporting_projects(supporting_project_id, supported_at, delivery_id, payment_id, project_id, user_id) VALUES (362, (SELECT projects.end_date - INTERVAL 25 DAY FROM projects WHERE projects.id=7), 362, 362, 7, 4);
INSERT INTO orders (order_id, created_at, delivery_id, payment_id, supporting_project_id) VALUES (362, (SELECT projects.end_date - INTERVAL 25 DAY FROM projects WHERE projects.id=7), 1, 362, 362);
INSERT INTO supporting_packages(id, option_list, package_count, order_id, project_package_id, supporting_project_id) VALUES (362, '["리포트"]', 4, 362, 7, 362);
INSERT INTO supporting_projects(supporting_project_id, supported_at, delivery_id, payment_id, project_id, user_id) VALUES (363, (SELECT projects.end_date - INTERVAL 37 DAY FROM projects WHERE projects.id=7), 363, 363, 7, 37);
INSERT INTO orders (order_id, created_at, delivery_id, payment_id, supporting_project_id) VALUES (363, (SELECT projects.end_date - INTERVAL 37 DAY FROM projects WHERE projects.id=7), 1, 363, 363);
INSERT INTO supporting_packages(id, option_list, package_count, order_id, project_package_id, supporting_project_id) VALUES (363, '["세미나 참석권"]', 6, 363, 7, 363);
INSERT INTO supporting_projects(supporting_project_id, supported_at, delivery_id, payment_id, project_id, user_id) VALUES (364, (SELECT projects.end_date - INTERVAL 17 DAY FROM projects WHERE projects.id=7), 364, 364, 7, 16);
INSERT INTO orders (order_id, created_at, delivery_id, payment_id, supporting_project_id) VALUES (364, (SELECT projects.end_date - INTERVAL 17 DAY FROM projects WHERE projects.id=7), 1, 364, 364);
INSERT INTO supporting_packages(id, option_list, package_count, order_id, project_package_id, supporting_project_id) VALUES (364, '["리포트"]', 5, 364, 7, 364);
INSERT INTO supporting_projects(supporting_project_id, supported_at, delivery_id, payment_id, project_id, user_id) VALUES (365, (SELECT projects.end_date - INTERVAL 17 DAY FROM projects WHERE projects.id=8), 365, 365, 8, 3);
INSERT INTO orders (order_id, created_at, delivery_id, payment_id, supporting_project_id) VALUES (365, (SELECT projects.end_date - INTERVAL 17 DAY FROM projects WHERE projects.id=8), 1, 365, 365);
INSERT INTO supporting_packages(id, option_list, package_count, order_id, project_package_id, supporting_project_id) VALUES (365, '["헤어"]', 5, 365, 8, 365);
INSERT INTO supporting_projects(supporting_project_id, supported_at, delivery_id, payment_id, project_id, user_id) VALUES (366, (SELECT projects.end_date - INTERVAL 10 DAY FROM projects WHERE projects.id=8), 366, 366, 8, 33);
INSERT INTO orders (order_id, created_at, delivery_id, payment_id, supporting_project_id) VALUES (366, (SELECT projects.end_date - INTERVAL 10 DAY FROM projects WHERE projects.id=8), 1, 366, 366);
INSERT INTO supporting_packages(id, option_list, package_count, order_id, project_package_id, supporting_project_id) VALUES (366, '["메이크업"]', 5, 366, 8, 366);
INSERT INTO supporting_projects(supporting_project_id, supported_at, delivery_id, payment_id, project_id, user_id) VALUES (367, (SELECT projects.end_date - INTERVAL 31 DAY FROM projects WHERE projects.id=8), 367, 367, 8, 17);
INSERT INTO orders (order_id, created_at, delivery_id, payment_id, supporting_project_id) VALUES (367, (SELECT projects.end_date - INTERVAL 31 DAY FROM projects WHERE projects.id=8), 1, 367, 367);
INSERT INTO supporting_packages(id, option_list, package_count, order_id, project_package_id, supporting_project_id) VALUES (367, '["메이크업"]', 2, 367, 8, 367);
INSERT INTO supporting_projects(supporting_project_id, supported_at, delivery_id, payment_id, project_id, user_id) VALUES (368, (SELECT projects.end_date - INTERVAL 27 DAY FROM projects WHERE projects.id=8), 368, 368, 8, 19);
INSERT INTO orders (order_id, created_at, delivery_id, payment_id, supporting_project_id) VALUES (368, (SELECT projects.end_date - INTERVAL 27 DAY FROM projects WHERE projects.id=8), 1, 368, 368);
INSERT INTO supporting_packages(id, option_list, package_count, order_id, project_package_id, supporting_project_id) VALUES (368, '["헤어"]', 9, 368, 8, 368);
INSERT INTO supporting_projects(supporting_project_id, supported_at, delivery_id, payment_id, project_id, user_id) VALUES (369, (SELECT projects.end_date - INTERVAL 10 DAY FROM projects WHERE projects.id=8), 369, 369, 8, 34);
INSERT INTO orders (order_id, created_at, delivery_id, payment_id, supporting_project_id) VALUES (369, (SELECT projects.end_date - INTERVAL 10 DAY FROM projects WHERE projects.id=8), 1, 369, 369);
INSERT INTO supporting_packages(id, option_list, package_count, order_id, project_package_id, supporting_project_id) VALUES (369, '["헤어"]', 8, 369, 8, 369);
INSERT INTO supporting_projects(supporting_project_id, supported_at, delivery_id, payment_id, project_id, user_id) VALUES (370, (SELECT projects.end_date - INTERVAL 42 DAY FROM projects WHERE projects.id=8), 370, 370, 8, 8);
INSERT INTO orders (order_id, created_at, delivery_id, payment_id, supporting_project_id) VALUES (370, (SELECT projects.end_date - INTERVAL 42 DAY FROM projects WHERE projects.id=8), 1, 370, 370);
INSERT INTO supporting_packages(id, option_list, package_count, order_id, project_package_id, supporting_project_id) VALUES (370, '["헤어"]', 3, 370, 8, 370);
INSERT INTO supporting_projects(supporting_project_id, supported_at, delivery_id, payment_id, project_id, user_id) VALUES (371, (SELECT projects.end_date - INTERVAL 22 DAY FROM projects WHERE projects.id=8), 371, 371, 8, 24);
INSERT INTO orders (order_id, created_at, delivery_id, payment_id, supporting_project_id) VALUES (371, (SELECT projects.end_date - INTERVAL 22 DAY FROM projects WHERE projects.id=8), 1, 371, 371);
INSERT INTO supporting_packages(id, option_list, package_count, order_id, project_package_id, supporting_project_id) VALUES (371, '["스킨케어"]', 7, 371, 8, 371);
INSERT INTO supporting_projects(supporting_project_id, supported_at, delivery_id, payment_id, project_id, user_id) VALUES (372, (SELECT projects.end_date - INTERVAL 36 DAY FROM projects WHERE projects.id=8), 372, 372, 8, 2);
INSERT INTO orders (order_id, created_at, delivery_id, payment_id, supporting_project_id) VALUES (372, (SELECT projects.end_date - INTERVAL 36 DAY FROM projects WHERE projects.id=8), 1, 372, 372);
INSERT INTO supporting_packages(id, option_list, package_count, order_id, project_package_id, supporting_project_id) VALUES (372, '["스킨케어"]', 3, 372, 8, 372);
INSERT INTO supporting_projects(supporting_project_id, supported_at, delivery_id, payment_id, project_id, user_id) VALUES (373, (SELECT projects.end_date - INTERVAL 25 DAY FROM projects WHERE projects.id=8), 373, 373, 8, 9);
INSERT INTO orders (order_id, created_at, delivery_id, payment_id, supporting_project_id) VALUES (373, (SELECT projects.end_date - INTERVAL 25 DAY FROM projects WHERE projects.id=8), 1, 373, 373);
INSERT INTO supporting_packages(id, option_list, package_count, order_id, project_package_id, supporting_project_id) VALUES (373, '["스킨케어"]', 3, 373, 8, 373);
INSERT INTO supporting_projects(supporting_project_id, supported_at, delivery_id, payment_id, project_id, user_id) VALUES (374, (SELECT projects.end_date - INTERVAL 30 DAY FROM projects WHERE projects.id=8), 374, 374, 8, 15);
INSERT INTO orders (order_id, created_at, delivery_id, payment_id, supporting_project_id) VALUES (374, (SELECT projects.end_date - INTERVAL 30 DAY FROM projects WHERE projects.id=8), 1, 374, 374);
INSERT INTO supporting_packages(id, option_list, package_count, order_id, project_package_id, supporting_project_id) VALUES (374, '["스킨케어"]', 9, 374, 8, 374);
INSERT INTO supporting_projects(supporting_project_id, supported_at, delivery_id, payment_id, project_id, user_id) VALUES (375, (SELECT projects.end_date - INTERVAL 23 DAY FROM projects WHERE projects.id=8), 375, 375, 8, 27);
INSERT INTO orders (order_id, created_at, delivery_id, payment_id, supporting_project_id) VALUES (375, (SELECT projects.end_date - INTERVAL 23 DAY FROM projects WHERE projects.id=8), 1, 375, 375);
INSERT INTO supporting_packages(id, option_list, package_count, order_id, project_package_id, supporting_project_id) VALUES (375, '["메이크업"]', 9, 375, 8, 375);
INSERT INTO supporting_projects(supporting_project_id, supported_at, delivery_id, payment_id, project_id, user_id) VALUES (376, (SELECT projects.end_date - INTERVAL 49 DAY FROM projects WHERE projects.id=8), 376, 376, 8, 34);
INSERT INTO orders (order_id, created_at, delivery_id, payment_id, supporting_project_id) VALUES (376, (SELECT projects.end_date - INTERVAL 49 DAY FROM projects WHERE projects.id=8), 1, 376, 376);
INSERT INTO supporting_packages(id, option_list, package_count, order_id, project_package_id, supporting_project_id) VALUES (376, '["헤어"]', 2, 376, 8, 376);
INSERT INTO supporting_projects(supporting_project_id, supported_at, delivery_id, payment_id, project_id, user_id) VALUES (377, (SELECT projects.end_date - INTERVAL 14 DAY FROM projects WHERE projects.id=8), 377, 377, 8, 37);
INSERT INTO orders (order_id, created_at, delivery_id, payment_id, supporting_project_id) VALUES (377, (SELECT projects.end_date - INTERVAL 14 DAY FROM projects WHERE projects.id=8), 1, 377, 377);
INSERT INTO supporting_packages(id, option_list, package_count, order_id, project_package_id, supporting_project_id) VALUES (377, '["헤어"]', 9, 377, 8, 377);
INSERT INTO supporting_projects(supporting_project_id, supported_at, delivery_id, payment_id, project_id, user_id) VALUES (378, (SELECT projects.end_date - INTERVAL 28 DAY FROM projects WHERE projects.id=8), 378, 378, 8, 11);
INSERT INTO orders (order_id, created_at, delivery_id, payment_id, supporting_project_id) VALUES (378, (SELECT projects.end_date - INTERVAL 28 DAY FROM projects WHERE projects.id=8), 1, 378, 378);
INSERT INTO supporting_packages(id, option_list, package_count, order_id, project_package_id, supporting_project_id) VALUES (378, '["메이크업"]', 2, 378, 8, 378);
INSERT INTO supporting_projects(supporting_project_id, supported_at, delivery_id, payment_id, project_id, user_id) VALUES (379, (SELECT projects.end_date - INTERVAL 40 DAY FROM projects WHERE projects.id=8), 379, 379, 8, 19);
INSERT INTO orders (order_id, created_at, delivery_id, payment_id, supporting_project_id) VALUES (379, (SELECT projects.end_date - INTERVAL 40 DAY FROM projects WHERE projects.id=8), 1, 379, 379);
INSERT INTO supporting_packages(id, option_list, package_count, order_id, project_package_id, supporting_project_id) VALUES (379, '["메이크업"]', 5, 379, 8, 379);
INSERT INTO supporting_projects(supporting_project_id, supported_at, delivery_id, payment_id, project_id, user_id) VALUES (380, (SELECT projects.end_date - INTERVAL 8 DAY FROM projects WHERE projects.id=8), 380, 380, 8, 36);
INSERT INTO orders (order_id, created_at, delivery_id, payment_id, supporting_project_id) VALUES (380, (SELECT projects.end_date - INTERVAL 8 DAY FROM projects WHERE projects.id=8), 1, 380, 380);
INSERT INTO supporting_packages(id, option_list, package_count, order_id, project_package_id, supporting_project_id) VALUES (380, '["스킨케어"]', 10, 380, 8, 380);
INSERT INTO supporting_projects(supporting_project_id, supported_at, delivery_id, payment_id, project_id, user_id) VALUES (381, (SELECT projects.end_date - INTERVAL 27 DAY FROM projects WHERE projects.id=8), 381, 381, 8, 28);
INSERT INTO orders (order_id, created_at, delivery_id, payment_id, supporting_project_id) VALUES (381, (SELECT projects.end_date - INTERVAL 27 DAY FROM projects WHERE projects.id=8), 1, 381, 381);
INSERT INTO supporting_packages(id, option_list, package_count, order_id, project_package_id, supporting_project_id) VALUES (381, '["메이크업"]', 1, 381, 8, 381);
INSERT INTO supporting_projects(supporting_project_id, supported_at, delivery_id, payment_id, project_id, user_id) VALUES (382, (SELECT projects.end_date - INTERVAL 48 DAY FROM projects WHERE projects.id=8), 382, 382, 8, 6);
INSERT INTO orders (order_id, created_at, delivery_id, payment_id, supporting_project_id) VALUES (382, (SELECT projects.end_date - INTERVAL 48 DAY FROM projects WHERE projects.id=8), 1, 382, 382);
INSERT INTO supporting_packages(id, option_list, package_count, order_id, project_package_id, supporting_project_id) VALUES (382, '["헤어"]', 2, 382, 8, 382);
INSERT INTO supporting_projects(supporting_project_id, supported_at, delivery_id, payment_id, project_id, user_id) VALUES (383, (SELECT projects.end_date - INTERVAL 46 DAY FROM projects WHERE projects.id=8), 383, 383, 8, 28);
INSERT INTO orders (order_id, created_at, delivery_id, payment_id, supporting_project_id) VALUES (383, (SELECT projects.end_date - INTERVAL 46 DAY FROM projects WHERE projects.id=8), 1, 383, 383);
INSERT INTO supporting_packages(id, option_list, package_count, order_id, project_package_id, supporting_project_id) VALUES (383, '["헤어"]', 7, 383, 8, 383);
INSERT INTO supporting_projects(supporting_project_id, supported_at, delivery_id, payment_id, project_id, user_id) VALUES (384, (SELECT projects.end_date - INTERVAL 15 DAY FROM projects WHERE projects.id=8), 384, 384, 8, 25);
INSERT INTO orders (order_id, created_at, delivery_id, payment_id, supporting_project_id) VALUES (384, (SELECT projects.end_date - INTERVAL 15 DAY FROM projects WHERE projects.id=8), 1, 384, 384);
INSERT INTO supporting_packages(id, option_list, package_count, order_id, project_package_id, supporting_project_id) VALUES (384, '["메이크업"]', 9, 384, 8, 384);
INSERT INTO supporting_projects(supporting_project_id, supported_at, delivery_id, payment_id, project_id, user_id) VALUES (385, (SELECT projects.end_date - INTERVAL 26 DAY FROM projects WHERE projects.id=8), 385, 385, 8, 21);
INSERT INTO orders (order_id, created_at, delivery_id, payment_id, supporting_project_id) VALUES (385, (SELECT projects.end_date - INTERVAL 26 DAY FROM projects WHERE projects.id=8), 1, 385, 385);
INSERT INTO supporting_packages(id, option_list, package_count, order_id, project_package_id, supporting_project_id) VALUES (385, '["메이크업"]', 4, 385, 8, 385);
INSERT INTO supporting_projects(supporting_project_id, supported_at, delivery_id, payment_id, project_id, user_id) VALUES (386, (SELECT projects.end_date - INTERVAL 35 DAY FROM projects WHERE projects.id=8), 386, 386, 8, 4);
INSERT INTO orders (order_id, created_at, delivery_id, payment_id, supporting_project_id) VALUES (386, (SELECT projects.end_date - INTERVAL 35 DAY FROM projects WHERE projects.id=8), 1, 386, 386);
INSERT INTO supporting_packages(id, option_list, package_count, order_id, project_package_id, supporting_project_id) VALUES (386, '["헤어"]', 7, 386, 8, 386);
INSERT INTO supporting_projects(supporting_project_id, supported_at, delivery_id, payment_id, project_id, user_id) VALUES (387, (SELECT projects.end_date - INTERVAL 47 DAY FROM projects WHERE projects.id=8), 387, 387, 8, 37);
INSERT INTO orders (order_id, created_at, delivery_id, payment_id, supporting_project_id) VALUES (387, (SELECT projects.end_date - INTERVAL 47 DAY FROM projects WHERE projects.id=8), 1, 387, 387);
INSERT INTO supporting_packages(id, option_list, package_count, order_id, project_package_id, supporting_project_id) VALUES (387, '["스킨케어"]', 6, 387, 8, 387);
INSERT INTO supporting_projects(supporting_project_id, supported_at, delivery_id, payment_id, project_id, user_id) VALUES (388, (SELECT projects.end_date - INTERVAL 16 DAY FROM projects WHERE projects.id=8), 388, 388, 8, 16);
INSERT INTO orders (order_id, created_at, delivery_id, payment_id, supporting_project_id) VALUES (388, (SELECT projects.end_date - INTERVAL 16 DAY FROM projects WHERE projects.id=8), 1, 388, 388);
INSERT INTO supporting_packages(id, option_list, package_count, order_id, project_package_id, supporting_project_id) VALUES (388, '["헤어"]', 1, 388, 8, 388);
INSERT INTO supporting_projects(supporting_project_id, supported_at, delivery_id, payment_id, project_id, user_id) VALUES (389, (SELECT projects.end_date - INTERVAL 21 DAY FROM projects WHERE projects.id=8), 389, 389, 8, 36);
INSERT INTO orders (order_id, created_at, delivery_id, payment_id, supporting_project_id) VALUES (389, (SELECT projects.end_date - INTERVAL 21 DAY FROM projects WHERE projects.id=8), 1, 389, 389);
INSERT INTO supporting_packages(id, option_list, package_count, order_id, project_package_id, supporting_project_id) VALUES (389, '["메이크업"]', 5, 389, 8, 389);
INSERT INTO supporting_projects(supporting_project_id, supported_at, delivery_id, payment_id, project_id, user_id) VALUES (390, (SELECT projects.end_date - INTERVAL 45 DAY FROM projects WHERE projects.id=8), 390, 390, 8, 33);
INSERT INTO orders (order_id, created_at, delivery_id, payment_id, supporting_project_id) VALUES (390, (SELECT projects.end_date - INTERVAL 45 DAY FROM projects WHERE projects.id=8), 1, 390, 390);
INSERT INTO supporting_packages(id, option_list, package_count, order_id, project_package_id, supporting_project_id) VALUES (390, '["스킨케어"]', 7, 390, 8, 390);
INSERT INTO supporting_projects(supporting_project_id, supported_at, delivery_id, payment_id, project_id, user_id) VALUES (391, (SELECT projects.end_date - INTERVAL 22 DAY FROM projects WHERE projects.id=8), 391, 391, 8, 10);
INSERT INTO orders (order_id, created_at, delivery_id, payment_id, supporting_project_id) VALUES (391, (SELECT projects.end_date - INTERVAL 22 DAY FROM projects WHERE projects.id=8), 1, 391, 391);
INSERT INTO supporting_packages(id, option_list, package_count, order_id, project_package_id, supporting_project_id) VALUES (391, '["메이크업"]', 10, 391, 8, 391);
INSERT INTO supporting_projects(supporting_project_id, supported_at, delivery_id, payment_id, project_id, user_id) VALUES (392, (SELECT projects.end_date - INTERVAL 10 DAY FROM projects WHERE projects.id=8), 392, 392, 8, 37);
INSERT INTO orders (order_id, created_at, delivery_id, payment_id, supporting_project_id) VALUES (392, (SELECT projects.end_date - INTERVAL 10 DAY FROM projects WHERE projects.id=8), 1, 392, 392);
INSERT INTO supporting_packages(id, option_list, package_count, order_id, project_package_id, supporting_project_id) VALUES (392, '["헤어"]', 3, 392, 8, 392);
INSERT INTO supporting_projects(supporting_project_id, supported_at, delivery_id, payment_id, project_id, user_id) VALUES (393, (SELECT projects.end_date - INTERVAL 22 DAY FROM projects WHERE projects.id=8), 393, 393, 8, 26);
INSERT INTO orders (order_id, created_at, delivery_id, payment_id, supporting_project_id) VALUES (393, (SELECT projects.end_date - INTERVAL 22 DAY FROM projects WHERE projects.id=8), 1, 393, 393);
INSERT INTO supporting_packages(id, option_list, package_count, order_id, project_package_id, supporting_project_id) VALUES (393, '["스킨케어"]', 4, 393, 8, 393);
INSERT INTO supporting_projects(supporting_project_id, supported_at, delivery_id, payment_id, project_id, user_id) VALUES (394, (SELECT projects.end_date - INTERVAL 50 DAY FROM projects WHERE projects.id=8), 394, 394, 8, 7);
INSERT INTO orders (order_id, created_at, delivery_id, payment_id, supporting_project_id) VALUES (394, (SELECT projects.end_date - INTERVAL 50 DAY FROM projects WHERE projects.id=8), 1, 394, 394);
INSERT INTO supporting_packages(id, option_list, package_count, order_id, project_package_id, supporting_project_id) VALUES (394, '["메이크업"]', 10, 394, 8, 394);
INSERT INTO supporting_projects(supporting_project_id, supported_at, delivery_id, payment_id, project_id, user_id) VALUES (395, (SELECT projects.end_date - INTERVAL 24 DAY FROM projects WHERE projects.id=8), 395, 395, 8, 10);
INSERT INTO orders (order_id, created_at, delivery_id, payment_id, supporting_project_id) VALUES (395, (SELECT projects.end_date - INTERVAL 24 DAY FROM projects WHERE projects.id=8), 1, 395, 395);
INSERT INTO supporting_packages(id, option_list, package_count, order_id, project_package_id, supporting_project_id) VALUES (395, '["헤어"]', 7, 395, 8, 395);
INSERT INTO supporting_projects(supporting_project_id, supported_at, delivery_id, payment_id, project_id, user_id) VALUES (396, (SELECT projects.end_date - INTERVAL 29 DAY FROM projects WHERE projects.id=8), 396, 396, 8, 16);
INSERT INTO orders (order_id, created_at, delivery_id, payment_id, supporting_project_id) VALUES (396, (SELECT projects.end_date - INTERVAL 29 DAY FROM projects WHERE projects.id=8), 1, 396, 396);
INSERT INTO supporting_packages(id, option_list, package_count, order_id, project_package_id, supporting_project_id) VALUES (396, '["헤어"]', 5, 396, 8, 396);
INSERT INTO supporting_projects(supporting_project_id, supported_at, delivery_id, payment_id, project_id, user_id) VALUES (397, (SELECT projects.end_date - INTERVAL 21 DAY FROM projects WHERE projects.id=8), 397, 397, 8, 6);
INSERT INTO orders (order_id, created_at, delivery_id, payment_id, supporting_project_id) VALUES (397, (SELECT projects.end_date - INTERVAL 21 DAY FROM projects WHERE projects.id=8), 1, 397, 397);
INSERT INTO supporting_packages(id, option_list, package_count, order_id, project_package_id, supporting_project_id) VALUES (397, '["헤어"]', 8, 397, 8, 397);
INSERT INTO supporting_projects(supporting_project_id, supported_at, delivery_id, payment_id, project_id, user_id) VALUES (398, (SELECT projects.end_date - INTERVAL 38 DAY FROM projects WHERE projects.id=8), 398, 398, 8, 29);
INSERT INTO orders (order_id, created_at, delivery_id, payment_id, supporting_project_id) VALUES (398, (SELECT projects.end_date - INTERVAL 38 DAY FROM projects WHERE projects.id=8), 1, 398, 398);
INSERT INTO supporting_packages(id, option_list, package_count, order_id, project_package_id, supporting_project_id) VALUES (398, '["스킨케어"]', 8, 398, 8, 398);
INSERT INTO supporting_projects(supporting_project_id, supported_at, delivery_id, payment_id, project_id, user_id) VALUES (399, (SELECT projects.end_date - INTERVAL 34 DAY FROM projects WHERE projects.id=8), 399, 399, 8, 3);
INSERT INTO orders (order_id, created_at, delivery_id, payment_id, supporting_project_id) VALUES (399, (SELECT projects.end_date - INTERVAL 34 DAY FROM projects WHERE projects.id=8), 1, 399, 399);
INSERT INTO supporting_packages(id, option_list, package_count, order_id, project_package_id, supporting_project_id) VALUES (399, '["헤어"]', 6, 399, 8, 399);
INSERT INTO supporting_projects(supporting_project_id, supported_at, delivery_id, payment_id, project_id, user_id) VALUES (400, (SELECT projects.end_date - INTERVAL 45 DAY FROM projects WHERE projects.id=8), 400, 400, 8, 18);
INSERT INTO orders (order_id, created_at, delivery_id, payment_id, supporting_project_id) VALUES (400, (SELECT projects.end_date - INTERVAL 45 DAY FROM projects WHERE projects.id=8), 1, 400, 400);
INSERT INTO supporting_packages(id, option_list, package_count, order_id, project_package_id, supporting_project_id) VALUES (400, '["헤어"]', 1, 400, 8, 400);
INSERT INTO supporting_projects(supporting_project_id, supported_at, delivery_id, payment_id, project_id, user_id) VALUES (401, (SELECT projects.end_date - INTERVAL 14 DAY FROM projects WHERE projects.id=8), 401, 401, 8, 1);
INSERT INTO orders (order_id, created_at, delivery_id, payment_id, supporting_project_id) VALUES (401, (SELECT projects.end_date - INTERVAL 14 DAY FROM projects WHERE projects.id=8), 1, 401, 401);
INSERT INTO supporting_packages(id, option_list, package_count, order_id, project_package_id, supporting_project_id) VALUES (401, '["헤어"]', 10, 401, 8, 401);
INSERT INTO supporting_projects(supporting_project_id, supported_at, delivery_id, payment_id, project_id, user_id) VALUES (402, (SELECT projects.end_date - INTERVAL 15 DAY FROM projects WHERE projects.id=8), 402, 402, 8, 8);
INSERT INTO orders (order_id, created_at, delivery_id, payment_id, supporting_project_id) VALUES (402, (SELECT projects.end_date - INTERVAL 15 DAY FROM projects WHERE projects.id=8), 1, 402, 402);
INSERT INTO supporting_packages(id, option_list, package_count, order_id, project_package_id, supporting_project_id) VALUES (402, '["스킨케어"]', 2, 402, 8, 402);
INSERT INTO supporting_projects(supporting_project_id, supported_at, delivery_id, payment_id, project_id, user_id) VALUES (403, (SELECT projects.end_date - INTERVAL 10 DAY FROM projects WHERE projects.id=8), 403, 403, 8, 1);
INSERT INTO orders (order_id, created_at, delivery_id, payment_id, supporting_project_id) VALUES (403, (SELECT projects.end_date - INTERVAL 10 DAY FROM projects WHERE projects.id=8), 1, 403, 403);
INSERT INTO supporting_packages(id, option_list, package_count, order_id, project_package_id, supporting_project_id) VALUES (403, '["스킨케어"]', 10, 403, 8, 403);
INSERT INTO supporting_projects(supporting_project_id, supported_at, delivery_id, payment_id, project_id, user_id) VALUES (404, (SELECT projects.end_date - INTERVAL 31 DAY FROM projects WHERE projects.id=8), 404, 404, 8, 29);
INSERT INTO orders (order_id, created_at, delivery_id, payment_id, supporting_project_id) VALUES (404, (SELECT projects.end_date - INTERVAL 31 DAY FROM projects WHERE projects.id=8), 1, 404, 404);
INSERT INTO supporting_packages(id, option_list, package_count, order_id, project_package_id, supporting_project_id) VALUES (404, '["메이크업"]', 4, 404, 8, 404);
INSERT INTO supporting_projects(supporting_project_id, supported_at, delivery_id, payment_id, project_id, user_id) VALUES (405, (SELECT projects.end_date - INTERVAL 35 DAY FROM projects WHERE projects.id=8), 405, 405, 8, 27);
INSERT INTO orders (order_id, created_at, delivery_id, payment_id, supporting_project_id) VALUES (405, (SELECT projects.end_date - INTERVAL 35 DAY FROM projects WHERE projects.id=8), 1, 405, 405);
INSERT INTO supporting_packages(id, option_list, package_count, order_id, project_package_id, supporting_project_id) VALUES (405, '["헤어"]', 4, 405, 8, 405);
INSERT INTO supporting_projects(supporting_project_id, supported_at, delivery_id, payment_id, project_id, user_id) VALUES (406, (SELECT projects.end_date - INTERVAL 7 DAY FROM projects WHERE projects.id=8), 406, 406, 8, 19);
INSERT INTO orders (order_id, created_at, delivery_id, payment_id, supporting_project_id) VALUES (406, (SELECT projects.end_date - INTERVAL 7 DAY FROM projects WHERE projects.id=8), 1, 406, 406);
INSERT INTO supporting_packages(id, option_list, package_count, order_id, project_package_id, supporting_project_id) VALUES (406, '["헤어"]', 5, 406, 8, 406);
INSERT INTO supporting_projects(supporting_project_id, supported_at, delivery_id, payment_id, project_id, user_id) VALUES (407, (SELECT projects.end_date - INTERVAL 43 DAY FROM projects WHERE projects.id=8), 407, 407, 8, 32);
INSERT INTO orders (order_id, created_at, delivery_id, payment_id, supporting_project_id) VALUES (407, (SELECT projects.end_date - INTERVAL 43 DAY FROM projects WHERE projects.id=8), 1, 407, 407);
INSERT INTO supporting_packages(id, option_list, package_count, order_id, project_package_id, supporting_project_id) VALUES (407, '["헤어"]', 10, 407, 8, 407);
INSERT INTO supporting_projects(supporting_project_id, supported_at, delivery_id, payment_id, project_id, user_id) VALUES (408, (SELECT projects.end_date - INTERVAL 20 DAY FROM projects WHERE projects.id=8), 408, 408, 8, 4);
INSERT INTO orders (order_id, created_at, delivery_id, payment_id, supporting_project_id) VALUES (408, (SELECT projects.end_date - INTERVAL 20 DAY FROM projects WHERE projects.id=8), 1, 408, 408);
INSERT INTO supporting_packages(id, option_list, package_count, order_id, project_package_id, supporting_project_id) VALUES (408, '["메이크업"]', 1, 408, 8, 408);
INSERT INTO supporting_projects(supporting_project_id, supported_at, delivery_id, payment_id, project_id, user_id) VALUES (409, (SELECT projects.end_date - INTERVAL 7 DAY FROM projects WHERE projects.id=8), 409, 409, 8, 10);
INSERT INTO orders (order_id, created_at, delivery_id, payment_id, supporting_project_id) VALUES (409, (SELECT projects.end_date - INTERVAL 7 DAY FROM projects WHERE projects.id=8), 1, 409, 409);
INSERT INTO supporting_packages(id, option_list, package_count, order_id, project_package_id, supporting_project_id) VALUES (409, '["스킨케어"]', 7, 409, 8, 409);
INSERT INTO supporting_projects(supporting_project_id, supported_at, delivery_id, payment_id, project_id, user_id) VALUES (410, (SELECT projects.end_date - INTERVAL 19 DAY FROM projects WHERE projects.id=8), 410, 410, 8, 38);
INSERT INTO orders (order_id, created_at, delivery_id, payment_id, supporting_project_id) VALUES (410, (SELECT projects.end_date - INTERVAL 19 DAY FROM projects WHERE projects.id=8), 1, 410, 410);
INSERT INTO supporting_packages(id, option_list, package_count, order_id, project_package_id, supporting_project_id) VALUES (410, '["메이크업"]', 6, 410, 8, 410);
INSERT INTO supporting_projects(supporting_project_id, supported_at, delivery_id, payment_id, project_id, user_id) VALUES (411, (SELECT projects.end_date - INTERVAL 32 DAY FROM projects WHERE projects.id=8), 411, 411, 8, 5);
INSERT INTO orders (order_id, created_at, delivery_id, payment_id, supporting_project_id) VALUES (411, (SELECT projects.end_date - INTERVAL 32 DAY FROM projects WHERE projects.id=8), 1, 411, 411);
INSERT INTO supporting_packages(id, option_list, package_count, order_id, project_package_id, supporting_project_id) VALUES (411, '["헤어"]', 1, 411, 8, 411);
INSERT INTO supporting_projects(supporting_project_id, supported_at, delivery_id, payment_id, project_id, user_id) VALUES (412, (SELECT projects.end_date - INTERVAL 46 DAY FROM projects WHERE projects.id=8), 412, 412, 8, 23);
INSERT INTO orders (order_id, created_at, delivery_id, payment_id, supporting_project_id) VALUES (412, (SELECT projects.end_date - INTERVAL 46 DAY FROM projects WHERE projects.id=8), 1, 412, 412);
INSERT INTO supporting_packages(id, option_list, package_count, order_id, project_package_id, supporting_project_id) VALUES (412, '["스킨케어"]', 1, 412, 8, 412);
INSERT INTO supporting_projects(supporting_project_id, supported_at, delivery_id, payment_id, project_id, user_id) VALUES (413, (SELECT projects.end_date - INTERVAL 19 DAY FROM projects WHERE projects.id=8), 413, 413, 8, 18);
INSERT INTO orders (order_id, created_at, delivery_id, payment_id, supporting_project_id) VALUES (413, (SELECT projects.end_date - INTERVAL 19 DAY FROM projects WHERE projects.id=8), 1, 413, 413);
INSERT INTO supporting_packages(id, option_list, package_count, order_id, project_package_id, supporting_project_id) VALUES (413, '["스킨케어"]', 5, 413, 8, 413);
INSERT INTO supporting_projects(supporting_project_id, supported_at, delivery_id, payment_id, project_id, user_id) VALUES (414, (SELECT projects.end_date - INTERVAL 43 DAY FROM projects WHERE projects.id=8), 414, 414, 8, 36);
INSERT INTO orders (order_id, created_at, delivery_id, payment_id, supporting_project_id) VALUES (414, (SELECT projects.end_date - INTERVAL 43 DAY FROM projects WHERE projects.id=8), 1, 414, 414);
INSERT INTO supporting_packages(id, option_list, package_count, order_id, project_package_id, supporting_project_id) VALUES (414, '["메이크업"]', 1, 414, 8, 414);
INSERT INTO supporting_projects(supporting_project_id, supported_at, delivery_id, payment_id, project_id, user_id) VALUES (415, (SELECT projects.end_date - INTERVAL 26 DAY FROM projects WHERE projects.id=8), 415, 415, 8, 35);
INSERT INTO orders (order_id, created_at, delivery_id, payment_id, supporting_project_id) VALUES (415, (SELECT projects.end_date - INTERVAL 26 DAY FROM projects WHERE projects.id=8), 1, 415, 415);
INSERT INTO supporting_packages(id, option_list, package_count, order_id, project_package_id, supporting_project_id) VALUES (415, '["헤어"]', 2, 415, 8, 415);
INSERT INTO supporting_projects(supporting_project_id, supported_at, delivery_id, payment_id, project_id, user_id) VALUES (416, (SELECT projects.end_date - INTERVAL 34 DAY FROM projects WHERE projects.id=8), 416, 416, 8, 16);
INSERT INTO orders (order_id, created_at, delivery_id, payment_id, supporting_project_id) VALUES (416, (SELECT projects.end_date - INTERVAL 34 DAY FROM projects WHERE projects.id=8), 1, 416, 416);
INSERT INTO supporting_packages(id, option_list, package_count, order_id, project_package_id, supporting_project_id) VALUES (416, '["메이크업"]', 5, 416, 8, 416);
INSERT INTO supporting_projects(supporting_project_id, supported_at, delivery_id, payment_id, project_id, user_id) VALUES (417, (SELECT projects.end_date - INTERVAL 40 DAY FROM projects WHERE projects.id=8), 417, 417, 8, 14);
INSERT INTO orders (order_id, created_at, delivery_id, payment_id, supporting_project_id) VALUES (417, (SELECT projects.end_date - INTERVAL 40 DAY FROM projects WHERE projects.id=8), 1, 417, 417);
INSERT INTO supporting_packages(id, option_list, package_count, order_id, project_package_id, supporting_project_id) VALUES (417, '["스킨케어"]', 6, 417, 8, 417);
INSERT INTO supporting_projects(supporting_project_id, supported_at, delivery_id, payment_id, project_id, user_id) VALUES (418, (SELECT projects.end_date - INTERVAL 46 DAY FROM projects WHERE projects.id=8), 418, 418, 8, 23);
INSERT INTO orders (order_id, created_at, delivery_id, payment_id, supporting_project_id) VALUES (418, (SELECT projects.end_date - INTERVAL 46 DAY FROM projects WHERE projects.id=8), 1, 418, 418);
INSERT INTO supporting_packages(id, option_list, package_count, order_id, project_package_id, supporting_project_id) VALUES (418, '["스킨케어"]', 1, 418, 8, 418);
INSERT INTO supporting_projects(supporting_project_id, supported_at, delivery_id, payment_id, project_id, user_id) VALUES (419, (SELECT projects.end_date - INTERVAL 49 DAY FROM projects WHERE projects.id=8), 419, 419, 8, 35);
INSERT INTO orders (order_id, created_at, delivery_id, payment_id, supporting_project_id) VALUES (419, (SELECT projects.end_date - INTERVAL 49 DAY FROM projects WHERE projects.id=8), 1, 419, 419);
INSERT INTO supporting_packages(id, option_list, package_count, order_id, project_package_id, supporting_project_id) VALUES (419, '["메이크업"]', 3, 419, 8, 419);
INSERT INTO supporting_projects(supporting_project_id, supported_at, delivery_id, payment_id, project_id, user_id) VALUES (420, (SELECT projects.end_date - INTERVAL 29 DAY FROM projects WHERE projects.id=8), 420, 420, 8, 25);
INSERT INTO orders (order_id, created_at, delivery_id, payment_id, supporting_project_id) VALUES (420, (SELECT projects.end_date - INTERVAL 29 DAY FROM projects WHERE projects.id=8), 1, 420, 420);
INSERT INTO supporting_packages(id, option_list, package_count, order_id, project_package_id, supporting_project_id) VALUES (420, '["헤어"]', 10, 420, 8, 420);
INSERT INTO supporting_projects(supporting_project_id, supported_at, delivery_id, payment_id, project_id, user_id) VALUES (421, (SELECT projects.end_date - INTERVAL 15 DAY FROM projects WHERE projects.id=8), 421, 421, 8, 35);
INSERT INTO orders (order_id, created_at, delivery_id, payment_id, supporting_project_id) VALUES (421, (SELECT projects.end_date - INTERVAL 15 DAY FROM projects WHERE projects.id=8), 1, 421, 421);
INSERT INTO supporting_packages(id, option_list, package_count, order_id, project_package_id, supporting_project_id) VALUES (421, '["스킨케어"]', 7, 421, 8, 421);
INSERT INTO supporting_projects(supporting_project_id, supported_at, delivery_id, payment_id, project_id, user_id) VALUES (422, (SELECT projects.end_date - INTERVAL 46 DAY FROM projects WHERE projects.id=8), 422, 422, 8, 18);
INSERT INTO orders (order_id, created_at, delivery_id, payment_id, supporting_project_id) VALUES (422, (SELECT projects.end_date - INTERVAL 46 DAY FROM projects WHERE projects.id=8), 1, 422, 422);
INSERT INTO supporting_packages(id, option_list, package_count, order_id, project_package_id, supporting_project_id) VALUES (422, '["스킨케어"]', 3, 422, 8, 422);
INSERT INTO supporting_projects(supporting_project_id, supported_at, delivery_id, payment_id, project_id, user_id) VALUES (423, (SELECT projects.end_date - INTERVAL 9 DAY FROM projects WHERE projects.id=8), 423, 423, 8, 7);
INSERT INTO orders (order_id, created_at, delivery_id, payment_id, supporting_project_id) VALUES (423, (SELECT projects.end_date - INTERVAL 9 DAY FROM projects WHERE projects.id=8), 1, 423, 423);
INSERT INTO supporting_packages(id, option_list, package_count, order_id, project_package_id, supporting_project_id) VALUES (423, '["메이크업"]', 7, 423, 8, 423);
INSERT INTO supporting_projects(supporting_project_id, supported_at, delivery_id, payment_id, project_id, user_id) VALUES (424, (SELECT projects.end_date - INTERVAL 27 DAY FROM projects WHERE projects.id=8), 424, 424, 8, 4);
INSERT INTO orders (order_id, created_at, delivery_id, payment_id, supporting_project_id) VALUES (424, (SELECT projects.end_date - INTERVAL 27 DAY FROM projects WHERE projects.id=8), 1, 424, 424);
INSERT INTO supporting_packages(id, option_list, package_count, order_id, project_package_id, supporting_project_id) VALUES (424, '["스킨케어"]', 2, 424, 8, 424);
INSERT INTO supporting_projects(supporting_project_id, supported_at, delivery_id, payment_id, project_id, user_id) VALUES (425, (SELECT projects.end_date - INTERVAL 38 DAY FROM projects WHERE projects.id=8), 425, 425, 8, 27);
INSERT INTO orders (order_id, created_at, delivery_id, payment_id, supporting_project_id) VALUES (425, (SELECT projects.end_date - INTERVAL 38 DAY FROM projects WHERE projects.id=8), 1, 425, 425);
INSERT INTO supporting_packages(id, option_list, package_count, order_id, project_package_id, supporting_project_id) VALUES (425, '["메이크업"]', 8, 425, 8, 425);
INSERT INTO supporting_projects(supporting_project_id, supported_at, delivery_id, payment_id, project_id, user_id) VALUES (426, (SELECT projects.end_date - INTERVAL 26 DAY FROM projects WHERE projects.id=8), 426, 426, 8, 29);
INSERT INTO orders (order_id, created_at, delivery_id, payment_id, supporting_project_id) VALUES (426, (SELECT projects.end_date - INTERVAL 26 DAY FROM projects WHERE projects.id=8), 1, 426, 426);
INSERT INTO supporting_packages(id, option_list, package_count, order_id, project_package_id, supporting_project_id) VALUES (426, '["스킨케어"]', 3, 426, 8, 426);
INSERT INTO supporting_projects(supporting_project_id, supported_at, delivery_id, payment_id, project_id, user_id) VALUES (427, (SELECT projects.end_date - INTERVAL 16 DAY FROM projects WHERE projects.id=8), 427, 427, 8, 2);
INSERT INTO orders (order_id, created_at, delivery_id, payment_id, supporting_project_id) VALUES (427, (SELECT projects.end_date - INTERVAL 16 DAY FROM projects WHERE projects.id=8), 1, 427, 427);
INSERT INTO supporting_packages(id, option_list, package_count, order_id, project_package_id, supporting_project_id) VALUES (427, '["스킨케어"]', 10, 427, 8, 427);
INSERT INTO supporting_projects(supporting_project_id, supported_at, delivery_id, payment_id, project_id, user_id) VALUES (428, (SELECT projects.end_date - INTERVAL 34 DAY FROM projects WHERE projects.id=8), 428, 428, 8, 31);
INSERT INTO orders (order_id, created_at, delivery_id, payment_id, supporting_project_id) VALUES (428, (SELECT projects.end_date - INTERVAL 34 DAY FROM projects WHERE projects.id=8), 1, 428, 428);
INSERT INTO supporting_packages(id, option_list, package_count, order_id, project_package_id, supporting_project_id) VALUES (428, '["스킨케어"]', 3, 428, 8, 428);
INSERT INTO supporting_projects(supporting_project_id, supported_at, delivery_id, payment_id, project_id, user_id) VALUES (429, (SELECT projects.end_date - INTERVAL 25 DAY FROM projects WHERE projects.id=8), 429, 429, 8, 1);
INSERT INTO orders (order_id, created_at, delivery_id, payment_id, supporting_project_id) VALUES (429, (SELECT projects.end_date - INTERVAL 25 DAY FROM projects WHERE projects.id=8), 1, 429, 429);
INSERT INTO supporting_packages(id, option_list, package_count, order_id, project_package_id, supporting_project_id) VALUES (429, '["헤어"]', 7, 429, 8, 429);
INSERT INTO supporting_projects(supporting_project_id, supported_at, delivery_id, payment_id, project_id, user_id) VALUES (430, (SELECT projects.end_date - INTERVAL 35 DAY FROM projects WHERE projects.id=8), 430, 430, 8, 10);
INSERT INTO orders (order_id, created_at, delivery_id, payment_id, supporting_project_id) VALUES (430, (SELECT projects.end_date - INTERVAL 35 DAY FROM projects WHERE projects.id=8), 1, 430, 430);
INSERT INTO supporting_packages(id, option_list, package_count, order_id, project_package_id, supporting_project_id) VALUES (430, '["스킨케어"]', 2, 430, 8, 430);
INSERT INTO supporting_projects(supporting_project_id, supported_at, delivery_id, payment_id, project_id, user_id) VALUES (431, (SELECT projects.end_date - INTERVAL 50 DAY FROM projects WHERE projects.id=8), 431, 431, 8, 17);
INSERT INTO orders (order_id, created_at, delivery_id, payment_id, supporting_project_id) VALUES (431, (SELECT projects.end_date - INTERVAL 50 DAY FROM projects WHERE projects.id=8), 1, 431, 431);
INSERT INTO supporting_packages(id, option_list, package_count, order_id, project_package_id, supporting_project_id) VALUES (431, '["스킨케어"]', 4, 431, 8, 431);
INSERT INTO supporting_projects(supporting_project_id, supported_at, delivery_id, payment_id, project_id, user_id) VALUES (432, (SELECT projects.end_date - INTERVAL 46 DAY FROM projects WHERE projects.id=8), 432, 432, 8, 38);
INSERT INTO orders (order_id, created_at, delivery_id, payment_id, supporting_project_id) VALUES (432, (SELECT projects.end_date - INTERVAL 46 DAY FROM projects WHERE projects.id=8), 1, 432, 432);
INSERT INTO supporting_packages(id, option_list, package_count, order_id, project_package_id, supporting_project_id) VALUES (432, '["스킨케어"]', 1, 432, 8, 432);
INSERT INTO supporting_projects(supporting_project_id, supported_at, delivery_id, payment_id, project_id, user_id) VALUES (433, (SELECT projects.end_date - INTERVAL 31 DAY FROM projects WHERE projects.id=8), 433, 433, 8, 30);
INSERT INTO orders (order_id, created_at, delivery_id, payment_id, supporting_project_id) VALUES (433, (SELECT projects.end_date - INTERVAL 31 DAY FROM projects WHERE projects.id=8), 1, 433, 433);
INSERT INTO supporting_packages(id, option_list, package_count, order_id, project_package_id, supporting_project_id) VALUES (433, '["스킨케어"]', 5, 433, 8, 433);
INSERT INTO supporting_projects(supporting_project_id, supported_at, delivery_id, payment_id, project_id, user_id) VALUES (434, (SELECT projects.end_date - INTERVAL 24 DAY FROM projects WHERE projects.id=8), 434, 434, 8, 8);
INSERT INTO orders (order_id, created_at, delivery_id, payment_id, supporting_project_id) VALUES (434, (SELECT projects.end_date - INTERVAL 24 DAY FROM projects WHERE projects.id=8), 1, 434, 434);
INSERT INTO supporting_packages(id, option_list, package_count, order_id, project_package_id, supporting_project_id) VALUES (434, '["헤어"]', 8, 434, 8, 434);
INSERT INTO supporting_projects(supporting_project_id, supported_at, delivery_id, payment_id, project_id, user_id) VALUES (435, (SELECT projects.end_date - INTERVAL 26 DAY FROM projects WHERE projects.id=8), 435, 435, 8, 16);
INSERT INTO orders (order_id, created_at, delivery_id, payment_id, supporting_project_id) VALUES (435, (SELECT projects.end_date - INTERVAL 26 DAY FROM projects WHERE projects.id=8), 1, 435, 435);
INSERT INTO supporting_packages(id, option_list, package_count, order_id, project_package_id, supporting_project_id) VALUES (435, '["스킨케어"]', 10, 435, 8, 435);
INSERT INTO supporting_projects(supporting_project_id, supported_at, delivery_id, payment_id, project_id, user_id) VALUES (436, (SELECT projects.end_date - INTERVAL 41 DAY FROM projects WHERE projects.id=8), 436, 436, 8, 18);
INSERT INTO orders (order_id, created_at, delivery_id, payment_id, supporting_project_id) VALUES (436, (SELECT projects.end_date - INTERVAL 41 DAY FROM projects WHERE projects.id=8), 1, 436, 436);
INSERT INTO supporting_packages(id, option_list, package_count, order_id, project_package_id, supporting_project_id) VALUES (436, '["헤어"]', 6, 436, 8, 436);
INSERT INTO supporting_projects(supporting_project_id, supported_at, delivery_id, payment_id, project_id, user_id) VALUES (437, (SELECT projects.end_date - INTERVAL 20 DAY FROM projects WHERE projects.id=8), 437, 437, 8, 36);
INSERT INTO orders (order_id, created_at, delivery_id, payment_id, supporting_project_id) VALUES (437, (SELECT projects.end_date - INTERVAL 20 DAY FROM projects WHERE projects.id=8), 1, 437, 437);
INSERT INTO supporting_packages(id, option_list, package_count, order_id, project_package_id, supporting_project_id) VALUES (437, '["메이크업"]', 5, 437, 8, 437);
INSERT INTO supporting_projects(supporting_project_id, supported_at, delivery_id, payment_id, project_id, user_id) VALUES (438, (SELECT projects.end_date - INTERVAL 8 DAY FROM projects WHERE projects.id=8), 438, 438, 8, 15);
INSERT INTO orders (order_id, created_at, delivery_id, payment_id, supporting_project_id) VALUES (438, (SELECT projects.end_date - INTERVAL 8 DAY FROM projects WHERE projects.id=8), 1, 438, 438);
INSERT INTO supporting_packages(id, option_list, package_count, order_id, project_package_id, supporting_project_id) VALUES (438, '["메이크업"]', 7, 438, 8, 438);
INSERT INTO supporting_projects(supporting_project_id, supported_at, delivery_id, payment_id, project_id, user_id) VALUES (439, (SELECT projects.end_date - INTERVAL 45 DAY FROM projects WHERE projects.id=8), 439, 439, 8, 31);
INSERT INTO orders (order_id, created_at, delivery_id, payment_id, supporting_project_id) VALUES (439, (SELECT projects.end_date - INTERVAL 45 DAY FROM projects WHERE projects.id=8), 1, 439, 439);
INSERT INTO supporting_packages(id, option_list, package_count, order_id, project_package_id, supporting_project_id) VALUES (439, '["메이크업"]', 5, 439, 8, 439);
INSERT INTO supporting_projects(supporting_project_id, supported_at, delivery_id, payment_id, project_id, user_id) VALUES (440, (SELECT projects.end_date - INTERVAL 8 DAY FROM projects WHERE projects.id=8), 440, 440, 8, 34);
INSERT INTO orders (order_id, created_at, delivery_id, payment_id, supporting_project_id) VALUES (440, (SELECT projects.end_date - INTERVAL 8 DAY FROM projects WHERE projects.id=8), 1, 440, 440);
INSERT INTO supporting_packages(id, option_list, package_count, order_id, project_package_id, supporting_project_id) VALUES (440, '["헤어"]', 6, 440, 8, 440);
INSERT INTO supporting_projects(supporting_project_id, supported_at, delivery_id, payment_id, project_id, user_id) VALUES (441, (SELECT projects.end_date - INTERVAL 21 DAY FROM projects WHERE projects.id=8), 441, 441, 8, 38);
INSERT INTO orders (order_id, created_at, delivery_id, payment_id, supporting_project_id) VALUES (441, (SELECT projects.end_date - INTERVAL 21 DAY FROM projects WHERE projects.id=8), 1, 441, 441);
INSERT INTO supporting_packages(id, option_list, package_count, order_id, project_package_id, supporting_project_id) VALUES (441, '["메이크업"]', 10, 441, 8, 441);
INSERT INTO supporting_projects(supporting_project_id, supported_at, delivery_id, payment_id, project_id, user_id) VALUES (442, (SELECT projects.end_date - INTERVAL 34 DAY FROM projects WHERE projects.id=8), 442, 442, 8, 30);
INSERT INTO orders (order_id, created_at, delivery_id, payment_id, supporting_project_id) VALUES (442, (SELECT projects.end_date - INTERVAL 34 DAY FROM projects WHERE projects.id=8), 1, 442, 442);
INSERT INTO supporting_packages(id, option_list, package_count, order_id, project_package_id, supporting_project_id) VALUES (442, '["메이크업"]', 1, 442, 8, 442);
INSERT INTO supporting_projects(supporting_project_id, supported_at, delivery_id, payment_id, project_id, user_id) VALUES (443, (SELECT projects.end_date - INTERVAL 47 DAY FROM projects WHERE projects.id=8), 443, 443, 8, 26);
INSERT INTO orders (order_id, created_at, delivery_id, payment_id, supporting_project_id) VALUES (443, (SELECT projects.end_date - INTERVAL 47 DAY FROM projects WHERE projects.id=8), 1, 443, 443);
INSERT INTO supporting_packages(id, option_list, package_count, order_id, project_package_id, supporting_project_id) VALUES (443, '["헤어"]', 3, 443, 8, 443);
INSERT INTO supporting_projects(supporting_project_id, supported_at, delivery_id, payment_id, project_id, user_id) VALUES (444, (SELECT projects.end_date - INTERVAL 17 DAY FROM projects WHERE projects.id=8), 444, 444, 8, 36);
INSERT INTO orders (order_id, created_at, delivery_id, payment_id, supporting_project_id) VALUES (444, (SELECT projects.end_date - INTERVAL 17 DAY FROM projects WHERE projects.id=8), 1, 444, 444);
INSERT INTO supporting_packages(id, option_list, package_count, order_id, project_package_id, supporting_project_id) VALUES (444, '["스킨케어"]', 10, 444, 8, 444);
INSERT INTO supporting_projects(supporting_project_id, supported_at, delivery_id, payment_id, project_id, user_id) VALUES (445, (SELECT projects.end_date - INTERVAL 40 DAY FROM projects WHERE projects.id=8), 445, 445, 8, 3);
INSERT INTO orders (order_id, created_at, delivery_id, payment_id, supporting_project_id) VALUES (445, (SELECT projects.end_date - INTERVAL 40 DAY FROM projects WHERE projects.id=8), 1, 445, 445);
INSERT INTO supporting_packages(id, option_list, package_count, order_id, project_package_id, supporting_project_id) VALUES (445, '["헤어"]', 9, 445, 8, 445);
INSERT INTO supporting_projects(supporting_project_id, supported_at, delivery_id, payment_id, project_id, user_id) VALUES (446, (SELECT projects.end_date - INTERVAL 42 DAY FROM projects WHERE projects.id=8), 446, 446, 8, 27);
INSERT INTO orders (order_id, created_at, delivery_id, payment_id, supporting_project_id) VALUES (446, (SELECT projects.end_date - INTERVAL 42 DAY FROM projects WHERE projects.id=8), 1, 446, 446);
INSERT INTO supporting_packages(id, option_list, package_count, order_id, project_package_id, supporting_project_id) VALUES (446, '["메이크업"]', 3, 446, 8, 446);
INSERT INTO supporting_projects(supporting_project_id, supported_at, delivery_id, payment_id, project_id, user_id) VALUES (447, (SELECT projects.end_date - INTERVAL 50 DAY FROM projects WHERE projects.id=8), 447, 447, 8, 25);
INSERT INTO orders (order_id, created_at, delivery_id, payment_id, supporting_project_id) VALUES (447, (SELECT projects.end_date - INTERVAL 50 DAY FROM projects WHERE projects.id=8), 1, 447, 447);
INSERT INTO supporting_packages(id, option_list, package_count, order_id, project_package_id, supporting_project_id) VALUES (447, '["헤어"]', 1, 447, 8, 447);
INSERT INTO supporting_projects(supporting_project_id, supported_at, delivery_id, payment_id, project_id, user_id) VALUES (448, (SELECT projects.end_date - INTERVAL 41 DAY FROM projects WHERE projects.id=8), 448, 448, 8, 17);
INSERT INTO orders (order_id, created_at, delivery_id, payment_id, supporting_project_id) VALUES (448, (SELECT projects.end_date - INTERVAL 41 DAY FROM projects WHERE projects.id=8), 1, 448, 448);
INSERT INTO supporting_packages(id, option_list, package_count, order_id, project_package_id, supporting_project_id) VALUES (448, '["메이크업"]', 6, 448, 8, 448);
INSERT INTO supporting_projects(supporting_project_id, supported_at, delivery_id, payment_id, project_id, user_id) VALUES (449, (SELECT projects.end_date - INTERVAL 28 DAY FROM projects WHERE projects.id=8), 449, 449, 8, 18);
INSERT INTO orders (order_id, created_at, delivery_id, payment_id, supporting_project_id) VALUES (449, (SELECT projects.end_date - INTERVAL 28 DAY FROM projects WHERE projects.id=8), 1, 449, 449);
INSERT INTO supporting_packages(id, option_list, package_count, order_id, project_package_id, supporting_project_id) VALUES (449, '["헤어"]', 3, 449, 8, 449);
INSERT INTO supporting_projects(supporting_project_id, supported_at, delivery_id, payment_id, project_id, user_id) VALUES (450, (SELECT projects.end_date - INTERVAL 22 DAY FROM projects WHERE projects.id=8), 450, 450, 8, 15);
INSERT INTO orders (order_id, created_at, delivery_id, payment_id, supporting_project_id) VALUES (450, (SELECT projects.end_date - INTERVAL 22 DAY FROM projects WHERE projects.id=8), 1, 450, 450);
INSERT INTO supporting_packages(id, option_list, package_count, order_id, project_package_id, supporting_project_id) VALUES (450, '["헤어"]', 9, 450, 8, 450);
INSERT INTO supporting_projects(supporting_project_id, supported_at, delivery_id, payment_id, project_id, user_id) VALUES (451, (SELECT projects.end_date - INTERVAL 34 DAY FROM projects WHERE projects.id=8), 451, 451, 8, 30);
INSERT INTO orders (order_id, created_at, delivery_id, payment_id, supporting_project_id) VALUES (451, (SELECT projects.end_date - INTERVAL 34 DAY FROM projects WHERE projects.id=8), 1, 451, 451);
INSERT INTO supporting_packages(id, option_list, package_count, order_id, project_package_id, supporting_project_id) VALUES (451, '["메이크업"]', 4, 451, 8, 451);
INSERT INTO supporting_projects(supporting_project_id, supported_at, delivery_id, payment_id, project_id, user_id) VALUES (452, (SELECT projects.end_date - INTERVAL 41 DAY FROM projects WHERE projects.id=8), 452, 452, 8, 2);
INSERT INTO orders (order_id, created_at, delivery_id, payment_id, supporting_project_id) VALUES (452, (SELECT projects.end_date - INTERVAL 41 DAY FROM projects WHERE projects.id=8), 1, 452, 452);
INSERT INTO supporting_packages(id, option_list, package_count, order_id, project_package_id, supporting_project_id) VALUES (452, '["헤어"]', 5, 452, 8, 452);
INSERT INTO supporting_projects(supporting_project_id, supported_at, delivery_id, payment_id, project_id, user_id) VALUES (453, (SELECT projects.end_date - INTERVAL 18 DAY FROM projects WHERE projects.id=8), 453, 453, 8, 10);
INSERT INTO orders (order_id, created_at, delivery_id, payment_id, supporting_project_id) VALUES (453, (SELECT projects.end_date - INTERVAL 18 DAY FROM projects WHERE projects.id=8), 1, 453, 453);
INSERT INTO supporting_packages(id, option_list, package_count, order_id, project_package_id, supporting_project_id) VALUES (453, '["스킨케어"]', 10, 453, 8, 453);
INSERT INTO supporting_projects(supporting_project_id, supported_at, delivery_id, payment_id, project_id, user_id) VALUES (454, (SELECT projects.end_date - INTERVAL 21 DAY FROM projects WHERE projects.id=8), 454, 454, 8, 2);
INSERT INTO orders (order_id, created_at, delivery_id, payment_id, supporting_project_id) VALUES (454, (SELECT projects.end_date - INTERVAL 21 DAY FROM projects WHERE projects.id=8), 1, 454, 454);
INSERT INTO supporting_packages(id, option_list, package_count, order_id, project_package_id, supporting_project_id) VALUES (454, '["스킨케어"]', 4, 454, 8, 454);
INSERT INTO supporting_projects(supporting_project_id, supported_at, delivery_id, payment_id, project_id, user_id) VALUES (455, (SELECT projects.end_date - INTERVAL 41 DAY FROM projects WHERE projects.id=8), 455, 455, 8, 2);
INSERT INTO orders (order_id, created_at, delivery_id, payment_id, supporting_project_id) VALUES (455, (SELECT projects.end_date - INTERVAL 41 DAY FROM projects WHERE projects.id=8), 1, 455, 455);
INSERT INTO supporting_packages(id, option_list, package_count, order_id, project_package_id, supporting_project_id) VALUES (455, '["헤어"]', 7, 455, 8, 455);
INSERT INTO supporting_projects(supporting_project_id, supported_at, delivery_id, payment_id, project_id, user_id) VALUES (456, (SELECT projects.end_date - INTERVAL 25 DAY FROM projects WHERE projects.id=8), 456, 456, 8, 9);
INSERT INTO orders (order_id, created_at, delivery_id, payment_id, supporting_project_id) VALUES (456, (SELECT projects.end_date - INTERVAL 25 DAY FROM projects WHERE projects.id=8), 1, 456, 456);
INSERT INTO supporting_packages(id, option_list, package_count, order_id, project_package_id, supporting_project_id) VALUES (456, '["메이크업"]', 9, 456, 8, 456);
INSERT INTO supporting_projects(supporting_project_id, supported_at, delivery_id, payment_id, project_id, user_id) VALUES (457, (SELECT projects.end_date - INTERVAL 12 DAY FROM projects WHERE projects.id=8), 457, 457, 8, 25);
INSERT INTO orders (order_id, created_at, delivery_id, payment_id, supporting_project_id) VALUES (457, (SELECT projects.end_date - INTERVAL 12 DAY FROM projects WHERE projects.id=8), 1, 457, 457);
INSERT INTO supporting_packages(id, option_list, package_count, order_id, project_package_id, supporting_project_id) VALUES (457, '["헤어"]', 10, 457, 8, 457);
INSERT INTO supporting_projects(supporting_project_id, supported_at, delivery_id, payment_id, project_id, user_id) VALUES (458, (SELECT projects.end_date - INTERVAL 41 DAY FROM projects WHERE projects.id=8), 458, 458, 8, 36);
INSERT INTO orders (order_id, created_at, delivery_id, payment_id, supporting_project_id) VALUES (458, (SELECT projects.end_date - INTERVAL 41 DAY FROM projects WHERE projects.id=8), 1, 458, 458);
INSERT INTO supporting_packages(id, option_list, package_count, order_id, project_package_id, supporting_project_id) VALUES (458, '["스킨케어"]', 8, 458, 8, 458);
INSERT INTO supporting_projects(supporting_project_id, supported_at, delivery_id, payment_id, project_id, user_id) VALUES (459, (SELECT projects.end_date - INTERVAL 34 DAY FROM projects WHERE projects.id=8), 459, 459, 8, 18);
INSERT INTO orders (order_id, created_at, delivery_id, payment_id, supporting_project_id) VALUES (459, (SELECT projects.end_date - INTERVAL 34 DAY FROM projects WHERE projects.id=8), 1, 459, 459);
INSERT INTO supporting_packages(id, option_list, package_count, order_id, project_package_id, supporting_project_id) VALUES (459, '["헤어"]', 3, 459, 8, 459);
INSERT INTO supporting_projects(supporting_project_id, supported_at, delivery_id, payment_id, project_id, user_id) VALUES (460, (SELECT projects.end_date - INTERVAL 42 DAY FROM projects WHERE projects.id=8), 460, 460, 8, 21);
INSERT INTO orders (order_id, created_at, delivery_id, payment_id, supporting_project_id) VALUES (460, (SELECT projects.end_date - INTERVAL 42 DAY FROM projects WHERE projects.id=8), 1, 460, 460);
INSERT INTO supporting_packages(id, option_list, package_count, order_id, project_package_id, supporting_project_id) VALUES (460, '["스킨케어"]', 4, 460, 8, 460);
INSERT INTO supporting_projects(supporting_project_id, supported_at, delivery_id, payment_id, project_id, user_id) VALUES (461, (SELECT projects.end_date - INTERVAL 8 DAY FROM projects WHERE projects.id=8), 461, 461, 8, 6);
INSERT INTO orders (order_id, created_at, delivery_id, payment_id, supporting_project_id) VALUES (461, (SELECT projects.end_date - INTERVAL 8 DAY FROM projects WHERE projects.id=8), 1, 461, 461);
INSERT INTO supporting_packages(id, option_list, package_count, order_id, project_package_id, supporting_project_id) VALUES (461, '["메이크업"]', 7, 461, 8, 461);
INSERT INTO supporting_projects(supporting_project_id, supported_at, delivery_id, payment_id, project_id, user_id) VALUES (462, (SELECT projects.end_date - INTERVAL 12 DAY FROM projects WHERE projects.id=8), 462, 462, 8, 3);
INSERT INTO orders (order_id, created_at, delivery_id, payment_id, supporting_project_id) VALUES (462, (SELECT projects.end_date - INTERVAL 12 DAY FROM projects WHERE projects.id=8), 1, 462, 462);
INSERT INTO supporting_packages(id, option_list, package_count, order_id, project_package_id, supporting_project_id) VALUES (462, '["헤어"]', 7, 462, 8, 462);
INSERT INTO supporting_projects(supporting_project_id, supported_at, delivery_id, payment_id, project_id, user_id) VALUES (463, (SELECT projects.end_date - INTERVAL 44 DAY FROM projects WHERE projects.id=8), 463, 463, 8, 11);
INSERT INTO orders (order_id, created_at, delivery_id, payment_id, supporting_project_id) VALUES (463, (SELECT projects.end_date - INTERVAL 44 DAY FROM projects WHERE projects.id=8), 1, 463, 463);
INSERT INTO supporting_packages(id, option_list, package_count, order_id, project_package_id, supporting_project_id) VALUES (463, '["스킨케어"]', 5, 463, 8, 463);
INSERT INTO supporting_projects(supporting_project_id, supported_at, delivery_id, payment_id, project_id, user_id) VALUES (464, (SELECT projects.end_date - INTERVAL 50 DAY FROM projects WHERE projects.id=8), 464, 464, 8, 1);
INSERT INTO orders (order_id, created_at, delivery_id, payment_id, supporting_project_id) VALUES (464, (SELECT projects.end_date - INTERVAL 50 DAY FROM projects WHERE projects.id=8), 1, 464, 464);
INSERT INTO supporting_packages(id, option_list, package_count, order_id, project_package_id, supporting_project_id) VALUES (464, '["헤어"]', 4, 464, 8, 464);
INSERT INTO supporting_projects(supporting_project_id, supported_at, delivery_id, payment_id, project_id, user_id) VALUES (465, (SELECT projects.end_date - INTERVAL 18 DAY FROM projects WHERE projects.id=8), 465, 465, 8, 24);
INSERT INTO orders (order_id, created_at, delivery_id, payment_id, supporting_project_id) VALUES (465, (SELECT projects.end_date - INTERVAL 18 DAY FROM projects WHERE projects.id=8), 1, 465, 465);
INSERT INTO supporting_packages(id, option_list, package_count, order_id, project_package_id, supporting_project_id) VALUES (465, '["메이크업"]', 7, 465, 8, 465);
INSERT INTO supporting_projects(supporting_project_id, supported_at, delivery_id, payment_id, project_id, user_id) VALUES (466, (SELECT projects.end_date - INTERVAL 18 DAY FROM projects WHERE projects.id=8), 466, 466, 8, 9);
INSERT INTO orders (order_id, created_at, delivery_id, payment_id, supporting_project_id) VALUES (466, (SELECT projects.end_date - INTERVAL 18 DAY FROM projects WHERE projects.id=8), 1, 466, 466);
INSERT INTO supporting_packages(id, option_list, package_count, order_id, project_package_id, supporting_project_id) VALUES (466, '["메이크업"]', 2, 466, 8, 466);
INSERT INTO supporting_projects(supporting_project_id, supported_at, delivery_id, payment_id, project_id, user_id) VALUES (467, (SELECT projects.end_date - INTERVAL 22 DAY FROM projects WHERE projects.id=8), 467, 467, 8, 19);
INSERT INTO orders (order_id, created_at, delivery_id, payment_id, supporting_project_id) VALUES (467, (SELECT projects.end_date - INTERVAL 22 DAY FROM projects WHERE projects.id=8), 1, 467, 467);
INSERT INTO supporting_packages(id, option_list, package_count, order_id, project_package_id, supporting_project_id) VALUES (467, '["헤어"]', 1, 467, 8, 467);
INSERT INTO supporting_projects(supporting_project_id, supported_at, delivery_id, payment_id, project_id, user_id) VALUES (468, (SELECT projects.end_date - INTERVAL 41 DAY FROM projects WHERE projects.id=8), 468, 468, 8, 14);
INSERT INTO orders (order_id, created_at, delivery_id, payment_id, supporting_project_id) VALUES (468, (SELECT projects.end_date - INTERVAL 41 DAY FROM projects WHERE projects.id=8), 1, 468, 468);
INSERT INTO supporting_packages(id, option_list, package_count, order_id, project_package_id, supporting_project_id) VALUES (468, '["메이크업"]', 10, 468, 8, 468);
INSERT INTO supporting_projects(supporting_project_id, supported_at, delivery_id, payment_id, project_id, user_id) VALUES (469, (SELECT projects.end_date - INTERVAL 38 DAY FROM projects WHERE projects.id=8), 469, 469, 8, 13);
INSERT INTO orders (order_id, created_at, delivery_id, payment_id, supporting_project_id) VALUES (469, (SELECT projects.end_date - INTERVAL 38 DAY FROM projects WHERE projects.id=8), 1, 469, 469);
INSERT INTO supporting_packages(id, option_list, package_count, order_id, project_package_id, supporting_project_id) VALUES (469, '["헤어"]', 10, 469, 8, 469);
INSERT INTO supporting_projects(supporting_project_id, supported_at, delivery_id, payment_id, project_id, user_id) VALUES (470, (SELECT projects.end_date - INTERVAL 19 DAY FROM projects WHERE projects.id=8), 470, 470, 8, 38);
INSERT INTO orders (order_id, created_at, delivery_id, payment_id, supporting_project_id) VALUES (470, (SELECT projects.end_date - INTERVAL 19 DAY FROM projects WHERE projects.id=8), 1, 470, 470);
INSERT INTO supporting_packages(id, option_list, package_count, order_id, project_package_id, supporting_project_id) VALUES (470, '["스킨케어"]', 8, 470, 8, 470);
INSERT INTO supporting_projects(supporting_project_id, supported_at, delivery_id, payment_id, project_id, user_id) VALUES (471, (SELECT projects.end_date - INTERVAL 31 DAY FROM projects WHERE projects.id=8), 471, 471, 8, 38);
INSERT INTO orders (order_id, created_at, delivery_id, payment_id, supporting_project_id) VALUES (471, (SELECT projects.end_date - INTERVAL 31 DAY FROM projects WHERE projects.id=8), 1, 471, 471);
INSERT INTO supporting_packages(id, option_list, package_count, order_id, project_package_id, supporting_project_id) VALUES (471, '["스킨케어"]', 4, 471, 8, 471);
INSERT INTO supporting_projects(supporting_project_id, supported_at, delivery_id, payment_id, project_id, user_id) VALUES (472, (SELECT projects.end_date - INTERVAL 30 DAY FROM projects WHERE projects.id=8), 472, 472, 8, 28);
INSERT INTO orders (order_id, created_at, delivery_id, payment_id, supporting_project_id) VALUES (472, (SELECT projects.end_date - INTERVAL 30 DAY FROM projects WHERE projects.id=8), 1, 472, 472);
INSERT INTO supporting_packages(id, option_list, package_count, order_id, project_package_id, supporting_project_id) VALUES (472, '["헤어"]', 7, 472, 8, 472);
INSERT INTO supporting_projects(supporting_project_id, supported_at, delivery_id, payment_id, project_id, user_id) VALUES (473, (SELECT projects.end_date - INTERVAL 33 DAY FROM projects WHERE projects.id=8), 473, 473, 8, 14);
INSERT INTO orders (order_id, created_at, delivery_id, payment_id, supporting_project_id) VALUES (473, (SELECT projects.end_date - INTERVAL 33 DAY FROM projects WHERE projects.id=8), 1, 473, 473);
INSERT INTO supporting_packages(id, option_list, package_count, order_id, project_package_id, supporting_project_id) VALUES (473, '["메이크업"]', 1, 473, 8, 473);
INSERT INTO supporting_projects(supporting_project_id, supported_at, delivery_id, payment_id, project_id, user_id) VALUES (474, (SELECT projects.end_date - INTERVAL 14 DAY FROM projects WHERE projects.id=12), 474, 474, 12, 27);
INSERT INTO orders (order_id, created_at, delivery_id, payment_id, supporting_project_id) VALUES (474, (SELECT projects.end_date - INTERVAL 14 DAY FROM projects WHERE projects.id=12), 1, 474, 474);
INSERT INTO supporting_packages(id, option_list, package_count, order_id, project_package_id, supporting_project_id) VALUES (474, '["내추럴"]', 10, 474, 12, 474);
INSERT INTO supporting_projects(supporting_project_id, supported_at, delivery_id, payment_id, project_id, user_id) VALUES (475, (SELECT projects.end_date - INTERVAL 40 DAY FROM projects WHERE projects.id=12), 475, 475, 12, 10);
INSERT INTO orders (order_id, created_at, delivery_id, payment_id, supporting_project_id) VALUES (475, (SELECT projects.end_date - INTERVAL 40 DAY FROM projects WHERE projects.id=12), 1, 475, 475);
INSERT INTO supporting_packages(id, option_list, package_count, order_id, project_package_id, supporting_project_id) VALUES (475, '["글리터"]', 7, 475, 12, 475);
INSERT INTO supporting_projects(supporting_project_id, supported_at, delivery_id, payment_id, project_id, user_id) VALUES (476, (SELECT projects.end_date - INTERVAL 7 DAY FROM projects WHERE projects.id=12), 476, 476, 12, 27);
INSERT INTO orders (order_id, created_at, delivery_id, payment_id, supporting_project_id) VALUES (476, (SELECT projects.end_date - INTERVAL 7 DAY FROM projects WHERE projects.id=12), 1, 476, 476);
INSERT INTO supporting_packages(id, option_list, package_count, order_id, project_package_id, supporting_project_id) VALUES (476, '["내추럴"]', 6, 476, 12, 476);
INSERT INTO supporting_projects(supporting_project_id, supported_at, delivery_id, payment_id, project_id, user_id) VALUES (477, (SELECT projects.end_date - INTERVAL 38 DAY FROM projects WHERE projects.id=12), 477, 477, 12, 39);
INSERT INTO orders (order_id, created_at, delivery_id, payment_id, supporting_project_id) VALUES (477, (SELECT projects.end_date - INTERVAL 38 DAY FROM projects WHERE projects.id=12), 1, 477, 477);
INSERT INTO supporting_packages(id, option_list, package_count, order_id, project_package_id, supporting_project_id) VALUES (477, '["글리터"]', 9, 477, 12, 477);
INSERT INTO supporting_projects(supporting_project_id, supported_at, delivery_id, payment_id, project_id, user_id) VALUES (478, (SELECT projects.end_date - INTERVAL 46 DAY FROM projects WHERE projects.id=12), 478, 478, 12, 32);
INSERT INTO orders (order_id, created_at, delivery_id, payment_id, supporting_project_id) VALUES (478, (SELECT projects.end_date - INTERVAL 46 DAY FROM projects WHERE projects.id=12), 1, 478, 478);
INSERT INTO supporting_packages(id, option_list, package_count, order_id, project_package_id, supporting_project_id) VALUES (478, '["스모키"]', 1, 478, 12, 478);
INSERT INTO supporting_projects(supporting_project_id, supported_at, delivery_id, payment_id, project_id, user_id) VALUES (479, (SELECT projects.end_date - INTERVAL 28 DAY FROM projects WHERE projects.id=12), 479, 479, 12, 10);
INSERT INTO orders (order_id, created_at, delivery_id, payment_id, supporting_project_id) VALUES (479, (SELECT projects.end_date - INTERVAL 28 DAY FROM projects WHERE projects.id=12), 1, 479, 479);
INSERT INTO supporting_packages(id, option_list, package_count, order_id, project_package_id, supporting_project_id) VALUES (479, '["글리터"]', 5, 479, 12, 479);
INSERT INTO supporting_projects(supporting_project_id, supported_at, delivery_id, payment_id, project_id, user_id) VALUES (480, (SELECT projects.end_date - INTERVAL 11 DAY FROM projects WHERE projects.id=12), 480, 480, 12, 1);
INSERT INTO orders (order_id, created_at, delivery_id, payment_id, supporting_project_id) VALUES (480, (SELECT projects.end_date - INTERVAL 11 DAY FROM projects WHERE projects.id=12), 1, 480, 480);
INSERT INTO supporting_packages(id, option_list, package_count, order_id, project_package_id, supporting_project_id) VALUES (480, '["내추럴"]', 10, 480, 12, 480);
INSERT INTO supporting_projects(supporting_project_id, supported_at, delivery_id, payment_id, project_id, user_id) VALUES (481, (SELECT projects.end_date - INTERVAL 41 DAY FROM projects WHERE projects.id=12), 481, 481, 12, 14);
INSERT INTO orders (order_id, created_at, delivery_id, payment_id, supporting_project_id) VALUES (481, (SELECT projects.end_date - INTERVAL 41 DAY FROM projects WHERE projects.id=12), 1, 481, 481);
INSERT INTO supporting_packages(id, option_list, package_count, order_id, project_package_id, supporting_project_id) VALUES (481, '["글리터"]', 1, 481, 12, 481);
INSERT INTO supporting_projects(supporting_project_id, supported_at, delivery_id, payment_id, project_id, user_id) VALUES (482, (SELECT projects.end_date - INTERVAL 43 DAY FROM projects WHERE projects.id=12), 482, 482, 12, 30);
INSERT INTO orders (order_id, created_at, delivery_id, payment_id, supporting_project_id) VALUES (482, (SELECT projects.end_date - INTERVAL 43 DAY FROM projects WHERE projects.id=12), 1, 482, 482);
INSERT INTO supporting_packages(id, option_list, package_count, order_id, project_package_id, supporting_project_id) VALUES (482, '["내추럴"]', 1, 482, 12, 482);
INSERT INTO supporting_projects(supporting_project_id, supported_at, delivery_id, payment_id, project_id, user_id) VALUES (483, (SELECT projects.end_date - INTERVAL 33 DAY FROM projects WHERE projects.id=12), 483, 483, 12, 24);
INSERT INTO orders (order_id, created_at, delivery_id, payment_id, supporting_project_id) VALUES (483, (SELECT projects.end_date - INTERVAL 33 DAY FROM projects WHERE projects.id=12), 1, 483, 483);
INSERT INTO supporting_packages(id, option_list, package_count, order_id, project_package_id, supporting_project_id) VALUES (483, '["내추럴"]', 7, 483, 12, 483);
INSERT INTO supporting_projects(supporting_project_id, supported_at, delivery_id, payment_id, project_id, user_id) VALUES (484, (SELECT projects.end_date - INTERVAL 42 DAY FROM projects WHERE projects.id=12), 484, 484, 12, 27);
INSERT INTO orders (order_id, created_at, delivery_id, payment_id, supporting_project_id) VALUES (484, (SELECT projects.end_date - INTERVAL 42 DAY FROM projects WHERE projects.id=12), 1, 484, 484);
INSERT INTO supporting_packages(id, option_list, package_count, order_id, project_package_id, supporting_project_id) VALUES (484, '["내추럴"]', 2, 484, 12, 484);
INSERT INTO supporting_projects(supporting_project_id, supported_at, delivery_id, payment_id, project_id, user_id) VALUES (485, (SELECT projects.end_date - INTERVAL 7 DAY FROM projects WHERE projects.id=12), 485, 485, 12, 22);
INSERT INTO orders (order_id, created_at, delivery_id, payment_id, supporting_project_id) VALUES (485, (SELECT projects.end_date - INTERVAL 7 DAY FROM projects WHERE projects.id=12), 1, 485, 485);
INSERT INTO supporting_packages(id, option_list, package_count, order_id, project_package_id, supporting_project_id) VALUES (485, '["내추럴"]', 10, 485, 12, 485);
INSERT INTO supporting_projects(supporting_project_id, supported_at, delivery_id, payment_id, project_id, user_id) VALUES (486, (SELECT projects.end_date - INTERVAL 14 DAY FROM projects WHERE projects.id=12), 486, 486, 12, 6);
INSERT INTO orders (order_id, created_at, delivery_id, payment_id, supporting_project_id) VALUES (486, (SELECT projects.end_date - INTERVAL 14 DAY FROM projects WHERE projects.id=12), 1, 486, 486);
INSERT INTO supporting_packages(id, option_list, package_count, order_id, project_package_id, supporting_project_id) VALUES (486, '["글리터"]', 4, 486, 12, 486);
INSERT INTO supporting_projects(supporting_project_id, supported_at, delivery_id, payment_id, project_id, user_id) VALUES (487, (SELECT projects.end_date - INTERVAL 12 DAY FROM projects WHERE projects.id=12), 487, 487, 12, 28);
INSERT INTO orders (order_id, created_at, delivery_id, payment_id, supporting_project_id) VALUES (487, (SELECT projects.end_date - INTERVAL 12 DAY FROM projects WHERE projects.id=12), 1, 487, 487);
INSERT INTO supporting_packages(id, option_list, package_count, order_id, project_package_id, supporting_project_id) VALUES (487, '["글리터"]', 8, 487, 12, 487);
INSERT INTO supporting_projects(supporting_project_id, supported_at, delivery_id, payment_id, project_id, user_id) VALUES (488, (SELECT projects.end_date - INTERVAL 16 DAY FROM projects WHERE projects.id=12), 488, 488, 12, 27);
INSERT INTO orders (order_id, created_at, delivery_id, payment_id, supporting_project_id) VALUES (488, (SELECT projects.end_date - INTERVAL 16 DAY FROM projects WHERE projects.id=12), 1, 488, 488);
INSERT INTO supporting_packages(id, option_list, package_count, order_id, project_package_id, supporting_project_id) VALUES (488, '["글리터"]', 9, 488, 12, 488);
INSERT INTO supporting_projects(supporting_project_id, supported_at, delivery_id, payment_id, project_id, user_id) VALUES (489, (SELECT projects.end_date - INTERVAL 49 DAY FROM projects WHERE projects.id=12), 489, 489, 12, 25);
INSERT INTO orders (order_id, created_at, delivery_id, payment_id, supporting_project_id) VALUES (489, (SELECT projects.end_date - INTERVAL 49 DAY FROM projects WHERE projects.id=12), 1, 489, 489);
INSERT INTO supporting_packages(id, option_list, package_count, order_id, project_package_id, supporting_project_id) VALUES (489, '["스모키"]', 10, 489, 12, 489);
INSERT INTO supporting_projects(supporting_project_id, supported_at, delivery_id, payment_id, project_id, user_id) VALUES (490, (SELECT projects.end_date - INTERVAL 38 DAY FROM projects WHERE projects.id=12), 490, 490, 12, 14);
INSERT INTO orders (order_id, created_at, delivery_id, payment_id, supporting_project_id) VALUES (490, (SELECT projects.end_date - INTERVAL 38 DAY FROM projects WHERE projects.id=12), 1, 490, 490);
INSERT INTO supporting_packages(id, option_list, package_count, order_id, project_package_id, supporting_project_id) VALUES (490, '["글리터"]', 7, 490, 12, 490);
INSERT INTO supporting_projects(supporting_project_id, supported_at, delivery_id, payment_id, project_id, user_id) VALUES (491, (SELECT projects.end_date - INTERVAL 33 DAY FROM projects WHERE projects.id=12), 491, 491, 12, 32);
INSERT INTO orders (order_id, created_at, delivery_id, payment_id, supporting_project_id) VALUES (491, (SELECT projects.end_date - INTERVAL 33 DAY FROM projects WHERE projects.id=12), 1, 491, 491);
INSERT INTO supporting_packages(id, option_list, package_count, order_id, project_package_id, supporting_project_id) VALUES (491, '["스모키"]', 10, 491, 12, 491);
INSERT INTO supporting_projects(supporting_project_id, supported_at, delivery_id, payment_id, project_id, user_id) VALUES (492, (SELECT projects.end_date - INTERVAL 10 DAY FROM projects WHERE projects.id=12), 492, 492, 12, 22);
INSERT INTO orders (order_id, created_at, delivery_id, payment_id, supporting_project_id) VALUES (492, (SELECT projects.end_date - INTERVAL 10 DAY FROM projects WHERE projects.id=12), 1, 492, 492);
INSERT INTO supporting_packages(id, option_list, package_count, order_id, project_package_id, supporting_project_id) VALUES (492, '["내추럴"]', 7, 492, 12, 492);
INSERT INTO supporting_projects(supporting_project_id, supported_at, delivery_id, payment_id, project_id, user_id) VALUES (493, (SELECT projects.end_date - INTERVAL 40 DAY FROM projects WHERE projects.id=12), 493, 493, 12, 26);
INSERT INTO orders (order_id, created_at, delivery_id, payment_id, supporting_project_id) VALUES (493, (SELECT projects.end_date - INTERVAL 40 DAY FROM projects WHERE projects.id=12), 1, 493, 493);
INSERT INTO supporting_packages(id, option_list, package_count, order_id, project_package_id, supporting_project_id) VALUES (493, '["스모키"]', 1, 493, 12, 493);
INSERT INTO supporting_projects(supporting_project_id, supported_at, delivery_id, payment_id, project_id, user_id) VALUES (494, (SELECT projects.end_date - INTERVAL 39 DAY FROM projects WHERE projects.id=12), 494, 494, 12, 10);
INSERT INTO orders (order_id, created_at, delivery_id, payment_id, supporting_project_id) VALUES (494, (SELECT projects.end_date - INTERVAL 39 DAY FROM projects WHERE projects.id=12), 1, 494, 494);
INSERT INTO supporting_packages(id, option_list, package_count, order_id, project_package_id, supporting_project_id) VALUES (494, '["내추럴"]', 6, 494, 12, 494);
INSERT INTO supporting_projects(supporting_project_id, supported_at, delivery_id, payment_id, project_id, user_id) VALUES (495, (SELECT projects.end_date - INTERVAL 19 DAY FROM projects WHERE projects.id=12), 495, 495, 12, 35);
INSERT INTO orders (order_id, created_at, delivery_id, payment_id, supporting_project_id) VALUES (495, (SELECT projects.end_date - INTERVAL 19 DAY FROM projects WHERE projects.id=12), 1, 495, 495);
INSERT INTO supporting_packages(id, option_list, package_count, order_id, project_package_id, supporting_project_id) VALUES (495, '["스모키"]', 4, 495, 12, 495);
INSERT INTO supporting_projects(supporting_project_id, supported_at, delivery_id, payment_id, project_id, user_id) VALUES (496, (SELECT projects.end_date - INTERVAL 37 DAY FROM projects WHERE projects.id=12), 496, 496, 12, 28);
INSERT INTO orders (order_id, created_at, delivery_id, payment_id, supporting_project_id) VALUES (496, (SELECT projects.end_date - INTERVAL 37 DAY FROM projects WHERE projects.id=12), 1, 496, 496);
INSERT INTO supporting_packages(id, option_list, package_count, order_id, project_package_id, supporting_project_id) VALUES (496, '["스모키"]', 7, 496, 12, 496);
INSERT INTO supporting_projects(supporting_project_id, supported_at, delivery_id, payment_id, project_id, user_id) VALUES (497, (SELECT projects.end_date - INTERVAL 19 DAY FROM projects WHERE projects.id=12), 497, 497, 12, 7);
INSERT INTO orders (order_id, created_at, delivery_id, payment_id, supporting_project_id) VALUES (497, (SELECT projects.end_date - INTERVAL 19 DAY FROM projects WHERE projects.id=12), 1, 497, 497);
INSERT INTO supporting_packages(id, option_list, package_count, order_id, project_package_id, supporting_project_id) VALUES (497, '["글리터"]', 6, 497, 12, 497);
INSERT INTO supporting_projects(supporting_project_id, supported_at, delivery_id, payment_id, project_id, user_id) VALUES (498, (SELECT projects.end_date - INTERVAL 8 DAY FROM projects WHERE projects.id=12), 498, 498, 12, 21);
INSERT INTO orders (order_id, created_at, delivery_id, payment_id, supporting_project_id) VALUES (498, (SELECT projects.end_date - INTERVAL 8 DAY FROM projects WHERE projects.id=12), 1, 498, 498);
INSERT INTO supporting_packages(id, option_list, package_count, order_id, project_package_id, supporting_project_id) VALUES (498, '["내추럴"]', 9, 498, 12, 498);
INSERT INTO supporting_projects(supporting_project_id, supported_at, delivery_id, payment_id, project_id, user_id) VALUES (499, (SELECT projects.end_date - INTERVAL 19 DAY FROM projects WHERE projects.id=12), 499, 499, 12, 35);
INSERT INTO orders (order_id, created_at, delivery_id, payment_id, supporting_project_id) VALUES (499, (SELECT projects.end_date - INTERVAL 19 DAY FROM projects WHERE projects.id=12), 1, 499, 499);
INSERT INTO supporting_packages(id, option_list, package_count, order_id, project_package_id, supporting_project_id) VALUES (499, '["내추럴"]', 2, 499, 12, 499);
INSERT INTO supporting_projects(supporting_project_id, supported_at, delivery_id, payment_id, project_id, user_id) VALUES (500, (SELECT projects.end_date - INTERVAL 42 DAY FROM projects WHERE projects.id=12), 500, 500, 12, 3);
INSERT INTO orders (order_id, created_at, delivery_id, payment_id, supporting_project_id) VALUES (500, (SELECT projects.end_date - INTERVAL 42 DAY FROM projects WHERE projects.id=12), 1, 500, 500);
INSERT INTO supporting_packages(id, option_list, package_count, order_id, project_package_id, supporting_project_id) VALUES (500, '["스모키"]', 3, 500, 12, 500);
INSERT INTO supporting_projects(supporting_project_id, supported_at, delivery_id, payment_id, project_id, user_id) VALUES (501, (SELECT projects.end_date - INTERVAL 15 DAY FROM projects WHERE projects.id=12), 501, 501, 12, 38);
INSERT INTO orders (order_id, created_at, delivery_id, payment_id, supporting_project_id) VALUES (501, (SELECT projects.end_date - INTERVAL 15 DAY FROM projects WHERE projects.id=12), 1, 501, 501);
INSERT INTO supporting_packages(id, option_list, package_count, order_id, project_package_id, supporting_project_id) VALUES (501, '["내추럴"]', 8, 501, 12, 501);
INSERT INTO supporting_projects(supporting_project_id, supported_at, delivery_id, payment_id, project_id, user_id) VALUES (502, (SELECT projects.end_date - INTERVAL 9 DAY FROM projects WHERE projects.id=12), 502, 502, 12, 34);
INSERT INTO orders (order_id, created_at, delivery_id, payment_id, supporting_project_id) VALUES (502, (SELECT projects.end_date - INTERVAL 9 DAY FROM projects WHERE projects.id=12), 1, 502, 502);
INSERT INTO supporting_packages(id, option_list, package_count, order_id, project_package_id, supporting_project_id) VALUES (502, '["내추럴"]', 6, 502, 12, 502);
INSERT INTO supporting_projects(supporting_project_id, supported_at, delivery_id, payment_id, project_id, user_id) VALUES (503, (SELECT projects.end_date - INTERVAL 16 DAY FROM projects WHERE projects.id=12), 503, 503, 12, 33);
INSERT INTO orders (order_id, created_at, delivery_id, payment_id, supporting_project_id) VALUES (503, (SELECT projects.end_date - INTERVAL 16 DAY FROM projects WHERE projects.id=12), 1, 503, 503);
INSERT INTO supporting_packages(id, option_list, package_count, order_id, project_package_id, supporting_project_id) VALUES (503, '["글리터"]', 7, 503, 12, 503);
INSERT INTO supporting_projects(supporting_project_id, supported_at, delivery_id, payment_id, project_id, user_id) VALUES (504, (SELECT projects.end_date - INTERVAL 14 DAY FROM projects WHERE projects.id=12), 504, 504, 12, 40);
INSERT INTO orders (order_id, created_at, delivery_id, payment_id, supporting_project_id) VALUES (504, (SELECT projects.end_date - INTERVAL 14 DAY FROM projects WHERE projects.id=12), 1, 504, 504);
INSERT INTO supporting_packages(id, option_list, package_count, order_id, project_package_id, supporting_project_id) VALUES (504, '["내추럴"]', 5, 504, 12, 504);
INSERT INTO supporting_projects(supporting_project_id, supported_at, delivery_id, payment_id, project_id, user_id) VALUES (505, (SELECT projects.end_date - INTERVAL 50 DAY FROM projects WHERE projects.id=12), 505, 505, 12, 31);
INSERT INTO orders (order_id, created_at, delivery_id, payment_id, supporting_project_id) VALUES (505, (SELECT projects.end_date - INTERVAL 50 DAY FROM projects WHERE projects.id=12), 1, 505, 505);
INSERT INTO supporting_packages(id, option_list, package_count, order_id, project_package_id, supporting_project_id) VALUES (505, '["내추럴"]', 8, 505, 12, 505);
INSERT INTO supporting_projects(supporting_project_id, supported_at, delivery_id, payment_id, project_id, user_id) VALUES (506, (SELECT projects.end_date - INTERVAL 25 DAY FROM projects WHERE projects.id=12), 506, 506, 12, 1);
INSERT INTO orders (order_id, created_at, delivery_id, payment_id, supporting_project_id) VALUES (506, (SELECT projects.end_date - INTERVAL 25 DAY FROM projects WHERE projects.id=12), 1, 506, 506);
INSERT INTO supporting_packages(id, option_list, package_count, order_id, project_package_id, supporting_project_id) VALUES (506, '["글리터"]', 7, 506, 12, 506);
INSERT INTO supporting_projects(supporting_project_id, supported_at, delivery_id, payment_id, project_id, user_id) VALUES (507, (SELECT projects.end_date - INTERVAL 45 DAY FROM projects WHERE projects.id=12), 507, 507, 12, 18);
INSERT INTO orders (order_id, created_at, delivery_id, payment_id, supporting_project_id) VALUES (507, (SELECT projects.end_date - INTERVAL 45 DAY FROM projects WHERE projects.id=12), 1, 507, 507);
INSERT INTO supporting_packages(id, option_list, package_count, order_id, project_package_id, supporting_project_id) VALUES (507, '["글리터"]', 2, 507, 12, 507);
INSERT INTO supporting_projects(supporting_project_id, supported_at, delivery_id, payment_id, project_id, user_id) VALUES (508, (SELECT projects.end_date - INTERVAL 28 DAY FROM projects WHERE projects.id=12), 508, 508, 12, 19);
INSERT INTO orders (order_id, created_at, delivery_id, payment_id, supporting_project_id) VALUES (508, (SELECT projects.end_date - INTERVAL 28 DAY FROM projects WHERE projects.id=12), 1, 508, 508);
INSERT INTO supporting_packages(id, option_list, package_count, order_id, project_package_id, supporting_project_id) VALUES (508, '["스모키"]', 1, 508, 12, 508);
INSERT INTO supporting_projects(supporting_project_id, supported_at, delivery_id, payment_id, project_id, user_id) VALUES (509, (SELECT projects.end_date - INTERVAL 50 DAY FROM projects WHERE projects.id=12), 509, 509, 12, 35);
INSERT INTO orders (order_id, created_at, delivery_id, payment_id, supporting_project_id) VALUES (509, (SELECT projects.end_date - INTERVAL 50 DAY FROM projects WHERE projects.id=12), 1, 509, 509);
INSERT INTO supporting_packages(id, option_list, package_count, order_id, project_package_id, supporting_project_id) VALUES (509, '["글리터"]', 3, 509, 12, 509);
INSERT INTO supporting_projects(supporting_project_id, supported_at, delivery_id, payment_id, project_id, user_id) VALUES (510, (SELECT projects.end_date - INTERVAL 25 DAY FROM projects WHERE projects.id=12), 510, 510, 12, 4);
INSERT INTO orders (order_id, created_at, delivery_id, payment_id, supporting_project_id) VALUES (510, (SELECT projects.end_date - INTERVAL 25 DAY FROM projects WHERE projects.id=12), 1, 510, 510);
INSERT INTO supporting_packages(id, option_list, package_count, order_id, project_package_id, supporting_project_id) VALUES (510, '["내추럴"]', 10, 510, 12, 510);
INSERT INTO supporting_projects(supporting_project_id, supported_at, delivery_id, payment_id, project_id, user_id) VALUES (511, (SELECT projects.end_date - INTERVAL 18 DAY FROM projects WHERE projects.id=12), 511, 511, 12, 13);
INSERT INTO orders (order_id, created_at, delivery_id, payment_id, supporting_project_id) VALUES (511, (SELECT projects.end_date - INTERVAL 18 DAY FROM projects WHERE projects.id=12), 1, 511, 511);
INSERT INTO supporting_packages(id, option_list, package_count, order_id, project_package_id, supporting_project_id) VALUES (511, '["내추럴"]', 2, 511, 12, 511);
INSERT INTO supporting_projects(supporting_project_id, supported_at, delivery_id, payment_id, project_id, user_id) VALUES (512, (SELECT projects.end_date - INTERVAL 50 DAY FROM projects WHERE projects.id=12), 512, 512, 12, 5);
INSERT INTO orders (order_id, created_at, delivery_id, payment_id, supporting_project_id) VALUES (512, (SELECT projects.end_date - INTERVAL 50 DAY FROM projects WHERE projects.id=12), 1, 512, 512);
INSERT INTO supporting_packages(id, option_list, package_count, order_id, project_package_id, supporting_project_id) VALUES (512, '["스모키"]', 1, 512, 12, 512);
INSERT INTO supporting_projects(supporting_project_id, supported_at, delivery_id, payment_id, project_id, user_id) VALUES (513, (SELECT projects.end_date - INTERVAL 45 DAY FROM projects WHERE projects.id=12), 513, 513, 12, 23);
INSERT INTO orders (order_id, created_at, delivery_id, payment_id, supporting_project_id) VALUES (513, (SELECT projects.end_date - INTERVAL 45 DAY FROM projects WHERE projects.id=12), 1, 513, 513);
INSERT INTO supporting_packages(id, option_list, package_count, order_id, project_package_id, supporting_project_id) VALUES (513, '["스모키"]', 4, 513, 12, 513);
INSERT INTO supporting_projects(supporting_project_id, supported_at, delivery_id, payment_id, project_id, user_id) VALUES (514, (SELECT projects.end_date - INTERVAL 47 DAY FROM projects WHERE projects.id=12), 514, 514, 12, 27);
INSERT INTO orders (order_id, created_at, delivery_id, payment_id, supporting_project_id) VALUES (514, (SELECT projects.end_date - INTERVAL 47 DAY FROM projects WHERE projects.id=12), 1, 514, 514);
INSERT INTO supporting_packages(id, option_list, package_count, order_id, project_package_id, supporting_project_id) VALUES (514, '["글리터"]', 10, 514, 12, 514);
INSERT INTO supporting_projects(supporting_project_id, supported_at, delivery_id, payment_id, project_id, user_id) VALUES (515, (SELECT projects.end_date - INTERVAL 26 DAY FROM projects WHERE projects.id=12), 515, 515, 12, 15);
INSERT INTO orders (order_id, created_at, delivery_id, payment_id, supporting_project_id) VALUES (515, (SELECT projects.end_date - INTERVAL 26 DAY FROM projects WHERE projects.id=12), 1, 515, 515);
INSERT INTO supporting_packages(id, option_list, package_count, order_id, project_package_id, supporting_project_id) VALUES (515, '["내추럴"]', 8, 515, 12, 515);
INSERT INTO supporting_projects(supporting_project_id, supported_at, delivery_id, payment_id, project_id, user_id) VALUES (516, (SELECT projects.end_date - INTERVAL 39 DAY FROM projects WHERE projects.id=12), 516, 516, 12, 6);
INSERT INTO orders (order_id, created_at, delivery_id, payment_id, supporting_project_id) VALUES (516, (SELECT projects.end_date - INTERVAL 39 DAY FROM projects WHERE projects.id=12), 1, 516, 516);
INSERT INTO supporting_packages(id, option_list, package_count, order_id, project_package_id, supporting_project_id) VALUES (516, '["글리터"]', 7, 516, 12, 516);
INSERT INTO supporting_projects(supporting_project_id, supported_at, delivery_id, payment_id, project_id, user_id) VALUES (517, (SELECT projects.end_date - INTERVAL 17 DAY FROM projects WHERE projects.id=12), 517, 517, 12, 27);
INSERT INTO orders (order_id, created_at, delivery_id, payment_id, supporting_project_id) VALUES (517, (SELECT projects.end_date - INTERVAL 17 DAY FROM projects WHERE projects.id=12), 1, 517, 517);
INSERT INTO supporting_packages(id, option_list, package_count, order_id, project_package_id, supporting_project_id) VALUES (517, '["글리터"]', 4, 517, 12, 517);
INSERT INTO supporting_projects(supporting_project_id, supported_at, delivery_id, payment_id, project_id, user_id) VALUES (518, (SELECT projects.end_date - INTERVAL 40 DAY FROM projects WHERE projects.id=12), 518, 518, 12, 34);
INSERT INTO orders (order_id, created_at, delivery_id, payment_id, supporting_project_id) VALUES (518, (SELECT projects.end_date - INTERVAL 40 DAY FROM projects WHERE projects.id=12), 1, 518, 518);
INSERT INTO supporting_packages(id, option_list, package_count, order_id, project_package_id, supporting_project_id) VALUES (518, '["스모키"]', 7, 518, 12, 518);
INSERT INTO supporting_projects(supporting_project_id, supported_at, delivery_id, payment_id, project_id, user_id) VALUES (519, (SELECT projects.end_date - INTERVAL 40 DAY FROM projects WHERE projects.id=12), 519, 519, 12, 25);
INSERT INTO orders (order_id, created_at, delivery_id, payment_id, supporting_project_id) VALUES (519, (SELECT projects.end_date - INTERVAL 40 DAY FROM projects WHERE projects.id=12), 1, 519, 519);
INSERT INTO supporting_packages(id, option_list, package_count, order_id, project_package_id, supporting_project_id) VALUES (519, '["스모키"]', 3, 519, 12, 519);
INSERT INTO supporting_projects(supporting_project_id, supported_at, delivery_id, payment_id, project_id, user_id) VALUES (520, (SELECT projects.end_date - INTERVAL 26 DAY FROM projects WHERE projects.id=12), 520, 520, 12, 13);
INSERT INTO orders (order_id, created_at, delivery_id, payment_id, supporting_project_id) VALUES (520, (SELECT projects.end_date - INTERVAL 26 DAY FROM projects WHERE projects.id=12), 1, 520, 520);
INSERT INTO supporting_packages(id, option_list, package_count, order_id, project_package_id, supporting_project_id) VALUES (520, '["내추럴"]', 8, 520, 12, 520);
INSERT INTO supporting_projects(supporting_project_id, supported_at, delivery_id, payment_id, project_id, user_id) VALUES (521, (SELECT projects.end_date - INTERVAL 12 DAY FROM projects WHERE projects.id=12), 521, 521, 12, 31);
INSERT INTO orders (order_id, created_at, delivery_id, payment_id, supporting_project_id) VALUES (521, (SELECT projects.end_date - INTERVAL 12 DAY FROM projects WHERE projects.id=12), 1, 521, 521);
INSERT INTO supporting_packages(id, option_list, package_count, order_id, project_package_id, supporting_project_id) VALUES (521, '["글리터"]', 3, 521, 12, 521);
INSERT INTO supporting_projects(supporting_project_id, supported_at, delivery_id, payment_id, project_id, user_id) VALUES (522, (SELECT projects.end_date - INTERVAL 30 DAY FROM projects WHERE projects.id=12), 522, 522, 12, 6);
INSERT INTO orders (order_id, created_at, delivery_id, payment_id, supporting_project_id) VALUES (522, (SELECT projects.end_date - INTERVAL 30 DAY FROM projects WHERE projects.id=12), 1, 522, 522);
INSERT INTO supporting_packages(id, option_list, package_count, order_id, project_package_id, supporting_project_id) VALUES (522, '["글리터"]', 8, 522, 12, 522);
INSERT INTO supporting_projects(supporting_project_id, supported_at, delivery_id, payment_id, project_id, user_id) VALUES (523, (SELECT projects.end_date - INTERVAL 46 DAY FROM projects WHERE projects.id=12), 523, 523, 12, 13);
INSERT INTO orders (order_id, created_at, delivery_id, payment_id, supporting_project_id) VALUES (523, (SELECT projects.end_date - INTERVAL 46 DAY FROM projects WHERE projects.id=12), 1, 523, 523);
INSERT INTO supporting_packages(id, option_list, package_count, order_id, project_package_id, supporting_project_id) VALUES (523, '["스모키"]', 2, 523, 12, 523);
INSERT INTO supporting_projects(supporting_project_id, supported_at, delivery_id, payment_id, project_id, user_id) VALUES (524, (SELECT projects.end_date - INTERVAL 14 DAY FROM projects WHERE projects.id=12), 524, 524, 12, 8);
INSERT INTO orders (order_id, created_at, delivery_id, payment_id, supporting_project_id) VALUES (524, (SELECT projects.end_date - INTERVAL 14 DAY FROM projects WHERE projects.id=12), 1, 524, 524);
INSERT INTO supporting_packages(id, option_list, package_count, order_id, project_package_id, supporting_project_id) VALUES (524, '["스모키"]', 10, 524, 12, 524);
INSERT INTO supporting_projects(supporting_project_id, supported_at, delivery_id, payment_id, project_id, user_id) VALUES (525, (SELECT projects.end_date - INTERVAL 26 DAY FROM projects WHERE projects.id=12), 525, 525, 12, 28);
INSERT INTO orders (order_id, created_at, delivery_id, payment_id, supporting_project_id) VALUES (525, (SELECT projects.end_date - INTERVAL 26 DAY FROM projects WHERE projects.id=12), 1, 525, 525);
INSERT INTO supporting_packages(id, option_list, package_count, order_id, project_package_id, supporting_project_id) VALUES (525, '["내추럴"]', 10, 525, 12, 525);
INSERT INTO supporting_projects(supporting_project_id, supported_at, delivery_id, payment_id, project_id, user_id) VALUES (526, (SELECT projects.end_date - INTERVAL 36 DAY FROM projects WHERE projects.id=12), 526, 526, 12, 18);
INSERT INTO orders (order_id, created_at, delivery_id, payment_id, supporting_project_id) VALUES (526, (SELECT projects.end_date - INTERVAL 36 DAY FROM projects WHERE projects.id=12), 1, 526, 526);
INSERT INTO supporting_packages(id, option_list, package_count, order_id, project_package_id, supporting_project_id) VALUES (526, '["내추럴"]', 9, 526, 12, 526);
INSERT INTO supporting_projects(supporting_project_id, supported_at, delivery_id, payment_id, project_id, user_id) VALUES (527, (SELECT projects.end_date - INTERVAL 44 DAY FROM projects WHERE projects.id=12), 527, 527, 12, 1);
INSERT INTO orders (order_id, created_at, delivery_id, payment_id, supporting_project_id) VALUES (527, (SELECT projects.end_date - INTERVAL 44 DAY FROM projects WHERE projects.id=12), 1, 527, 527);
INSERT INTO supporting_packages(id, option_list, package_count, order_id, project_package_id, supporting_project_id) VALUES (527, '["내추럴"]', 8, 527, 12, 527);
INSERT INTO supporting_projects(supporting_project_id, supported_at, delivery_id, payment_id, project_id, user_id) VALUES (528, (SELECT projects.end_date - INTERVAL 41 DAY FROM projects WHERE projects.id=12), 528, 528, 12, 16);
INSERT INTO orders (order_id, created_at, delivery_id, payment_id, supporting_project_id) VALUES (528, (SELECT projects.end_date - INTERVAL 41 DAY FROM projects WHERE projects.id=12), 1, 528, 528);
INSERT INTO supporting_packages(id, option_list, package_count, order_id, project_package_id, supporting_project_id) VALUES (528, '["스모키"]', 2, 528, 12, 528);
INSERT INTO supporting_projects(supporting_project_id, supported_at, delivery_id, payment_id, project_id, user_id) VALUES (529, (SELECT projects.end_date - INTERVAL 41 DAY FROM projects WHERE projects.id=12), 529, 529, 12, 15);
INSERT INTO orders (order_id, created_at, delivery_id, payment_id, supporting_project_id) VALUES (529, (SELECT projects.end_date - INTERVAL 41 DAY FROM projects WHERE projects.id=12), 1, 529, 529);
INSERT INTO supporting_packages(id, option_list, package_count, order_id, project_package_id, supporting_project_id) VALUES (529, '["글리터"]', 1, 529, 12, 529);
INSERT INTO supporting_projects(supporting_project_id, supported_at, delivery_id, payment_id, project_id, user_id) VALUES (530, (SELECT projects.end_date - INTERVAL 49 DAY FROM projects WHERE projects.id=12), 530, 530, 12, 20);
INSERT INTO orders (order_id, created_at, delivery_id, payment_id, supporting_project_id) VALUES (530, (SELECT projects.end_date - INTERVAL 49 DAY FROM projects WHERE projects.id=12), 1, 530, 530);
INSERT INTO supporting_packages(id, option_list, package_count, order_id, project_package_id, supporting_project_id) VALUES (530, '["글리터"]', 7, 530, 12, 530);
INSERT INTO supporting_projects(supporting_project_id, supported_at, delivery_id, payment_id, project_id, user_id) VALUES (531, (SELECT projects.end_date - INTERVAL 31 DAY FROM projects WHERE projects.id=12), 531, 531, 12, 28);
INSERT INTO orders (order_id, created_at, delivery_id, payment_id, supporting_project_id) VALUES (531, (SELECT projects.end_date - INTERVAL 31 DAY FROM projects WHERE projects.id=12), 1, 531, 531);
INSERT INTO supporting_packages(id, option_list, package_count, order_id, project_package_id, supporting_project_id) VALUES (531, '["내추럴"]', 8, 531, 12, 531);
INSERT INTO supporting_projects(supporting_project_id, supported_at, delivery_id, payment_id, project_id, user_id) VALUES (532, (SELECT projects.end_date - INTERVAL 41 DAY FROM projects WHERE projects.id=12), 532, 532, 12, 1);
INSERT INTO orders (order_id, created_at, delivery_id, payment_id, supporting_project_id) VALUES (532, (SELECT projects.end_date - INTERVAL 41 DAY FROM projects WHERE projects.id=12), 1, 532, 532);
INSERT INTO supporting_packages(id, option_list, package_count, order_id, project_package_id, supporting_project_id) VALUES (532, '["스모키"]', 4, 532, 12, 532);
INSERT INTO supporting_projects(supporting_project_id, supported_at, delivery_id, payment_id, project_id, user_id) VALUES (533, (SELECT projects.end_date - INTERVAL 32 DAY FROM projects WHERE projects.id=12), 533, 533, 12, 26);
INSERT INTO orders (order_id, created_at, delivery_id, payment_id, supporting_project_id) VALUES (533, (SELECT projects.end_date - INTERVAL 32 DAY FROM projects WHERE projects.id=12), 1, 533, 533);
INSERT INTO supporting_packages(id, option_list, package_count, order_id, project_package_id, supporting_project_id) VALUES (533, '["스모키"]', 5, 533, 12, 533);
INSERT INTO supporting_projects(supporting_project_id, supported_at, delivery_id, payment_id, project_id, user_id) VALUES (534, (SELECT projects.end_date - INTERVAL 42 DAY FROM projects WHERE projects.id=12), 534, 534, 12, 15);
INSERT INTO orders (order_id, created_at, delivery_id, payment_id, supporting_project_id) VALUES (534, (SELECT projects.end_date - INTERVAL 42 DAY FROM projects WHERE projects.id=12), 1, 534, 534);
INSERT INTO supporting_packages(id, option_list, package_count, order_id, project_package_id, supporting_project_id) VALUES (534, '["내추럴"]', 6, 534, 12, 534);
INSERT INTO supporting_projects(supporting_project_id, supported_at, delivery_id, payment_id, project_id, user_id) VALUES (535, (SELECT projects.end_date - INTERVAL 7 DAY FROM projects WHERE projects.id=12), 535, 535, 12, 24);
INSERT INTO orders (order_id, created_at, delivery_id, payment_id, supporting_project_id) VALUES (535, (SELECT projects.end_date - INTERVAL 7 DAY FROM projects WHERE projects.id=12), 1, 535, 535);
INSERT INTO supporting_packages(id, option_list, package_count, order_id, project_package_id, supporting_project_id) VALUES (535, '["내추럴"]', 1, 535, 12, 535);
INSERT INTO supporting_projects(supporting_project_id, supported_at, delivery_id, payment_id, project_id, user_id) VALUES (536, (SELECT projects.end_date - INTERVAL 23 DAY FROM projects WHERE projects.id=12), 536, 536, 12, 16);
INSERT INTO orders (order_id, created_at, delivery_id, payment_id, supporting_project_id) VALUES (536, (SELECT projects.end_date - INTERVAL 23 DAY FROM projects WHERE projects.id=12), 1, 536, 536);
INSERT INTO supporting_packages(id, option_list, package_count, order_id, project_package_id, supporting_project_id) VALUES (536, '["스모키"]', 3, 536, 12, 536);
INSERT INTO supporting_projects(supporting_project_id, supported_at, delivery_id, payment_id, project_id, user_id) VALUES (537, (SELECT projects.end_date - INTERVAL 47 DAY FROM projects WHERE projects.id=12), 537, 537, 12, 2);
INSERT INTO orders (order_id, created_at, delivery_id, payment_id, supporting_project_id) VALUES (537, (SELECT projects.end_date - INTERVAL 47 DAY FROM projects WHERE projects.id=12), 1, 537, 537);
INSERT INTO supporting_packages(id, option_list, package_count, order_id, project_package_id, supporting_project_id) VALUES (537, '["글리터"]', 3, 537, 12, 537);
INSERT INTO supporting_projects(supporting_project_id, supported_at, delivery_id, payment_id, project_id, user_id) VALUES (538, (SELECT projects.end_date - INTERVAL 47 DAY FROM projects WHERE projects.id=12), 538, 538, 12, 6);
INSERT INTO orders (order_id, created_at, delivery_id, payment_id, supporting_project_id) VALUES (538, (SELECT projects.end_date - INTERVAL 47 DAY FROM projects WHERE projects.id=12), 1, 538, 538);
INSERT INTO supporting_packages(id, option_list, package_count, order_id, project_package_id, supporting_project_id) VALUES (538, '["글리터"]', 2, 538, 12, 538);
INSERT INTO supporting_projects(supporting_project_id, supported_at, delivery_id, payment_id, project_id, user_id) VALUES (539, (SELECT projects.end_date - INTERVAL 19 DAY FROM projects WHERE projects.id=12), 539, 539, 12, 8);
INSERT INTO orders (order_id, created_at, delivery_id, payment_id, supporting_project_id) VALUES (539, (SELECT projects.end_date - INTERVAL 19 DAY FROM projects WHERE projects.id=12), 1, 539, 539);
INSERT INTO supporting_packages(id, option_list, package_count, order_id, project_package_id, supporting_project_id) VALUES (539, '["내추럴"]', 10, 539, 12, 539);
INSERT INTO supporting_projects(supporting_project_id, supported_at, delivery_id, payment_id, project_id, user_id) VALUES (540, (SELECT projects.end_date - INTERVAL 20 DAY FROM projects WHERE projects.id=12), 540, 540, 12, 18);
INSERT INTO orders (order_id, created_at, delivery_id, payment_id, supporting_project_id) VALUES (540, (SELECT projects.end_date - INTERVAL 20 DAY FROM projects WHERE projects.id=12), 1, 540, 540);
INSERT INTO supporting_packages(id, option_list, package_count, order_id, project_package_id, supporting_project_id) VALUES (540, '["글리터"]', 1, 540, 12, 540);
INSERT INTO supporting_projects(supporting_project_id, supported_at, delivery_id, payment_id, project_id, user_id) VALUES (541, (SELECT projects.end_date - INTERVAL 50 DAY FROM projects WHERE projects.id=12), 541, 541, 12, 23);
INSERT INTO orders (order_id, created_at, delivery_id, payment_id, supporting_project_id) VALUES (541, (SELECT projects.end_date - INTERVAL 50 DAY FROM projects WHERE projects.id=12), 1, 541, 541);
INSERT INTO supporting_packages(id, option_list, package_count, order_id, project_package_id, supporting_project_id) VALUES (541, '["내추럴"]', 3, 541, 12, 541);
INSERT INTO supporting_projects(supporting_project_id, supported_at, delivery_id, payment_id, project_id, user_id) VALUES (542, (SELECT projects.end_date - INTERVAL 11 DAY FROM projects WHERE projects.id=12), 542, 542, 12, 19);
INSERT INTO orders (order_id, created_at, delivery_id, payment_id, supporting_project_id) VALUES (542, (SELECT projects.end_date - INTERVAL 11 DAY FROM projects WHERE projects.id=12), 1, 542, 542);
INSERT INTO supporting_packages(id, option_list, package_count, order_id, project_package_id, supporting_project_id) VALUES (542, '["내추럴"]', 10, 542, 12, 542);
INSERT INTO supporting_projects(supporting_project_id, supported_at, delivery_id, payment_id, project_id, user_id) VALUES (543, (SELECT projects.end_date - INTERVAL 7 DAY FROM projects WHERE projects.id=12), 543, 543, 12, 1);
INSERT INTO orders (order_id, created_at, delivery_id, payment_id, supporting_project_id) VALUES (543, (SELECT projects.end_date - INTERVAL 7 DAY FROM projects WHERE projects.id=12), 1, 543, 543);
INSERT INTO supporting_packages(id, option_list, package_count, order_id, project_package_id, supporting_project_id) VALUES (543, '["스모키"]', 5, 543, 12, 543);
INSERT INTO supporting_projects(supporting_project_id, supported_at, delivery_id, payment_id, project_id, user_id) VALUES (544, (SELECT projects.end_date - INTERVAL 34 DAY FROM projects WHERE projects.id=12), 544, 544, 12, 17);
INSERT INTO orders (order_id, created_at, delivery_id, payment_id, supporting_project_id) VALUES (544, (SELECT projects.end_date - INTERVAL 34 DAY FROM projects WHERE projects.id=12), 1, 544, 544);
INSERT INTO supporting_packages(id, option_list, package_count, order_id, project_package_id, supporting_project_id) VALUES (544, '["글리터"]', 10, 544, 12, 544);
INSERT INTO supporting_projects(supporting_project_id, supported_at, delivery_id, payment_id, project_id, user_id) VALUES (545, (SELECT projects.end_date - INTERVAL 12 DAY FROM projects WHERE projects.id=12), 545, 545, 12, 35);
INSERT INTO orders (order_id, created_at, delivery_id, payment_id, supporting_project_id) VALUES (545, (SELECT projects.end_date - INTERVAL 12 DAY FROM projects WHERE projects.id=12), 1, 545, 545);
INSERT INTO supporting_packages(id, option_list, package_count, order_id, project_package_id, supporting_project_id) VALUES (545, '["스모키"]', 6, 545, 12, 545);
INSERT INTO supporting_projects(supporting_project_id, supported_at, delivery_id, payment_id, project_id, user_id) VALUES (546, (SELECT projects.end_date - INTERVAL 32 DAY FROM projects WHERE projects.id=12), 546, 546, 12, 5);
INSERT INTO orders (order_id, created_at, delivery_id, payment_id, supporting_project_id) VALUES (546, (SELECT projects.end_date - INTERVAL 32 DAY FROM projects WHERE projects.id=12), 1, 546, 546);
INSERT INTO supporting_packages(id, option_list, package_count, order_id, project_package_id, supporting_project_id) VALUES (546, '["글리터"]', 5, 546, 12, 546);
INSERT INTO supporting_projects(supporting_project_id, supported_at, delivery_id, payment_id, project_id, user_id) VALUES (547, (SELECT projects.end_date - INTERVAL 49 DAY FROM projects WHERE projects.id=12), 547, 547, 12, 28);
INSERT INTO orders (order_id, created_at, delivery_id, payment_id, supporting_project_id) VALUES (547, (SELECT projects.end_date - INTERVAL 49 DAY FROM projects WHERE projects.id=12), 1, 547, 547);
INSERT INTO supporting_packages(id, option_list, package_count, order_id, project_package_id, supporting_project_id) VALUES (547, '["스모키"]', 9, 547, 12, 547);
INSERT INTO supporting_projects(supporting_project_id, supported_at, delivery_id, payment_id, project_id, user_id) VALUES (548, (SELECT projects.end_date - INTERVAL 14 DAY FROM projects WHERE projects.id=12), 548, 548, 12, 15);
INSERT INTO orders (order_id, created_at, delivery_id, payment_id, supporting_project_id) VALUES (548, (SELECT projects.end_date - INTERVAL 14 DAY FROM projects WHERE projects.id=12), 1, 548, 548);
INSERT INTO supporting_packages(id, option_list, package_count, order_id, project_package_id, supporting_project_id) VALUES (548, '["내추럴"]', 4, 548, 12, 548);
INSERT INTO supporting_projects(supporting_project_id, supported_at, delivery_id, payment_id, project_id, user_id) VALUES (549, (SELECT projects.end_date - INTERVAL 14 DAY FROM projects WHERE projects.id=12), 549, 549, 12, 10);
INSERT INTO orders (order_id, created_at, delivery_id, payment_id, supporting_project_id) VALUES (549, (SELECT projects.end_date - INTERVAL 14 DAY FROM projects WHERE projects.id=12), 1, 549, 549);
INSERT INTO supporting_packages(id, option_list, package_count, order_id, project_package_id, supporting_project_id) VALUES (549, '["스모키"]', 4, 549, 12, 549);
INSERT INTO supporting_projects(supporting_project_id, supported_at, delivery_id, payment_id, project_id, user_id) VALUES (550, (SELECT projects.end_date - INTERVAL 30 DAY FROM projects WHERE projects.id=12), 550, 550, 12, 11);
INSERT INTO orders (order_id, created_at, delivery_id, payment_id, supporting_project_id) VALUES (550, (SELECT projects.end_date - INTERVAL 30 DAY FROM projects WHERE projects.id=12), 1, 550, 550);
INSERT INTO supporting_packages(id, option_list, package_count, order_id, project_package_id, supporting_project_id) VALUES (550, '["스모키"]', 7, 550, 12, 550);
INSERT INTO supporting_projects(supporting_project_id, supported_at, delivery_id, payment_id, project_id, user_id) VALUES (551, (SELECT projects.end_date - INTERVAL 22 DAY FROM projects WHERE projects.id=12), 551, 551, 12, 11);
INSERT INTO orders (order_id, created_at, delivery_id, payment_id, supporting_project_id) VALUES (551, (SELECT projects.end_date - INTERVAL 22 DAY FROM projects WHERE projects.id=12), 1, 551, 551);
INSERT INTO supporting_packages(id, option_list, package_count, order_id, project_package_id, supporting_project_id) VALUES (551, '["스모키"]', 6, 551, 12, 551);
INSERT INTO supporting_projects(supporting_project_id, supported_at, delivery_id, payment_id, project_id, user_id) VALUES (552, (SELECT projects.end_date - INTERVAL 43 DAY FROM projects WHERE projects.id=12), 552, 552, 12, 12);
INSERT INTO orders (order_id, created_at, delivery_id, payment_id, supporting_project_id) VALUES (552, (SELECT projects.end_date - INTERVAL 43 DAY FROM projects WHERE projects.id=12), 1, 552, 552);
INSERT INTO supporting_packages(id, option_list, package_count, order_id, project_package_id, supporting_project_id) VALUES (552, '["스모키"]', 7, 552, 12, 552);
INSERT INTO supporting_projects(supporting_project_id, supported_at, delivery_id, payment_id, project_id, user_id) VALUES (553, (SELECT projects.end_date - INTERVAL 31 DAY FROM projects WHERE projects.id=12), 553, 553, 12, 24);
INSERT INTO orders (order_id, created_at, delivery_id, payment_id, supporting_project_id) VALUES (553, (SELECT projects.end_date - INTERVAL 31 DAY FROM projects WHERE projects.id=12), 1, 553, 553);
INSERT INTO supporting_packages(id, option_list, package_count, order_id, project_package_id, supporting_project_id) VALUES (553, '["스모키"]', 7, 553, 12, 553);
INSERT INTO supporting_projects(supporting_project_id, supported_at, delivery_id, payment_id, project_id, user_id) VALUES (554, (SELECT projects.end_date - INTERVAL 44 DAY FROM projects WHERE projects.id=12), 554, 554, 12, 32);
INSERT INTO orders (order_id, created_at, delivery_id, payment_id, supporting_project_id) VALUES (554, (SELECT projects.end_date - INTERVAL 44 DAY FROM projects WHERE projects.id=12), 1, 554, 554);
INSERT INTO supporting_packages(id, option_list, package_count, order_id, project_package_id, supporting_project_id) VALUES (554, '["내추럴"]', 6, 554, 12, 554);
INSERT INTO supporting_projects(supporting_project_id, supported_at, delivery_id, payment_id, project_id, user_id) VALUES (555, (SELECT projects.end_date - INTERVAL 38 DAY FROM projects WHERE projects.id=12), 555, 555, 12, 7);
INSERT INTO orders (order_id, created_at, delivery_id, payment_id, supporting_project_id) VALUES (555, (SELECT projects.end_date - INTERVAL 38 DAY FROM projects WHERE projects.id=12), 1, 555, 555);
INSERT INTO supporting_packages(id, option_list, package_count, order_id, project_package_id, supporting_project_id) VALUES (555, '["글리터"]', 7, 555, 12, 555);
INSERT INTO supporting_projects(supporting_project_id, supported_at, delivery_id, payment_id, project_id, user_id) VALUES (556, (SELECT projects.end_date - INTERVAL 8 DAY FROM projects WHERE projects.id=12), 556, 556, 12, 10);
INSERT INTO orders (order_id, created_at, delivery_id, payment_id, supporting_project_id) VALUES (556, (SELECT projects.end_date - INTERVAL 8 DAY FROM projects WHERE projects.id=12), 1, 556, 556);
INSERT INTO supporting_packages(id, option_list, package_count, order_id, project_package_id, supporting_project_id) VALUES (556, '["스모키"]', 10, 556, 12, 556);
INSERT INTO supporting_projects(supporting_project_id, supported_at, delivery_id, payment_id, project_id, user_id) VALUES (557, (SELECT projects.end_date - INTERVAL 40 DAY FROM projects WHERE projects.id=12), 557, 557, 12, 25);
INSERT INTO orders (order_id, created_at, delivery_id, payment_id, supporting_project_id) VALUES (557, (SELECT projects.end_date - INTERVAL 40 DAY FROM projects WHERE projects.id=12), 1, 557, 557);
INSERT INTO supporting_packages(id, option_list, package_count, order_id, project_package_id, supporting_project_id) VALUES (557, '["내추럴"]', 7, 557, 12, 557);
INSERT INTO supporting_projects(supporting_project_id, supported_at, delivery_id, payment_id, project_id, user_id) VALUES (558, (SELECT projects.end_date - INTERVAL 40 DAY FROM projects WHERE projects.id=12), 558, 558, 12, 34);
INSERT INTO orders (order_id, created_at, delivery_id, payment_id, supporting_project_id) VALUES (558, (SELECT projects.end_date - INTERVAL 40 DAY FROM projects WHERE projects.id=12), 1, 558, 558);
INSERT INTO supporting_packages(id, option_list, package_count, order_id, project_package_id, supporting_project_id) VALUES (558, '["글리터"]', 2, 558, 12, 558);
INSERT INTO supporting_projects(supporting_project_id, supported_at, delivery_id, payment_id, project_id, user_id) VALUES (559, (SELECT projects.end_date - INTERVAL 21 DAY FROM projects WHERE projects.id=12), 559, 559, 12, 15);
INSERT INTO orders (order_id, created_at, delivery_id, payment_id, supporting_project_id) VALUES (559, (SELECT projects.end_date - INTERVAL 21 DAY FROM projects WHERE projects.id=12), 1, 559, 559);
INSERT INTO supporting_packages(id, option_list, package_count, order_id, project_package_id, supporting_project_id) VALUES (559, '["스모키"]', 5, 559, 12, 559);
INSERT INTO supporting_projects(supporting_project_id, supported_at, delivery_id, payment_id, project_id, user_id) VALUES (560, (SELECT projects.end_date - INTERVAL 11 DAY FROM projects WHERE projects.id=12), 560, 560, 12, 2);
INSERT INTO orders (order_id, created_at, delivery_id, payment_id, supporting_project_id) VALUES (560, (SELECT projects.end_date - INTERVAL 11 DAY FROM projects WHERE projects.id=12), 1, 560, 560);
INSERT INTO supporting_packages(id, option_list, package_count, order_id, project_package_id, supporting_project_id) VALUES (560, '["글리터"]', 2, 560, 12, 560);
INSERT INTO supporting_projects(supporting_project_id, supported_at, delivery_id, payment_id, project_id, user_id) VALUES (561, (SELECT projects.end_date - INTERVAL 14 DAY FROM projects WHERE projects.id=12), 561, 561, 12, 39);
INSERT INTO orders (order_id, created_at, delivery_id, payment_id, supporting_project_id) VALUES (561, (SELECT projects.end_date - INTERVAL 14 DAY FROM projects WHERE projects.id=12), 1, 561, 561);
INSERT INTO supporting_packages(id, option_list, package_count, order_id, project_package_id, supporting_project_id) VALUES (561, '["스모키"]', 4, 561, 12, 561);
INSERT INTO supporting_projects(supporting_project_id, supported_at, delivery_id, payment_id, project_id, user_id) VALUES (562, (SELECT projects.end_date - INTERVAL 37 DAY FROM projects WHERE projects.id=12), 562, 562, 12, 28);
INSERT INTO orders (order_id, created_at, delivery_id, payment_id, supporting_project_id) VALUES (562, (SELECT projects.end_date - INTERVAL 37 DAY FROM projects WHERE projects.id=12), 1, 562, 562);
INSERT INTO supporting_packages(id, option_list, package_count, order_id, project_package_id, supporting_project_id) VALUES (562, '["스모키"]', 2, 562, 12, 562);
INSERT INTO supporting_projects(supporting_project_id, supported_at, delivery_id, payment_id, project_id, user_id) VALUES (563, (SELECT projects.end_date - INTERVAL 50 DAY FROM projects WHERE projects.id=12), 563, 563, 12, 31);
INSERT INTO orders (order_id, created_at, delivery_id, payment_id, supporting_project_id) VALUES (563, (SELECT projects.end_date - INTERVAL 50 DAY FROM projects WHERE projects.id=12), 1, 563, 563);
INSERT INTO supporting_packages(id, option_list, package_count, order_id, project_package_id, supporting_project_id) VALUES (563, '["내추럴"]', 9, 563, 12, 563);
INSERT INTO supporting_projects(supporting_project_id, supported_at, delivery_id, payment_id, project_id, user_id) VALUES (564, (SELECT projects.end_date - INTERVAL 36 DAY FROM projects WHERE projects.id=12), 564, 564, 12, 13);
INSERT INTO orders (order_id, created_at, delivery_id, payment_id, supporting_project_id) VALUES (564, (SELECT projects.end_date - INTERVAL 36 DAY FROM projects WHERE projects.id=12), 1, 564, 564);
INSERT INTO supporting_packages(id, option_list, package_count, order_id, project_package_id, supporting_project_id) VALUES (564, '["내추럴"]', 7, 564, 12, 564);
INSERT INTO supporting_projects(supporting_project_id, supported_at, delivery_id, payment_id, project_id, user_id) VALUES (565, (SELECT projects.end_date - INTERVAL 11 DAY FROM projects WHERE projects.id=12), 565, 565, 12, 32);
INSERT INTO orders (order_id, created_at, delivery_id, payment_id, supporting_project_id) VALUES (565, (SELECT projects.end_date - INTERVAL 11 DAY FROM projects WHERE projects.id=12), 1, 565, 565);
INSERT INTO supporting_packages(id, option_list, package_count, order_id, project_package_id, supporting_project_id) VALUES (565, '["내추럴"]', 1, 565, 12, 565);
INSERT INTO supporting_projects(supporting_project_id, supported_at, delivery_id, payment_id, project_id, user_id) VALUES (566, (SELECT projects.end_date - INTERVAL 30 DAY FROM projects WHERE projects.id=12), 566, 566, 12, 21);
INSERT INTO orders (order_id, created_at, delivery_id, payment_id, supporting_project_id) VALUES (566, (SELECT projects.end_date - INTERVAL 30 DAY FROM projects WHERE projects.id=12), 1, 566, 566);
INSERT INTO supporting_packages(id, option_list, package_count, order_id, project_package_id, supporting_project_id) VALUES (566, '["글리터"]', 9, 566, 12, 566);
INSERT INTO supporting_projects(supporting_project_id, supported_at, delivery_id, payment_id, project_id, user_id) VALUES (567, (SELECT projects.end_date - INTERVAL 8 DAY FROM projects WHERE projects.id=14), 567, 567, 14, 17);
INSERT INTO orders (order_id, created_at, delivery_id, payment_id, supporting_project_id) VALUES (567, (SELECT projects.end_date - INTERVAL 8 DAY FROM projects WHERE projects.id=14), 1, 567, 567);
INSERT INTO supporting_packages(id, option_list, package_count, order_id, project_package_id, supporting_project_id) VALUES (567, '["캐주얼"]', 9, 567, 14, 567);
INSERT INTO supporting_projects(supporting_project_id, supported_at, delivery_id, payment_id, project_id, user_id) VALUES (568, (SELECT projects.end_date - INTERVAL 19 DAY FROM projects WHERE projects.id=14), 568, 568, 14, 20);
INSERT INTO orders (order_id, created_at, delivery_id, payment_id, supporting_project_id) VALUES (568, (SELECT projects.end_date - INTERVAL 19 DAY FROM projects WHERE projects.id=14), 1, 568, 568);
INSERT INTO supporting_packages(id, option_list, package_count, order_id, project_package_id, supporting_project_id) VALUES (568, '["무대의상"]', 10, 568, 14, 568);
INSERT INTO supporting_projects(supporting_project_id, supported_at, delivery_id, payment_id, project_id, user_id) VALUES (569, (SELECT projects.end_date - INTERVAL 44 DAY FROM projects WHERE projects.id=14), 569, 569, 14, 12);
INSERT INTO orders (order_id, created_at, delivery_id, payment_id, supporting_project_id) VALUES (569, (SELECT projects.end_date - INTERVAL 44 DAY FROM projects WHERE projects.id=14), 1, 569, 569);
INSERT INTO supporting_packages(id, option_list, package_count, order_id, project_package_id, supporting_project_id) VALUES (569, '["스트릿"]', 9, 569, 14, 569);
INSERT INTO supporting_projects(supporting_project_id, supported_at, delivery_id, payment_id, project_id, user_id) VALUES (570, (SELECT projects.end_date - INTERVAL 50 DAY FROM projects WHERE projects.id=14), 570, 570, 14, 23);
INSERT INTO orders (order_id, created_at, delivery_id, payment_id, supporting_project_id) VALUES (570, (SELECT projects.end_date - INTERVAL 50 DAY FROM projects WHERE projects.id=14), 1, 570, 570);
INSERT INTO supporting_packages(id, option_list, package_count, order_id, project_package_id, supporting_project_id) VALUES (570, '["캐주얼"]', 7, 570, 14, 570);
INSERT INTO supporting_projects(supporting_project_id, supported_at, delivery_id, payment_id, project_id, user_id) VALUES (571, (SELECT projects.end_date - INTERVAL 50 DAY FROM projects WHERE projects.id=14), 571, 571, 14, 5);
INSERT INTO orders (order_id, created_at, delivery_id, payment_id, supporting_project_id) VALUES (571, (SELECT projects.end_date - INTERVAL 50 DAY FROM projects WHERE projects.id=14), 1, 571, 571);
INSERT INTO supporting_packages(id, option_list, package_count, order_id, project_package_id, supporting_project_id) VALUES (571, '["무대의상"]', 6, 571, 14, 571);
INSERT INTO supporting_projects(supporting_project_id, supported_at, delivery_id, payment_id, project_id, user_id) VALUES (572, (SELECT projects.end_date - INTERVAL 15 DAY FROM projects WHERE projects.id=14), 572, 572, 14, 40);
INSERT INTO orders (order_id, created_at, delivery_id, payment_id, supporting_project_id) VALUES (572, (SELECT projects.end_date - INTERVAL 15 DAY FROM projects WHERE projects.id=14), 1, 572, 572);
INSERT INTO supporting_packages(id, option_list, package_count, order_id, project_package_id, supporting_project_id) VALUES (572, '["캐주얼"]', 9, 572, 14, 572);
INSERT INTO supporting_projects(supporting_project_id, supported_at, delivery_id, payment_id, project_id, user_id) VALUES (573, (SELECT projects.end_date - INTERVAL 13 DAY FROM projects WHERE projects.id=14), 573, 573, 14, 15);
INSERT INTO orders (order_id, created_at, delivery_id, payment_id, supporting_project_id) VALUES (573, (SELECT projects.end_date - INTERVAL 13 DAY FROM projects WHERE projects.id=14), 1, 573, 573);
INSERT INTO supporting_packages(id, option_list, package_count, order_id, project_package_id, supporting_project_id) VALUES (573, '["캐주얼"]', 1, 573, 14, 573);
INSERT INTO supporting_projects(supporting_project_id, supported_at, delivery_id, payment_id, project_id, user_id) VALUES (574, (SELECT projects.end_date - INTERVAL 13 DAY FROM projects WHERE projects.id=14), 574, 574, 14, 40);
INSERT INTO orders (order_id, created_at, delivery_id, payment_id, supporting_project_id) VALUES (574, (SELECT projects.end_date - INTERVAL 13 DAY FROM projects WHERE projects.id=14), 1, 574, 574);
INSERT INTO supporting_packages(id, option_list, package_count, order_id, project_package_id, supporting_project_id) VALUES (574, '["캐주얼"]', 7, 574, 14, 574);
INSERT INTO supporting_projects(supporting_project_id, supported_at, delivery_id, payment_id, project_id, user_id) VALUES (575, (SELECT projects.end_date - INTERVAL 15 DAY FROM projects WHERE projects.id=14), 575, 575, 14, 40);
INSERT INTO orders (order_id, created_at, delivery_id, payment_id, supporting_project_id) VALUES (575, (SELECT projects.end_date - INTERVAL 15 DAY FROM projects WHERE projects.id=14), 1, 575, 575);
INSERT INTO supporting_packages(id, option_list, package_count, order_id, project_package_id, supporting_project_id) VALUES (575, '["무대의상"]', 2, 575, 14, 575);
INSERT INTO supporting_projects(supporting_project_id, supported_at, delivery_id, payment_id, project_id, user_id) VALUES (576, (SELECT projects.end_date - INTERVAL 45 DAY FROM projects WHERE projects.id=14), 576, 576, 14, 6);
INSERT INTO orders (order_id, created_at, delivery_id, payment_id, supporting_project_id) VALUES (576, (SELECT projects.end_date - INTERVAL 45 DAY FROM projects WHERE projects.id=14), 1, 576, 576);
INSERT INTO supporting_packages(id, option_list, package_count, order_id, project_package_id, supporting_project_id) VALUES (576, '["스트릿"]', 10, 576, 14, 576);
INSERT INTO supporting_projects(supporting_project_id, supported_at, delivery_id, payment_id, project_id, user_id) VALUES (577, (SELECT projects.end_date - INTERVAL 14 DAY FROM projects WHERE projects.id=14), 577, 577, 14, 3);
INSERT INTO orders (order_id, created_at, delivery_id, payment_id, supporting_project_id) VALUES (577, (SELECT projects.end_date - INTERVAL 14 DAY FROM projects WHERE projects.id=14), 1, 577, 577);
INSERT INTO supporting_packages(id, option_list, package_count, order_id, project_package_id, supporting_project_id) VALUES (577, '["스트릿"]', 8, 577, 14, 577);
INSERT INTO supporting_projects(supporting_project_id, supported_at, delivery_id, payment_id, project_id, user_id) VALUES (578, (SELECT projects.end_date - INTERVAL 50 DAY FROM projects WHERE projects.id=14), 578, 578, 14, 16);
INSERT INTO orders (order_id, created_at, delivery_id, payment_id, supporting_project_id) VALUES (578, (SELECT projects.end_date - INTERVAL 50 DAY FROM projects WHERE projects.id=14), 1, 578, 578);
INSERT INTO supporting_packages(id, option_list, package_count, order_id, project_package_id, supporting_project_id) VALUES (578, '["스트릿"]', 7, 578, 14, 578);
INSERT INTO supporting_projects(supporting_project_id, supported_at, delivery_id, payment_id, project_id, user_id) VALUES (579, (SELECT projects.end_date - INTERVAL 23 DAY FROM projects WHERE projects.id=14), 579, 579, 14, 28);
INSERT INTO orders (order_id, created_at, delivery_id, payment_id, supporting_project_id) VALUES (579, (SELECT projects.end_date - INTERVAL 23 DAY FROM projects WHERE projects.id=14), 1, 579, 579);
INSERT INTO supporting_packages(id, option_list, package_count, order_id, project_package_id, supporting_project_id) VALUES (579, '["캐주얼"]', 7, 579, 14, 579);
INSERT INTO supporting_projects(supporting_project_id, supported_at, delivery_id, payment_id, project_id, user_id) VALUES (580, (SELECT projects.end_date - INTERVAL 12 DAY FROM projects WHERE projects.id=14), 580, 580, 14, 14);
INSERT INTO orders (order_id, created_at, delivery_id, payment_id, supporting_project_id) VALUES (580, (SELECT projects.end_date - INTERVAL 12 DAY FROM projects WHERE projects.id=14), 1, 580, 580);
INSERT INTO supporting_packages(id, option_list, package_count, order_id, project_package_id, supporting_project_id) VALUES (580, '["무대의상"]', 1, 580, 14, 580);
INSERT INTO supporting_projects(supporting_project_id, supported_at, delivery_id, payment_id, project_id, user_id) VALUES (581, (SELECT projects.end_date - INTERVAL 40 DAY FROM projects WHERE projects.id=14), 581, 581, 14, 33);
INSERT INTO orders (order_id, created_at, delivery_id, payment_id, supporting_project_id) VALUES (581, (SELECT projects.end_date - INTERVAL 40 DAY FROM projects WHERE projects.id=14), 1, 581, 581);
INSERT INTO supporting_packages(id, option_list, package_count, order_id, project_package_id, supporting_project_id) VALUES (581, '["무대의상"]', 10, 581, 14, 581);
INSERT INTO supporting_projects(supporting_project_id, supported_at, delivery_id, payment_id, project_id, user_id) VALUES (582, (SELECT projects.end_date - INTERVAL 34 DAY FROM projects WHERE projects.id=14), 582, 582, 14, 40);
INSERT INTO orders (order_id, created_at, delivery_id, payment_id, supporting_project_id) VALUES (582, (SELECT projects.end_date - INTERVAL 34 DAY FROM projects WHERE projects.id=14), 1, 582, 582);
INSERT INTO supporting_packages(id, option_list, package_count, order_id, project_package_id, supporting_project_id) VALUES (582, '["무대의상"]', 1, 582, 14, 582);
INSERT INTO supporting_projects(supporting_project_id, supported_at, delivery_id, payment_id, project_id, user_id) VALUES (583, (SELECT projects.end_date - INTERVAL 15 DAY FROM projects WHERE projects.id=14), 583, 583, 14, 10);
INSERT INTO orders (order_id, created_at, delivery_id, payment_id, supporting_project_id) VALUES (583, (SELECT projects.end_date - INTERVAL 15 DAY FROM projects WHERE projects.id=14), 1, 583, 583);
INSERT INTO supporting_packages(id, option_list, package_count, order_id, project_package_id, supporting_project_id) VALUES (583, '["스트릿"]', 5, 583, 14, 583);
INSERT INTO supporting_projects(supporting_project_id, supported_at, delivery_id, payment_id, project_id, user_id) VALUES (584, (SELECT projects.end_date - INTERVAL 44 DAY FROM projects WHERE projects.id=14), 584, 584, 14, 16);
INSERT INTO orders (order_id, created_at, delivery_id, payment_id, supporting_project_id) VALUES (584, (SELECT projects.end_date - INTERVAL 44 DAY FROM projects WHERE projects.id=14), 1, 584, 584);
INSERT INTO supporting_packages(id, option_list, package_count, order_id, project_package_id, supporting_project_id) VALUES (584, '["캐주얼"]', 2, 584, 14, 584);
INSERT INTO supporting_projects(supporting_project_id, supported_at, delivery_id, payment_id, project_id, user_id) VALUES (585, (SELECT projects.end_date - INTERVAL 16 DAY FROM projects WHERE projects.id=14), 585, 585, 14, 28);
INSERT INTO orders (order_id, created_at, delivery_id, payment_id, supporting_project_id) VALUES (585, (SELECT projects.end_date - INTERVAL 16 DAY FROM projects WHERE projects.id=14), 1, 585, 585);
INSERT INTO supporting_packages(id, option_list, package_count, order_id, project_package_id, supporting_project_id) VALUES (585, '["무대의상"]', 9, 585, 14, 585);
INSERT INTO supporting_projects(supporting_project_id, supported_at, delivery_id, payment_id, project_id, user_id) VALUES (586, (SELECT projects.end_date - INTERVAL 17 DAY FROM projects WHERE projects.id=14), 586, 586, 14, 11);
INSERT INTO orders (order_id, created_at, delivery_id, payment_id, supporting_project_id) VALUES (586, (SELECT projects.end_date - INTERVAL 17 DAY FROM projects WHERE projects.id=14), 1, 586, 586);
INSERT INTO supporting_packages(id, option_list, package_count, order_id, project_package_id, supporting_project_id) VALUES (586, '["캐주얼"]', 9, 586, 14, 586);
INSERT INTO supporting_projects(supporting_project_id, supported_at, delivery_id, payment_id, project_id, user_id) VALUES (587, (SELECT projects.end_date - INTERVAL 17 DAY FROM projects WHERE projects.id=14), 587, 587, 14, 35);
INSERT INTO orders (order_id, created_at, delivery_id, payment_id, supporting_project_id) VALUES (587, (SELECT projects.end_date - INTERVAL 17 DAY FROM projects WHERE projects.id=14), 1, 587, 587);
INSERT INTO supporting_packages(id, option_list, package_count, order_id, project_package_id, supporting_project_id) VALUES (587, '["스트릿"]', 4, 587, 14, 587);
INSERT INTO supporting_projects(supporting_project_id, supported_at, delivery_id, payment_id, project_id, user_id) VALUES (588, (SELECT projects.end_date - INTERVAL 7 DAY FROM projects WHERE projects.id=14), 588, 588, 14, 3);
INSERT INTO orders (order_id, created_at, delivery_id, payment_id, supporting_project_id) VALUES (588, (SELECT projects.end_date - INTERVAL 7 DAY FROM projects WHERE projects.id=14), 1, 588, 588);
INSERT INTO supporting_packages(id, option_list, package_count, order_id, project_package_id, supporting_project_id) VALUES (588, '["캐주얼"]', 2, 588, 14, 588);
INSERT INTO supporting_projects(supporting_project_id, supported_at, delivery_id, payment_id, project_id, user_id) VALUES (589, (SELECT projects.end_date - INTERVAL 37 DAY FROM projects WHERE projects.id=14), 589, 589, 14, 19);
INSERT INTO orders (order_id, created_at, delivery_id, payment_id, supporting_project_id) VALUES (589, (SELECT projects.end_date - INTERVAL 37 DAY FROM projects WHERE projects.id=14), 1, 589, 589);
INSERT INTO supporting_packages(id, option_list, package_count, order_id, project_package_id, supporting_project_id) VALUES (589, '["캐주얼"]', 9, 589, 14, 589);
INSERT INTO supporting_projects(supporting_project_id, supported_at, delivery_id, payment_id, project_id, user_id) VALUES (590, (SELECT projects.end_date - INTERVAL 47 DAY FROM projects WHERE projects.id=14), 590, 590, 14, 1);
INSERT INTO orders (order_id, created_at, delivery_id, payment_id, supporting_project_id) VALUES (590, (SELECT projects.end_date - INTERVAL 47 DAY FROM projects WHERE projects.id=14), 1, 590, 590);
INSERT INTO supporting_packages(id, option_list, package_count, order_id, project_package_id, supporting_project_id) VALUES (590, '["스트릿"]', 1, 590, 14, 590);
INSERT INTO supporting_projects(supporting_project_id, supported_at, delivery_id, payment_id, project_id, user_id) VALUES (591, (SELECT projects.end_date - INTERVAL 43 DAY FROM projects WHERE projects.id=14), 591, 591, 14, 5);
INSERT INTO orders (order_id, created_at, delivery_id, payment_id, supporting_project_id) VALUES (591, (SELECT projects.end_date - INTERVAL 43 DAY FROM projects WHERE projects.id=14), 1, 591, 591);
INSERT INTO supporting_packages(id, option_list, package_count, order_id, project_package_id, supporting_project_id) VALUES (591, '["무대의상"]', 10, 591, 14, 591);
INSERT INTO supporting_projects(supporting_project_id, supported_at, delivery_id, payment_id, project_id, user_id) VALUES (592, (SELECT projects.end_date - INTERVAL 17 DAY FROM projects WHERE projects.id=14), 592, 592, 14, 12);
INSERT INTO orders (order_id, created_at, delivery_id, payment_id, supporting_project_id) VALUES (592, (SELECT projects.end_date - INTERVAL 17 DAY FROM projects WHERE projects.id=14), 1, 592, 592);
INSERT INTO supporting_packages(id, option_list, package_count, order_id, project_package_id, supporting_project_id) VALUES (592, '["스트릿"]', 4, 592, 14, 592);
INSERT INTO supporting_projects(supporting_project_id, supported_at, delivery_id, payment_id, project_id, user_id) VALUES (593, (SELECT projects.end_date - INTERVAL 23 DAY FROM projects WHERE projects.id=14), 593, 593, 14, 7);
INSERT INTO orders (order_id, created_at, delivery_id, payment_id, supporting_project_id) VALUES (593, (SELECT projects.end_date - INTERVAL 23 DAY FROM projects WHERE projects.id=14), 1, 593, 593);
INSERT INTO supporting_packages(id, option_list, package_count, order_id, project_package_id, supporting_project_id) VALUES (593, '["캐주얼"]', 5, 593, 14, 593);
INSERT INTO supporting_projects(supporting_project_id, supported_at, delivery_id, payment_id, project_id, user_id) VALUES (594, (SELECT projects.end_date - INTERVAL 41 DAY FROM projects WHERE projects.id=14), 594, 594, 14, 21);
INSERT INTO orders (order_id, created_at, delivery_id, payment_id, supporting_project_id) VALUES (594, (SELECT projects.end_date - INTERVAL 41 DAY FROM projects WHERE projects.id=14), 1, 594, 594);
INSERT INTO supporting_packages(id, option_list, package_count, order_id, project_package_id, supporting_project_id) VALUES (594, '["스트릿"]', 3, 594, 14, 594);
INSERT INTO supporting_projects(supporting_project_id, supported_at, delivery_id, payment_id, project_id, user_id) VALUES (595, (SELECT projects.end_date - INTERVAL 42 DAY FROM projects WHERE projects.id=14), 595, 595, 14, 3);
INSERT INTO orders (order_id, created_at, delivery_id, payment_id, supporting_project_id) VALUES (595, (SELECT projects.end_date - INTERVAL 42 DAY FROM projects WHERE projects.id=14), 1, 595, 595);
INSERT INTO supporting_packages(id, option_list, package_count, order_id, project_package_id, supporting_project_id) VALUES (595, '["무대의상"]', 5, 595, 14, 595);
INSERT INTO supporting_projects(supporting_project_id, supported_at, delivery_id, payment_id, project_id, user_id) VALUES (596, (SELECT projects.end_date - INTERVAL 36 DAY FROM projects WHERE projects.id=14), 596, 596, 14, 37);
INSERT INTO orders (order_id, created_at, delivery_id, payment_id, supporting_project_id) VALUES (596, (SELECT projects.end_date - INTERVAL 36 DAY FROM projects WHERE projects.id=14), 1, 596, 596);
INSERT INTO supporting_packages(id, option_list, package_count, order_id, project_package_id, supporting_project_id) VALUES (596, '["무대의상"]', 10, 596, 14, 596);
INSERT INTO supporting_projects(supporting_project_id, supported_at, delivery_id, payment_id, project_id, user_id) VALUES (597, (SELECT projects.end_date - INTERVAL 40 DAY FROM projects WHERE projects.id=14), 597, 597, 14, 40);
INSERT INTO orders (order_id, created_at, delivery_id, payment_id, supporting_project_id) VALUES (597, (SELECT projects.end_date - INTERVAL 40 DAY FROM projects WHERE projects.id=14), 1, 597, 597);
INSERT INTO supporting_packages(id, option_list, package_count, order_id, project_package_id, supporting_project_id) VALUES (597, '["캐주얼"]', 3, 597, 14, 597);
INSERT INTO supporting_projects(supporting_project_id, supported_at, delivery_id, payment_id, project_id, user_id) VALUES (598, (SELECT projects.end_date - INTERVAL 34 DAY FROM projects WHERE projects.id=14), 598, 598, 14, 16);
INSERT INTO orders (order_id, created_at, delivery_id, payment_id, supporting_project_id) VALUES (598, (SELECT projects.end_date - INTERVAL 34 DAY FROM projects WHERE projects.id=14), 1, 598, 598);
INSERT INTO supporting_packages(id, option_list, package_count, order_id, project_package_id, supporting_project_id) VALUES (598, '["무대의상"]', 7, 598, 14, 598);
INSERT INTO supporting_projects(supporting_project_id, supported_at, delivery_id, payment_id, project_id, user_id) VALUES (599, (SELECT projects.end_date - INTERVAL 10 DAY FROM projects WHERE projects.id=14), 599, 599, 14, 39);
INSERT INTO orders (order_id, created_at, delivery_id, payment_id, supporting_project_id) VALUES (599, (SELECT projects.end_date - INTERVAL 10 DAY FROM projects WHERE projects.id=14), 1, 599, 599);
INSERT INTO supporting_packages(id, option_list, package_count, order_id, project_package_id, supporting_project_id) VALUES (599, '["스트릿"]', 4, 599, 14, 599);
INSERT INTO supporting_projects(supporting_project_id, supported_at, delivery_id, payment_id, project_id, user_id) VALUES (600, (SELECT projects.end_date - INTERVAL 32 DAY FROM projects WHERE projects.id=14), 600, 600, 14, 27);
INSERT INTO orders (order_id, created_at, delivery_id, payment_id, supporting_project_id) VALUES (600, (SELECT projects.end_date - INTERVAL 32 DAY FROM projects WHERE projects.id=14), 1, 600, 600);
INSERT INTO supporting_packages(id, option_list, package_count, order_id, project_package_id, supporting_project_id) VALUES (600, '["스트릿"]', 7, 600, 14, 600);
INSERT INTO supporting_projects(supporting_project_id, supported_at, delivery_id, payment_id, project_id, user_id) VALUES (601, (SELECT projects.end_date - INTERVAL 21 DAY FROM projects WHERE projects.id=14), 601, 601, 14, 38);
INSERT INTO orders (order_id, created_at, delivery_id, payment_id, supporting_project_id) VALUES (601, (SELECT projects.end_date - INTERVAL 21 DAY FROM projects WHERE projects.id=14), 1, 601, 601);
INSERT INTO supporting_packages(id, option_list, package_count, order_id, project_package_id, supporting_project_id) VALUES (601, '["무대의상"]', 6, 601, 14, 601);
INSERT INTO supporting_projects(supporting_project_id, supported_at, delivery_id, payment_id, project_id, user_id) VALUES (602, (SELECT projects.end_date - INTERVAL 49 DAY FROM projects WHERE projects.id=14), 602, 602, 14, 22);
INSERT INTO orders (order_id, created_at, delivery_id, payment_id, supporting_project_id) VALUES (602, (SELECT projects.end_date - INTERVAL 49 DAY FROM projects WHERE projects.id=14), 1, 602, 602);
INSERT INTO supporting_packages(id, option_list, package_count, order_id, project_package_id, supporting_project_id) VALUES (602, '["캐주얼"]', 3, 602, 14, 602);
INSERT INTO supporting_projects(supporting_project_id, supported_at, delivery_id, payment_id, project_id, user_id) VALUES (603, (SELECT projects.end_date - INTERVAL 33 DAY FROM projects WHERE projects.id=14), 603, 603, 14, 20);
INSERT INTO orders (order_id, created_at, delivery_id, payment_id, supporting_project_id) VALUES (603, (SELECT projects.end_date - INTERVAL 33 DAY FROM projects WHERE projects.id=14), 1, 603, 603);
INSERT INTO supporting_packages(id, option_list, package_count, order_id, project_package_id, supporting_project_id) VALUES (603, '["캐주얼"]', 7, 603, 14, 603);
INSERT INTO supporting_projects(supporting_project_id, supported_at, delivery_id, payment_id, project_id, user_id) VALUES (604, (SELECT projects.end_date - INTERVAL 28 DAY FROM projects WHERE projects.id=14), 604, 604, 14, 6);
INSERT INTO orders (order_id, created_at, delivery_id, payment_id, supporting_project_id) VALUES (604, (SELECT projects.end_date - INTERVAL 28 DAY FROM projects WHERE projects.id=14), 1, 604, 604);
INSERT INTO supporting_packages(id, option_list, package_count, order_id, project_package_id, supporting_project_id) VALUES (604, '["캐주얼"]', 8, 604, 14, 604);
INSERT INTO supporting_projects(supporting_project_id, supported_at, delivery_id, payment_id, project_id, user_id) VALUES (605, (SELECT projects.end_date - INTERVAL 13 DAY FROM projects WHERE projects.id=14), 605, 605, 14, 23);
INSERT INTO orders (order_id, created_at, delivery_id, payment_id, supporting_project_id) VALUES (605, (SELECT projects.end_date - INTERVAL 13 DAY FROM projects WHERE projects.id=14), 1, 605, 605);
INSERT INTO supporting_packages(id, option_list, package_count, order_id, project_package_id, supporting_project_id) VALUES (605, '["캐주얼"]', 4, 605, 14, 605);
INSERT INTO supporting_projects(supporting_project_id, supported_at, delivery_id, payment_id, project_id, user_id) VALUES (606, (SELECT projects.end_date - INTERVAL 11 DAY FROM projects WHERE projects.id=14), 606, 606, 14, 20);
INSERT INTO orders (order_id, created_at, delivery_id, payment_id, supporting_project_id) VALUES (606, (SELECT projects.end_date - INTERVAL 11 DAY FROM projects WHERE projects.id=14), 1, 606, 606);
INSERT INTO supporting_packages(id, option_list, package_count, order_id, project_package_id, supporting_project_id) VALUES (606, '["무대의상"]', 4, 606, 14, 606);
INSERT INTO supporting_projects(supporting_project_id, supported_at, delivery_id, payment_id, project_id, user_id) VALUES (607, (SELECT projects.end_date - INTERVAL 7 DAY FROM projects WHERE projects.id=14), 607, 607, 14, 24);
INSERT INTO orders (order_id, created_at, delivery_id, payment_id, supporting_project_id) VALUES (607, (SELECT projects.end_date - INTERVAL 7 DAY FROM projects WHERE projects.id=14), 1, 607, 607);
INSERT INTO supporting_packages(id, option_list, package_count, order_id, project_package_id, supporting_project_id) VALUES (607, '["스트릿"]', 1, 607, 14, 607);
INSERT INTO supporting_projects(supporting_project_id, supported_at, delivery_id, payment_id, project_id, user_id) VALUES (608, (SELECT projects.end_date - INTERVAL 45 DAY FROM projects WHERE projects.id=14), 608, 608, 14, 32);
INSERT INTO orders (order_id, created_at, delivery_id, payment_id, supporting_project_id) VALUES (608, (SELECT projects.end_date - INTERVAL 45 DAY FROM projects WHERE projects.id=14), 1, 608, 608);
INSERT INTO supporting_packages(id, option_list, package_count, order_id, project_package_id, supporting_project_id) VALUES (608, '["캐주얼"]', 2, 608, 14, 608);
INSERT INTO supporting_projects(supporting_project_id, supported_at, delivery_id, payment_id, project_id, user_id) VALUES (609, (SELECT projects.end_date - INTERVAL 34 DAY FROM projects WHERE projects.id=14), 609, 609, 14, 21);
INSERT INTO orders (order_id, created_at, delivery_id, payment_id, supporting_project_id) VALUES (609, (SELECT projects.end_date - INTERVAL 34 DAY FROM projects WHERE projects.id=14), 1, 609, 609);
INSERT INTO supporting_packages(id, option_list, package_count, order_id, project_package_id, supporting_project_id) VALUES (609, '["무대의상"]', 10, 609, 14, 609);
INSERT INTO supporting_projects(supporting_project_id, supported_at, delivery_id, payment_id, project_id, user_id) VALUES (610, (SELECT projects.end_date - INTERVAL 12 DAY FROM projects WHERE projects.id=14), 610, 610, 14, 14);
INSERT INTO orders (order_id, created_at, delivery_id, payment_id, supporting_project_id) VALUES (610, (SELECT projects.end_date - INTERVAL 12 DAY FROM projects WHERE projects.id=14), 1, 610, 610);
INSERT INTO supporting_packages(id, option_list, package_count, order_id, project_package_id, supporting_project_id) VALUES (610, '["캐주얼"]', 7, 610, 14, 610);
INSERT INTO supporting_projects(supporting_project_id, supported_at, delivery_id, payment_id, project_id, user_id) VALUES (611, (SELECT projects.end_date - INTERVAL 43 DAY FROM projects WHERE projects.id=14), 611, 611, 14, 31);
INSERT INTO orders (order_id, created_at, delivery_id, payment_id, supporting_project_id) VALUES (611, (SELECT projects.end_date - INTERVAL 43 DAY FROM projects WHERE projects.id=14), 1, 611, 611);
INSERT INTO supporting_packages(id, option_list, package_count, order_id, project_package_id, supporting_project_id) VALUES (611, '["무대의상"]', 5, 611, 14, 611);
INSERT INTO supporting_projects(supporting_project_id, supported_at, delivery_id, payment_id, project_id, user_id) VALUES (612, (SELECT projects.end_date - INTERVAL 42 DAY FROM projects WHERE projects.id=14), 612, 612, 14, 5);
INSERT INTO orders (order_id, created_at, delivery_id, payment_id, supporting_project_id) VALUES (612, (SELECT projects.end_date - INTERVAL 42 DAY FROM projects WHERE projects.id=14), 1, 612, 612);
INSERT INTO supporting_packages(id, option_list, package_count, order_id, project_package_id, supporting_project_id) VALUES (612, '["무대의상"]', 9, 612, 14, 612);
INSERT INTO supporting_projects(supporting_project_id, supported_at, delivery_id, payment_id, project_id, user_id) VALUES (613, (SELECT projects.end_date - INTERVAL 42 DAY FROM projects WHERE projects.id=14), 613, 613, 14, 17);
INSERT INTO orders (order_id, created_at, delivery_id, payment_id, supporting_project_id) VALUES (613, (SELECT projects.end_date - INTERVAL 42 DAY FROM projects WHERE projects.id=14), 1, 613, 613);
INSERT INTO supporting_packages(id, option_list, package_count, order_id, project_package_id, supporting_project_id) VALUES (613, '["캐주얼"]', 3, 613, 14, 613);
INSERT INTO supporting_projects(supporting_project_id, supported_at, delivery_id, payment_id, project_id, user_id) VALUES (614, (SELECT projects.end_date - INTERVAL 30 DAY FROM projects WHERE projects.id=14), 614, 614, 14, 36);
INSERT INTO orders (order_id, created_at, delivery_id, payment_id, supporting_project_id) VALUES (614, (SELECT projects.end_date - INTERVAL 30 DAY FROM projects WHERE projects.id=14), 1, 614, 614);
INSERT INTO supporting_packages(id, option_list, package_count, order_id, project_package_id, supporting_project_id) VALUES (614, '["무대의상"]', 8, 614, 14, 614);
INSERT INTO supporting_projects(supporting_project_id, supported_at, delivery_id, payment_id, project_id, user_id) VALUES (615, (SELECT projects.end_date - INTERVAL 43 DAY FROM projects WHERE projects.id=14), 615, 615, 14, 1);
INSERT INTO orders (order_id, created_at, delivery_id, payment_id, supporting_project_id) VALUES (615, (SELECT projects.end_date - INTERVAL 43 DAY FROM projects WHERE projects.id=14), 1, 615, 615);
INSERT INTO supporting_packages(id, option_list, package_count, order_id, project_package_id, supporting_project_id) VALUES (615, '["스트릿"]', 4, 615, 14, 615);
INSERT INTO supporting_projects(supporting_project_id, supported_at, delivery_id, payment_id, project_id, user_id) VALUES (616, (SELECT projects.end_date - INTERVAL 21 DAY FROM projects WHERE projects.id=14), 616, 616, 14, 28);
INSERT INTO orders (order_id, created_at, delivery_id, payment_id, supporting_project_id) VALUES (616, (SELECT projects.end_date - INTERVAL 21 DAY FROM projects WHERE projects.id=14), 1, 616, 616);
INSERT INTO supporting_packages(id, option_list, package_count, order_id, project_package_id, supporting_project_id) VALUES (616, '["캐주얼"]', 6, 616, 14, 616);
INSERT INTO supporting_projects(supporting_project_id, supported_at, delivery_id, payment_id, project_id, user_id) VALUES (617, (SELECT projects.end_date - INTERVAL 50 DAY FROM projects WHERE projects.id=14), 617, 617, 14, 3);
INSERT INTO orders (order_id, created_at, delivery_id, payment_id, supporting_project_id) VALUES (617, (SELECT projects.end_date - INTERVAL 50 DAY FROM projects WHERE projects.id=14), 1, 617, 617);
INSERT INTO supporting_packages(id, option_list, package_count, order_id, project_package_id, supporting_project_id) VALUES (617, '["스트릿"]', 8, 617, 14, 617);
INSERT INTO supporting_projects(supporting_project_id, supported_at, delivery_id, payment_id, project_id, user_id) VALUES (618, (SELECT projects.end_date - INTERVAL 26 DAY FROM projects WHERE projects.id=14), 618, 618, 14, 17);
INSERT INTO orders (order_id, created_at, delivery_id, payment_id, supporting_project_id) VALUES (618, (SELECT projects.end_date - INTERVAL 26 DAY FROM projects WHERE projects.id=14), 1, 618, 618);
INSERT INTO supporting_packages(id, option_list, package_count, order_id, project_package_id, supporting_project_id) VALUES (618, '["스트릿"]', 10, 618, 14, 618);
INSERT INTO supporting_projects(supporting_project_id, supported_at, delivery_id, payment_id, project_id, user_id) VALUES (619, (SELECT projects.end_date - INTERVAL 37 DAY FROM projects WHERE projects.id=14), 619, 619, 14, 30);
INSERT INTO orders (order_id, created_at, delivery_id, payment_id, supporting_project_id) VALUES (619, (SELECT projects.end_date - INTERVAL 37 DAY FROM projects WHERE projects.id=14), 1, 619, 619);
INSERT INTO supporting_packages(id, option_list, package_count, order_id, project_package_id, supporting_project_id) VALUES (619, '["무대의상"]', 10, 619, 14, 619);
INSERT INTO supporting_projects(supporting_project_id, supported_at, delivery_id, payment_id, project_id, user_id) VALUES (620, (SELECT projects.end_date - INTERVAL 28 DAY FROM projects WHERE projects.id=14), 620, 620, 14, 13);
INSERT INTO orders (order_id, created_at, delivery_id, payment_id, supporting_project_id) VALUES (620, (SELECT projects.end_date - INTERVAL 28 DAY FROM projects WHERE projects.id=14), 1, 620, 620);
INSERT INTO supporting_packages(id, option_list, package_count, order_id, project_package_id, supporting_project_id) VALUES (620, '["무대의상"]', 7, 620, 14, 620);
INSERT INTO supporting_projects(supporting_project_id, supported_at, delivery_id, payment_id, project_id, user_id) VALUES (621, (SELECT projects.end_date - INTERVAL 47 DAY FROM projects WHERE projects.id=14), 621, 621, 14, 22);
INSERT INTO orders (order_id, created_at, delivery_id, payment_id, supporting_project_id) VALUES (621, (SELECT projects.end_date - INTERVAL 47 DAY FROM projects WHERE projects.id=14), 1, 621, 621);
INSERT INTO supporting_packages(id, option_list, package_count, order_id, project_package_id, supporting_project_id) VALUES (621, '["스트릿"]', 10, 621, 14, 621);
INSERT INTO supporting_projects(supporting_project_id, supported_at, delivery_id, payment_id, project_id, user_id) VALUES (622, (SELECT projects.end_date - INTERVAL 17 DAY FROM projects WHERE projects.id=14), 622, 622, 14, 34);
INSERT INTO orders (order_id, created_at, delivery_id, payment_id, supporting_project_id) VALUES (622, (SELECT projects.end_date - INTERVAL 17 DAY FROM projects WHERE projects.id=14), 1, 622, 622);
INSERT INTO supporting_packages(id, option_list, package_count, order_id, project_package_id, supporting_project_id) VALUES (622, '["무대의상"]', 5, 622, 14, 622);
INSERT INTO supporting_projects(supporting_project_id, supported_at, delivery_id, payment_id, project_id, user_id) VALUES (623, (SELECT projects.end_date - INTERVAL 26 DAY FROM projects WHERE projects.id=14), 623, 623, 14, 15);
INSERT INTO orders (order_id, created_at, delivery_id, payment_id, supporting_project_id) VALUES (623, (SELECT projects.end_date - INTERVAL 26 DAY FROM projects WHERE projects.id=14), 1, 623, 623);
INSERT INTO supporting_packages(id, option_list, package_count, order_id, project_package_id, supporting_project_id) VALUES (623, '["스트릿"]', 7, 623, 14, 623);
INSERT INTO supporting_projects(supporting_project_id, supported_at, delivery_id, payment_id, project_id, user_id) VALUES (624, (SELECT projects.end_date - INTERVAL 15 DAY FROM projects WHERE projects.id=14), 624, 624, 14, 33);
INSERT INTO orders (order_id, created_at, delivery_id, payment_id, supporting_project_id) VALUES (624, (SELECT projects.end_date - INTERVAL 15 DAY FROM projects WHERE projects.id=14), 1, 624, 624);
INSERT INTO supporting_packages(id, option_list, package_count, order_id, project_package_id, supporting_project_id) VALUES (624, '["스트릿"]', 9, 624, 14, 624);
INSERT INTO supporting_projects(supporting_project_id, supported_at, delivery_id, payment_id, project_id, user_id) VALUES (625, (SELECT projects.end_date - INTERVAL 8 DAY FROM projects WHERE projects.id=14), 625, 625, 14, 22);
INSERT INTO orders (order_id, created_at, delivery_id, payment_id, supporting_project_id) VALUES (625, (SELECT projects.end_date - INTERVAL 8 DAY FROM projects WHERE projects.id=14), 1, 625, 625);
INSERT INTO supporting_packages(id, option_list, package_count, order_id, project_package_id, supporting_project_id) VALUES (625, '["무대의상"]', 4, 625, 14, 625);
INSERT INTO supporting_projects(supporting_project_id, supported_at, delivery_id, payment_id, project_id, user_id) VALUES (626, (SELECT projects.end_date - INTERVAL 47 DAY FROM projects WHERE projects.id=14), 626, 626, 14, 33);
INSERT INTO orders (order_id, created_at, delivery_id, payment_id, supporting_project_id) VALUES (626, (SELECT projects.end_date - INTERVAL 47 DAY FROM projects WHERE projects.id=14), 1, 626, 626);
INSERT INTO supporting_packages(id, option_list, package_count, order_id, project_package_id, supporting_project_id) VALUES (626, '["캐주얼"]', 10, 626, 14, 626);
INSERT INTO supporting_projects(supporting_project_id, supported_at, delivery_id, payment_id, project_id, user_id) VALUES (627, (SELECT projects.end_date - INTERVAL 34 DAY FROM projects WHERE projects.id=14), 627, 627, 14, 10);
INSERT INTO orders (order_id, created_at, delivery_id, payment_id, supporting_project_id) VALUES (627, (SELECT projects.end_date - INTERVAL 34 DAY FROM projects WHERE projects.id=14), 1, 627, 627);
INSERT INTO supporting_packages(id, option_list, package_count, order_id, project_package_id, supporting_project_id) VALUES (627, '["캐주얼"]', 8, 627, 14, 627);
INSERT INTO supporting_projects(supporting_project_id, supported_at, delivery_id, payment_id, project_id, user_id) VALUES (628, (SELECT projects.end_date - INTERVAL 34 DAY FROM projects WHERE projects.id=14), 628, 628, 14, 11);
INSERT INTO orders (order_id, created_at, delivery_id, payment_id, supporting_project_id) VALUES (628, (SELECT projects.end_date - INTERVAL 34 DAY FROM projects WHERE projects.id=14), 1, 628, 628);
INSERT INTO supporting_packages(id, option_list, package_count, order_id, project_package_id, supporting_project_id) VALUES (628, '["무대의상"]', 9, 628, 14, 628);
INSERT INTO supporting_projects(supporting_project_id, supported_at, delivery_id, payment_id, project_id, user_id) VALUES (629, (SELECT projects.end_date - INTERVAL 7 DAY FROM projects WHERE projects.id=14), 629, 629, 14, 23);
INSERT INTO orders (order_id, created_at, delivery_id, payment_id, supporting_project_id) VALUES (629, (SELECT projects.end_date - INTERVAL 7 DAY FROM projects WHERE projects.id=14), 1, 629, 629);
INSERT INTO supporting_packages(id, option_list, package_count, order_id, project_package_id, supporting_project_id) VALUES (629, '["무대의상"]', 10, 629, 14, 629);
INSERT INTO supporting_projects(supporting_project_id, supported_at, delivery_id, payment_id, project_id, user_id) VALUES (630, (SELECT projects.end_date - INTERVAL 17 DAY FROM projects WHERE projects.id=14), 630, 630, 14, 27);
INSERT INTO orders (order_id, created_at, delivery_id, payment_id, supporting_project_id) VALUES (630, (SELECT projects.end_date - INTERVAL 17 DAY FROM projects WHERE projects.id=14), 1, 630, 630);
INSERT INTO supporting_packages(id, option_list, package_count, order_id, project_package_id, supporting_project_id) VALUES (630, '["스트릿"]', 1, 630, 14, 630);
INSERT INTO supporting_projects(supporting_project_id, supported_at, delivery_id, payment_id, project_id, user_id) VALUES (631, (SELECT projects.end_date - INTERVAL 34 DAY FROM projects WHERE projects.id=14), 631, 631, 14, 27);
INSERT INTO orders (order_id, created_at, delivery_id, payment_id, supporting_project_id) VALUES (631, (SELECT projects.end_date - INTERVAL 34 DAY FROM projects WHERE projects.id=14), 1, 631, 631);
INSERT INTO supporting_packages(id, option_list, package_count, order_id, project_package_id, supporting_project_id) VALUES (631, '["캐주얼"]', 4, 631, 14, 631);
INSERT INTO supporting_projects(supporting_project_id, supported_at, delivery_id, payment_id, project_id, user_id) VALUES (632, (SELECT projects.end_date - INTERVAL 34 DAY FROM projects WHERE projects.id=14), 632, 632, 14, 23);
INSERT INTO orders (order_id, created_at, delivery_id, payment_id, supporting_project_id) VALUES (632, (SELECT projects.end_date - INTERVAL 34 DAY FROM projects WHERE projects.id=14), 1, 632, 632);
INSERT INTO supporting_packages(id, option_list, package_count, order_id, project_package_id, supporting_project_id) VALUES (632, '["스트릿"]', 8, 632, 14, 632);
INSERT INTO supporting_projects(supporting_project_id, supported_at, delivery_id, payment_id, project_id, user_id) VALUES (633, (SELECT projects.end_date - INTERVAL 16 DAY FROM projects WHERE projects.id=14), 633, 633, 14, 32);
INSERT INTO orders (order_id, created_at, delivery_id, payment_id, supporting_project_id) VALUES (633, (SELECT projects.end_date - INTERVAL 16 DAY FROM projects WHERE projects.id=14), 1, 633, 633);
INSERT INTO supporting_packages(id, option_list, package_count, order_id, project_package_id, supporting_project_id) VALUES (633, '["스트릿"]', 2, 633, 14, 633);
INSERT INTO supporting_projects(supporting_project_id, supported_at, delivery_id, payment_id, project_id, user_id) VALUES (634, (SELECT projects.end_date - INTERVAL 19 DAY FROM projects WHERE projects.id=14), 634, 634, 14, 3);
INSERT INTO orders (order_id, created_at, delivery_id, payment_id, supporting_project_id) VALUES (634, (SELECT projects.end_date - INTERVAL 19 DAY FROM projects WHERE projects.id=14), 1, 634, 634);
INSERT INTO supporting_packages(id, option_list, package_count, order_id, project_package_id, supporting_project_id) VALUES (634, '["캐주얼"]', 2, 634, 14, 634);
INSERT INTO supporting_projects(supporting_project_id, supported_at, delivery_id, payment_id, project_id, user_id) VALUES (635, (SELECT projects.end_date - INTERVAL 13 DAY FROM projects WHERE projects.id=14), 635, 635, 14, 18);
INSERT INTO orders (order_id, created_at, delivery_id, payment_id, supporting_project_id) VALUES (635, (SELECT projects.end_date - INTERVAL 13 DAY FROM projects WHERE projects.id=14), 1, 635, 635);
INSERT INTO supporting_packages(id, option_list, package_count, order_id, project_package_id, supporting_project_id) VALUES (635, '["캐주얼"]', 2, 635, 14, 635);
INSERT INTO supporting_projects(supporting_project_id, supported_at, delivery_id, payment_id, project_id, user_id) VALUES (636, (SELECT projects.end_date - INTERVAL 17 DAY FROM projects WHERE projects.id=14), 636, 636, 14, 15);
INSERT INTO orders (order_id, created_at, delivery_id, payment_id, supporting_project_id) VALUES (636, (SELECT projects.end_date - INTERVAL 17 DAY FROM projects WHERE projects.id=14), 1, 636, 636);
INSERT INTO supporting_packages(id, option_list, package_count, order_id, project_package_id, supporting_project_id) VALUES (636, '["스트릿"]', 8, 636, 14, 636);
INSERT INTO supporting_projects(supporting_project_id, supported_at, delivery_id, payment_id, project_id, user_id) VALUES (637, (SELECT projects.end_date - INTERVAL 37 DAY FROM projects WHERE projects.id=14), 637, 637, 14, 23);
INSERT INTO orders (order_id, created_at, delivery_id, payment_id, supporting_project_id) VALUES (637, (SELECT projects.end_date - INTERVAL 37 DAY FROM projects WHERE projects.id=14), 1, 637, 637);
INSERT INTO supporting_packages(id, option_list, package_count, order_id, project_package_id, supporting_project_id) VALUES (637, '["스트릿"]', 8, 637, 14, 637);
INSERT INTO supporting_projects(supporting_project_id, supported_at, delivery_id, payment_id, project_id, user_id) VALUES (638, (SELECT projects.end_date - INTERVAL 43 DAY FROM projects WHERE projects.id=14), 638, 638, 14, 34);
INSERT INTO orders (order_id, created_at, delivery_id, payment_id, supporting_project_id) VALUES (638, (SELECT projects.end_date - INTERVAL 43 DAY FROM projects WHERE projects.id=14), 1, 638, 638);
INSERT INTO supporting_packages(id, option_list, package_count, order_id, project_package_id, supporting_project_id) VALUES (638, '["스트릿"]', 6, 638, 14, 638);
INSERT INTO supporting_projects(supporting_project_id, supported_at, delivery_id, payment_id, project_id, user_id) VALUES (639, (SELECT projects.end_date - INTERVAL 47 DAY FROM projects WHERE projects.id=14), 639, 639, 14, 11);
INSERT INTO orders (order_id, created_at, delivery_id, payment_id, supporting_project_id) VALUES (639, (SELECT projects.end_date - INTERVAL 47 DAY FROM projects WHERE projects.id=14), 1, 639, 639);
INSERT INTO supporting_packages(id, option_list, package_count, order_id, project_package_id, supporting_project_id) VALUES (639, '["무대의상"]', 5, 639, 14, 639);
INSERT INTO supporting_projects(supporting_project_id, supported_at, delivery_id, payment_id, project_id, user_id) VALUES (640, (SELECT projects.end_date - INTERVAL 14 DAY FROM projects WHERE projects.id=14), 640, 640, 14, 38);
INSERT INTO orders (order_id, created_at, delivery_id, payment_id, supporting_project_id) VALUES (640, (SELECT projects.end_date - INTERVAL 14 DAY FROM projects WHERE projects.id=14), 1, 640, 640);
INSERT INTO supporting_packages(id, option_list, package_count, order_id, project_package_id, supporting_project_id) VALUES (640, '["스트릿"]', 4, 640, 14, 640);
INSERT INTO supporting_projects(supporting_project_id, supported_at, delivery_id, payment_id, project_id, user_id) VALUES (641, (SELECT projects.end_date - INTERVAL 48 DAY FROM projects WHERE projects.id=14), 641, 641, 14, 7);
INSERT INTO orders (order_id, created_at, delivery_id, payment_id, supporting_project_id) VALUES (641, (SELECT projects.end_date - INTERVAL 48 DAY FROM projects WHERE projects.id=14), 1, 641, 641);
INSERT INTO supporting_packages(id, option_list, package_count, order_id, project_package_id, supporting_project_id) VALUES (641, '["스트릿"]', 2, 641, 14, 641);
INSERT INTO supporting_projects(supporting_project_id, supported_at, delivery_id, payment_id, project_id, user_id) VALUES (642, (SELECT projects.end_date - INTERVAL 22 DAY FROM projects WHERE projects.id=14), 642, 642, 14, 6);
INSERT INTO orders (order_id, created_at, delivery_id, payment_id, supporting_project_id) VALUES (642, (SELECT projects.end_date - INTERVAL 22 DAY FROM projects WHERE projects.id=14), 1, 642, 642);
INSERT INTO supporting_packages(id, option_list, package_count, order_id, project_package_id, supporting_project_id) VALUES (642, '["무대의상"]', 6, 642, 14, 642);
INSERT INTO supporting_projects(supporting_project_id, supported_at, delivery_id, payment_id, project_id, user_id) VALUES (643, (SELECT projects.end_date - INTERVAL 41 DAY FROM projects WHERE projects.id=14), 643, 643, 14, 34);
INSERT INTO orders (order_id, created_at, delivery_id, payment_id, supporting_project_id) VALUES (643, (SELECT projects.end_date - INTERVAL 41 DAY FROM projects WHERE projects.id=14), 1, 643, 643);
INSERT INTO supporting_packages(id, option_list, package_count, order_id, project_package_id, supporting_project_id) VALUES (643, '["무대의상"]', 7, 643, 14, 643);
INSERT INTO supporting_projects(supporting_project_id, supported_at, delivery_id, payment_id, project_id, user_id) VALUES (644, (SELECT projects.end_date - INTERVAL 27 DAY FROM projects WHERE projects.id=14), 644, 644, 14, 25);
INSERT INTO orders (order_id, created_at, delivery_id, payment_id, supporting_project_id) VALUES (644, (SELECT projects.end_date - INTERVAL 27 DAY FROM projects WHERE projects.id=14), 1, 644, 644);
INSERT INTO supporting_packages(id, option_list, package_count, order_id, project_package_id, supporting_project_id) VALUES (644, '["캐주얼"]', 7, 644, 14, 644);
INSERT INTO supporting_projects(supporting_project_id, supported_at, delivery_id, payment_id, project_id, user_id) VALUES (645, (SELECT projects.end_date - INTERVAL 23 DAY FROM projects WHERE projects.id=14), 645, 645, 14, 37);
INSERT INTO orders (order_id, created_at, delivery_id, payment_id, supporting_project_id) VALUES (645, (SELECT projects.end_date - INTERVAL 23 DAY FROM projects WHERE projects.id=14), 1, 645, 645);
INSERT INTO supporting_packages(id, option_list, package_count, order_id, project_package_id, supporting_project_id) VALUES (645, '["스트릿"]', 5, 645, 14, 645);
INSERT INTO supporting_projects(supporting_project_id, supported_at, delivery_id, payment_id, project_id, user_id) VALUES (646, (SELECT projects.end_date - INTERVAL 47 DAY FROM projects WHERE projects.id=14), 646, 646, 14, 13);
INSERT INTO orders (order_id, created_at, delivery_id, payment_id, supporting_project_id) VALUES (646, (SELECT projects.end_date - INTERVAL 47 DAY FROM projects WHERE projects.id=14), 1, 646, 646);
INSERT INTO supporting_packages(id, option_list, package_count, order_id, project_package_id, supporting_project_id) VALUES (646, '["무대의상"]', 3, 646, 14, 646);
INSERT INTO supporting_projects(supporting_project_id, supported_at, delivery_id, payment_id, project_id, user_id) VALUES (647, (SELECT projects.end_date - INTERVAL 41 DAY FROM projects WHERE projects.id=14), 647, 647, 14, 3);
INSERT INTO orders (order_id, created_at, delivery_id, payment_id, supporting_project_id) VALUES (647, (SELECT projects.end_date - INTERVAL 41 DAY FROM projects WHERE projects.id=14), 1, 647, 647);
INSERT INTO supporting_packages(id, option_list, package_count, order_id, project_package_id, supporting_project_id) VALUES (647, '["스트릿"]', 7, 647, 14, 647);
INSERT INTO supporting_projects(supporting_project_id, supported_at, delivery_id, payment_id, project_id, user_id) VALUES (648, (SELECT projects.end_date - INTERVAL 30 DAY FROM projects WHERE projects.id=14), 648, 648, 14, 28);
INSERT INTO orders (order_id, created_at, delivery_id, payment_id, supporting_project_id) VALUES (648, (SELECT projects.end_date - INTERVAL 30 DAY FROM projects WHERE projects.id=14), 1, 648, 648);
INSERT INTO supporting_packages(id, option_list, package_count, order_id, project_package_id, supporting_project_id) VALUES (648, '["무대의상"]', 7, 648, 14, 648);
INSERT INTO supporting_projects(supporting_project_id, supported_at, delivery_id, payment_id, project_id, user_id) VALUES (649, (SELECT projects.end_date - INTERVAL 7 DAY FROM projects WHERE projects.id=14), 649, 649, 14, 20);
INSERT INTO orders (order_id, created_at, delivery_id, payment_id, supporting_project_id) VALUES (649, (SELECT projects.end_date - INTERVAL 7 DAY FROM projects WHERE projects.id=14), 1, 649, 649);
INSERT INTO supporting_packages(id, option_list, package_count, order_id, project_package_id, supporting_project_id) VALUES (649, '["캐주얼"]', 5, 649, 14, 649);
INSERT INTO supporting_projects(supporting_project_id, supported_at, delivery_id, payment_id, project_id, user_id) VALUES (650, (SELECT projects.end_date - INTERVAL 34 DAY FROM projects WHERE projects.id=14), 650, 650, 14, 3);
INSERT INTO orders (order_id, created_at, delivery_id, payment_id, supporting_project_id) VALUES (650, (SELECT projects.end_date - INTERVAL 34 DAY FROM projects WHERE projects.id=14), 1, 650, 650);
INSERT INTO supporting_packages(id, option_list, package_count, order_id, project_package_id, supporting_project_id) VALUES (650, '["스트릿"]', 9, 650, 14, 650);
INSERT INTO supporting_projects(supporting_project_id, supported_at, delivery_id, payment_id, project_id, user_id) VALUES (651, (SELECT projects.end_date - INTERVAL 49 DAY FROM projects WHERE projects.id=14), 651, 651, 14, 5);
INSERT INTO orders (order_id, created_at, delivery_id, payment_id, supporting_project_id) VALUES (651, (SELECT projects.end_date - INTERVAL 49 DAY FROM projects WHERE projects.id=14), 1, 651, 651);
INSERT INTO supporting_packages(id, option_list, package_count, order_id, project_package_id, supporting_project_id) VALUES (651, '["무대의상"]', 1, 651, 14, 651);
INSERT INTO supporting_projects(supporting_project_id, supported_at, delivery_id, payment_id, project_id, user_id) VALUES (652, (SELECT projects.end_date - INTERVAL 19 DAY FROM projects WHERE projects.id=14), 652, 652, 14, 18);
INSERT INTO orders (order_id, created_at, delivery_id, payment_id, supporting_project_id) VALUES (652, (SELECT projects.end_date - INTERVAL 19 DAY FROM projects WHERE projects.id=14), 1, 652, 652);
INSERT INTO supporting_packages(id, option_list, package_count, order_id, project_package_id, supporting_project_id) VALUES (652, '["무대의상"]', 8, 652, 14, 652);
INSERT INTO supporting_projects(supporting_project_id, supported_at, delivery_id, payment_id, project_id, user_id) VALUES (653, (SELECT projects.end_date - INTERVAL 21 DAY FROM projects WHERE projects.id=14), 653, 653, 14, 31);
INSERT INTO orders (order_id, created_at, delivery_id, payment_id, supporting_project_id) VALUES (653, (SELECT projects.end_date - INTERVAL 21 DAY FROM projects WHERE projects.id=14), 1, 653, 653);
INSERT INTO supporting_packages(id, option_list, package_count, order_id, project_package_id, supporting_project_id) VALUES (653, '["스트릿"]', 4, 653, 14, 653);
INSERT INTO supporting_projects(supporting_project_id, supported_at, delivery_id, payment_id, project_id, user_id) VALUES (654, (SELECT projects.end_date - INTERVAL 12 DAY FROM projects WHERE projects.id=14), 654, 654, 14, 38);
INSERT INTO orders (order_id, created_at, delivery_id, payment_id, supporting_project_id) VALUES (654, (SELECT projects.end_date - INTERVAL 12 DAY FROM projects WHERE projects.id=14), 1, 654, 654);
INSERT INTO supporting_packages(id, option_list, package_count, order_id, project_package_id, supporting_project_id) VALUES (654, '["캐주얼"]', 6, 654, 14, 654);
INSERT INTO supporting_projects(supporting_project_id, supported_at, delivery_id, payment_id, project_id, user_id) VALUES (655, (SELECT projects.end_date - INTERVAL 36 DAY FROM projects WHERE projects.id=14), 655, 655, 14, 30);
INSERT INTO orders (order_id, created_at, delivery_id, payment_id, supporting_project_id) VALUES (655, (SELECT projects.end_date - INTERVAL 36 DAY FROM projects WHERE projects.id=14), 1, 655, 655);
INSERT INTO supporting_packages(id, option_list, package_count, order_id, project_package_id, supporting_project_id) VALUES (655, '["무대의상"]', 8, 655, 14, 655);
INSERT INTO supporting_projects(supporting_project_id, supported_at, delivery_id, payment_id, project_id, user_id) VALUES (656, (SELECT projects.end_date - INTERVAL 17 DAY FROM projects WHERE projects.id=14), 656, 656, 14, 28);
INSERT INTO orders (order_id, created_at, delivery_id, payment_id, supporting_project_id) VALUES (656, (SELECT projects.end_date - INTERVAL 17 DAY FROM projects WHERE projects.id=14), 1, 656, 656);
INSERT INTO supporting_packages(id, option_list, package_count, order_id, project_package_id, supporting_project_id) VALUES (656, '["캐주얼"]', 9, 656, 14, 656);
INSERT INTO supporting_projects(supporting_project_id, supported_at, delivery_id, payment_id, project_id, user_id) VALUES (657, (SELECT projects.end_date - INTERVAL 36 DAY FROM projects WHERE projects.id=14), 657, 657, 14, 24);
INSERT INTO orders (order_id, created_at, delivery_id, payment_id, supporting_project_id) VALUES (657, (SELECT projects.end_date - INTERVAL 36 DAY FROM projects WHERE projects.id=14), 1, 657, 657);
INSERT INTO supporting_packages(id, option_list, package_count, order_id, project_package_id, supporting_project_id) VALUES (657, '["스트릿"]', 2, 657, 14, 657);
INSERT INTO supporting_projects(supporting_project_id, supported_at, delivery_id, payment_id, project_id, user_id) VALUES (658, (SELECT projects.end_date - INTERVAL 13 DAY FROM projects WHERE projects.id=14), 658, 658, 14, 25);
INSERT INTO orders (order_id, created_at, delivery_id, payment_id, supporting_project_id) VALUES (658, (SELECT projects.end_date - INTERVAL 13 DAY FROM projects WHERE projects.id=14), 1, 658, 658);
INSERT INTO supporting_packages(id, option_list, package_count, order_id, project_package_id, supporting_project_id) VALUES (658, '["스트릿"]', 4, 658, 14, 658);
INSERT INTO supporting_projects(supporting_project_id, supported_at, delivery_id, payment_id, project_id, user_id) VALUES (659, (SELECT projects.end_date - INTERVAL 47 DAY FROM projects WHERE projects.id=14), 659, 659, 14, 17);
INSERT INTO orders (order_id, created_at, delivery_id, payment_id, supporting_project_id) VALUES (659, (SELECT projects.end_date - INTERVAL 47 DAY FROM projects WHERE projects.id=14), 1, 659, 659);
INSERT INTO supporting_packages(id, option_list, package_count, order_id, project_package_id, supporting_project_id) VALUES (659, '["무대의상"]', 6, 659, 14, 659);
INSERT INTO supporting_projects(supporting_project_id, supported_at, delivery_id, payment_id, project_id, user_id) VALUES (660, (SELECT projects.end_date - INTERVAL 26 DAY FROM projects WHERE projects.id=14), 660, 660, 14, 10);
INSERT INTO orders (order_id, created_at, delivery_id, payment_id, supporting_project_id) VALUES (660, (SELECT projects.end_date - INTERVAL 26 DAY FROM projects WHERE projects.id=14), 1, 660, 660);
INSERT INTO supporting_packages(id, option_list, package_count, order_id, project_package_id, supporting_project_id) VALUES (660, '["스트릿"]', 7, 660, 14, 660);
INSERT INTO supporting_projects(supporting_project_id, supported_at, delivery_id, payment_id, project_id, user_id) VALUES (661, (SELECT projects.end_date - INTERVAL 20 DAY FROM projects WHERE projects.id=14), 661, 661, 14, 26);
INSERT INTO orders (order_id, created_at, delivery_id, payment_id, supporting_project_id) VALUES (661, (SELECT projects.end_date - INTERVAL 20 DAY FROM projects WHERE projects.id=14), 1, 661, 661);
INSERT INTO supporting_packages(id, option_list, package_count, order_id, project_package_id, supporting_project_id) VALUES (661, '["캐주얼"]', 4, 661, 14, 661);
INSERT INTO supporting_projects(supporting_project_id, supported_at, delivery_id, payment_id, project_id, user_id) VALUES (662, (SELECT projects.end_date - INTERVAL 19 DAY FROM projects WHERE projects.id=14), 662, 662, 14, 5);
INSERT INTO orders (order_id, created_at, delivery_id, payment_id, supporting_project_id) VALUES (662, (SELECT projects.end_date - INTERVAL 19 DAY FROM projects WHERE projects.id=14), 1, 662, 662);
INSERT INTO supporting_packages(id, option_list, package_count, order_id, project_package_id, supporting_project_id) VALUES (662, '["스트릿"]', 9, 662, 14, 662);
INSERT INTO supporting_projects(supporting_project_id, supported_at, delivery_id, payment_id, project_id, user_id) VALUES (663, (SELECT projects.end_date - INTERVAL 17 DAY FROM projects WHERE projects.id=14), 663, 663, 14, 25);
INSERT INTO orders (order_id, created_at, delivery_id, payment_id, supporting_project_id) VALUES (663, (SELECT projects.end_date - INTERVAL 17 DAY FROM projects WHERE projects.id=14), 1, 663, 663);
INSERT INTO supporting_packages(id, option_list, package_count, order_id, project_package_id, supporting_project_id) VALUES (663, '["스트릿"]', 9, 663, 14, 663);
INSERT INTO supporting_projects(supporting_project_id, supported_at, delivery_id, payment_id, project_id, user_id) VALUES (664, (SELECT projects.end_date - INTERVAL 34 DAY FROM projects WHERE projects.id=14), 664, 664, 14, 36);
INSERT INTO orders (order_id, created_at, delivery_id, payment_id, supporting_project_id) VALUES (664, (SELECT projects.end_date - INTERVAL 34 DAY FROM projects WHERE projects.id=14), 1, 664, 664);
INSERT INTO supporting_packages(id, option_list, package_count, order_id, project_package_id, supporting_project_id) VALUES (664, '["무대의상"]', 7, 664, 14, 664);
INSERT INTO supporting_projects(supporting_project_id, supported_at, delivery_id, payment_id, project_id, user_id) VALUES (665, (SELECT projects.end_date - INTERVAL 15 DAY FROM projects WHERE projects.id=14), 665, 665, 14, 2);
INSERT INTO orders (order_id, created_at, delivery_id, payment_id, supporting_project_id) VALUES (665, (SELECT projects.end_date - INTERVAL 15 DAY FROM projects WHERE projects.id=14), 1, 665, 665);
INSERT INTO supporting_packages(id, option_list, package_count, order_id, project_package_id, supporting_project_id) VALUES (665, '["캐주얼"]', 1, 665, 14, 665);
INSERT INTO supporting_projects(supporting_project_id, supported_at, delivery_id, payment_id, project_id, user_id) VALUES (666, (SELECT projects.end_date - INTERVAL 34 DAY FROM projects WHERE projects.id=14), 666, 666, 14, 31);
INSERT INTO orders (order_id, created_at, delivery_id, payment_id, supporting_project_id) VALUES (666, (SELECT projects.end_date - INTERVAL 34 DAY FROM projects WHERE projects.id=14), 1, 666, 666);
INSERT INTO supporting_packages(id, option_list, package_count, order_id, project_package_id, supporting_project_id) VALUES (666, '["무대의상"]', 2, 666, 14, 666);
INSERT INTO supporting_projects(supporting_project_id, supported_at, delivery_id, payment_id, project_id, user_id) VALUES (667, (SELECT projects.end_date - INTERVAL 34 DAY FROM projects WHERE projects.id=14), 667, 667, 14, 34);
INSERT INTO orders (order_id, created_at, delivery_id, payment_id, supporting_project_id) VALUES (667, (SELECT projects.end_date - INTERVAL 34 DAY FROM projects WHERE projects.id=14), 1, 667, 667);
INSERT INTO supporting_packages(id, option_list, package_count, order_id, project_package_id, supporting_project_id) VALUES (667, '["캐주얼"]', 6, 667, 14, 667);
INSERT INTO supporting_projects(supporting_project_id, supported_at, delivery_id, payment_id, project_id, user_id) VALUES (668, (SELECT projects.end_date - INTERVAL 44 DAY FROM projects WHERE projects.id=14), 668, 668, 14, 6);
INSERT INTO orders (order_id, created_at, delivery_id, payment_id, supporting_project_id) VALUES (668, (SELECT projects.end_date - INTERVAL 44 DAY FROM projects WHERE projects.id=14), 1, 668, 668);
INSERT INTO supporting_packages(id, option_list, package_count, order_id, project_package_id, supporting_project_id) VALUES (668, '["스트릿"]', 9, 668, 14, 668);
INSERT INTO supporting_projects(supporting_project_id, supported_at, delivery_id, payment_id, project_id, user_id) VALUES (669, (SELECT projects.end_date - INTERVAL 14 DAY FROM projects WHERE projects.id=14), 669, 669, 14, 2);
INSERT INTO orders (order_id, created_at, delivery_id, payment_id, supporting_project_id) VALUES (669, (SELECT projects.end_date - INTERVAL 14 DAY FROM projects WHERE projects.id=14), 1, 669, 669);
INSERT INTO supporting_packages(id, option_list, package_count, order_id, project_package_id, supporting_project_id) VALUES (669, '["스트릿"]', 2, 669, 14, 669);
INSERT INTO supporting_projects(supporting_project_id, supported_at, delivery_id, payment_id, project_id, user_id) VALUES (670, (SELECT projects.end_date - INTERVAL 18 DAY FROM projects WHERE projects.id=14), 670, 670, 14, 7);
INSERT INTO orders (order_id, created_at, delivery_id, payment_id, supporting_project_id) VALUES (670, (SELECT projects.end_date - INTERVAL 18 DAY FROM projects WHERE projects.id=14), 1, 670, 670);
INSERT INTO supporting_packages(id, option_list, package_count, order_id, project_package_id, supporting_project_id) VALUES (670, '["무대의상"]', 2, 670, 14, 670);
INSERT INTO supporting_projects(supporting_project_id, supported_at, delivery_id, payment_id, project_id, user_id) VALUES (671, (SELECT projects.end_date - INTERVAL 12 DAY FROM projects WHERE projects.id=14), 671, 671, 14, 3);
INSERT INTO orders (order_id, created_at, delivery_id, payment_id, supporting_project_id) VALUES (671, (SELECT projects.end_date - INTERVAL 12 DAY FROM projects WHERE projects.id=14), 1, 671, 671);
INSERT INTO supporting_packages(id, option_list, package_count, order_id, project_package_id, supporting_project_id) VALUES (671, '["스트릿"]', 5, 671, 14, 671);
INSERT INTO supporting_projects(supporting_project_id, supported_at, delivery_id, payment_id, project_id, user_id) VALUES (672, (SELECT projects.end_date - INTERVAL 26 DAY FROM projects WHERE projects.id=14), 672, 672, 14, 11);
INSERT INTO orders (order_id, created_at, delivery_id, payment_id, supporting_project_id) VALUES (672, (SELECT projects.end_date - INTERVAL 26 DAY FROM projects WHERE projects.id=14), 1, 672, 672);
INSERT INTO supporting_packages(id, option_list, package_count, order_id, project_package_id, supporting_project_id) VALUES (672, '["캐주얼"]', 1, 672, 14, 672);
INSERT INTO supporting_projects(supporting_project_id, supported_at, delivery_id, payment_id, project_id, user_id) VALUES (673, (SELECT projects.end_date - INTERVAL 44 DAY FROM projects WHERE projects.id=14), 673, 673, 14, 8);
INSERT INTO orders (order_id, created_at, delivery_id, payment_id, supporting_project_id) VALUES (673, (SELECT projects.end_date - INTERVAL 44 DAY FROM projects WHERE projects.id=14), 1, 673, 673);
INSERT INTO supporting_packages(id, option_list, package_count, order_id, project_package_id, supporting_project_id) VALUES (673, '["스트릿"]', 5, 673, 14, 673);
INSERT INTO supporting_projects(supporting_project_id, supported_at, delivery_id, payment_id, project_id, user_id) VALUES (674, (SELECT projects.end_date - INTERVAL 18 DAY FROM projects WHERE projects.id=14), 674, 674, 14, 1);
INSERT INTO orders (order_id, created_at, delivery_id, payment_id, supporting_project_id) VALUES (674, (SELECT projects.end_date - INTERVAL 18 DAY FROM projects WHERE projects.id=14), 1, 674, 674);
INSERT INTO supporting_packages(id, option_list, package_count, order_id, project_package_id, supporting_project_id) VALUES (674, '["캐주얼"]', 2, 674, 14, 674);
INSERT INTO supporting_projects(supporting_project_id, supported_at, delivery_id, payment_id, project_id, user_id) VALUES (675, (SELECT projects.end_date - INTERVAL 39 DAY FROM projects WHERE projects.id=14), 675, 675, 14, 4);
INSERT INTO orders (order_id, created_at, delivery_id, payment_id, supporting_project_id) VALUES (675, (SELECT projects.end_date - INTERVAL 39 DAY FROM projects WHERE projects.id=14), 1, 675, 675);
INSERT INTO supporting_packages(id, option_list, package_count, order_id, project_package_id, supporting_project_id) VALUES (675, '["스트릿"]', 8, 675, 14, 675);
INSERT INTO supporting_projects(supporting_project_id, supported_at, delivery_id, payment_id, project_id, user_id) VALUES (676, (SELECT projects.end_date - INTERVAL 31 DAY FROM projects WHERE projects.id=14), 676, 676, 14, 22);
INSERT INTO orders (order_id, created_at, delivery_id, payment_id, supporting_project_id) VALUES (676, (SELECT projects.end_date - INTERVAL 31 DAY FROM projects WHERE projects.id=14), 1, 676, 676);
INSERT INTO supporting_packages(id, option_list, package_count, order_id, project_package_id, supporting_project_id) VALUES (676, '["스트릿"]', 6, 676, 14, 676);
INSERT INTO supporting_projects(supporting_project_id, supported_at, delivery_id, payment_id, project_id, user_id) VALUES (677, (SELECT projects.end_date - INTERVAL 22 DAY FROM projects WHERE projects.id=14), 677, 677, 14, 34);
INSERT INTO orders (order_id, created_at, delivery_id, payment_id, supporting_project_id) VALUES (677, (SELECT projects.end_date - INTERVAL 22 DAY FROM projects WHERE projects.id=14), 1, 677, 677);
INSERT INTO supporting_packages(id, option_list, package_count, order_id, project_package_id, supporting_project_id) VALUES (677, '["스트릿"]', 1, 677, 14, 677);
INSERT INTO supporting_projects(supporting_project_id, supported_at, delivery_id, payment_id, project_id, user_id) VALUES (678, (SELECT projects.end_date - INTERVAL 13 DAY FROM projects WHERE projects.id=14), 678, 678, 14, 38);
INSERT INTO orders (order_id, created_at, delivery_id, payment_id, supporting_project_id) VALUES (678, (SELECT projects.end_date - INTERVAL 13 DAY FROM projects WHERE projects.id=14), 1, 678, 678);
INSERT INTO supporting_packages(id, option_list, package_count, order_id, project_package_id, supporting_project_id) VALUES (678, '["스트릿"]', 10, 678, 14, 678);
INSERT INTO supporting_projects(supporting_project_id, supported_at, delivery_id, payment_id, project_id, user_id) VALUES (679, (SELECT projects.end_date - INTERVAL 45 DAY FROM projects WHERE projects.id=14), 679, 679, 14, 37);
INSERT INTO orders (order_id, created_at, delivery_id, payment_id, supporting_project_id) VALUES (679, (SELECT projects.end_date - INTERVAL 45 DAY FROM projects WHERE projects.id=14), 1, 679, 679);
INSERT INTO supporting_packages(id, option_list, package_count, order_id, project_package_id, supporting_project_id) VALUES (679, '["무대의상"]', 7, 679, 14, 679);
INSERT INTO supporting_projects(supporting_project_id, supported_at, delivery_id, payment_id, project_id, user_id) VALUES (680, (SELECT projects.end_date - INTERVAL 24 DAY FROM projects WHERE projects.id=14), 680, 680, 14, 32);
INSERT INTO orders (order_id, created_at, delivery_id, payment_id, supporting_project_id) VALUES (680, (SELECT projects.end_date - INTERVAL 24 DAY FROM projects WHERE projects.id=14), 1, 680, 680);
INSERT INTO supporting_packages(id, option_list, package_count, order_id, project_package_id, supporting_project_id) VALUES (680, '["캐주얼"]', 6, 680, 14, 680);
INSERT INTO supporting_projects(supporting_project_id, supported_at, delivery_id, payment_id, project_id, user_id) VALUES (681, (SELECT projects.end_date - INTERVAL 20 DAY FROM projects WHERE projects.id=14), 681, 681, 14, 32);
INSERT INTO orders (order_id, created_at, delivery_id, payment_id, supporting_project_id) VALUES (681, (SELECT projects.end_date - INTERVAL 20 DAY FROM projects WHERE projects.id=14), 1, 681, 681);
INSERT INTO supporting_packages(id, option_list, package_count, order_id, project_package_id, supporting_project_id) VALUES (681, '["무대의상"]', 3, 681, 14, 681);
INSERT INTO supporting_projects(supporting_project_id, supported_at, delivery_id, payment_id, project_id, user_id) VALUES (682, (SELECT projects.end_date - INTERVAL 36 DAY FROM projects WHERE projects.id=14), 682, 682, 14, 7);
INSERT INTO orders (order_id, created_at, delivery_id, payment_id, supporting_project_id) VALUES (682, (SELECT projects.end_date - INTERVAL 36 DAY FROM projects WHERE projects.id=14), 1, 682, 682);
INSERT INTO supporting_packages(id, option_list, package_count, order_id, project_package_id, supporting_project_id) VALUES (682, '["스트릿"]', 8, 682, 14, 682);
INSERT INTO supporting_projects(supporting_project_id, supported_at, delivery_id, payment_id, project_id, user_id) VALUES (683, (SELECT projects.end_date - INTERVAL 18 DAY FROM projects WHERE projects.id=14), 683, 683, 14, 8);
INSERT INTO orders (order_id, created_at, delivery_id, payment_id, supporting_project_id) VALUES (683, (SELECT projects.end_date - INTERVAL 18 DAY FROM projects WHERE projects.id=14), 1, 683, 683);
INSERT INTO supporting_packages(id, option_list, package_count, order_id, project_package_id, supporting_project_id) VALUES (683, '["캐주얼"]', 4, 683, 14, 683);
INSERT INTO supporting_projects(supporting_project_id, supported_at, delivery_id, payment_id, project_id, user_id) VALUES (684, (SELECT projects.end_date - INTERVAL 29 DAY FROM projects WHERE projects.id=15), 684, 684, 15, 5);
INSERT INTO orders (order_id, created_at, delivery_id, payment_id, supporting_project_id) VALUES (684, (SELECT projects.end_date - INTERVAL 29 DAY FROM projects WHERE projects.id=15), 1, 684, 684);
INSERT INTO supporting_packages(id, option_list, package_count, order_id, project_package_id, supporting_project_id) VALUES (684, '["90년대"]', 5, 684, 15, 684);
INSERT INTO supporting_projects(supporting_project_id, supported_at, delivery_id, payment_id, project_id, user_id) VALUES (685, (SELECT projects.end_date - INTERVAL 38 DAY FROM projects WHERE projects.id=15), 685, 685, 15, 11);
INSERT INTO orders (order_id, created_at, delivery_id, payment_id, supporting_project_id) VALUES (685, (SELECT projects.end_date - INTERVAL 38 DAY FROM projects WHERE projects.id=15), 1, 685, 685);
INSERT INTO supporting_packages(id, option_list, package_count, order_id, project_package_id, supporting_project_id) VALUES (685, '["현재"]', 2, 685, 15, 685);
INSERT INTO supporting_projects(supporting_project_id, supported_at, delivery_id, payment_id, project_id, user_id) VALUES (686, (SELECT projects.end_date - INTERVAL 31 DAY FROM projects WHERE projects.id=15), 686, 686, 15, 9);
INSERT INTO orders (order_id, created_at, delivery_id, payment_id, supporting_project_id) VALUES (686, (SELECT projects.end_date - INTERVAL 31 DAY FROM projects WHERE projects.id=15), 1, 686, 686);
INSERT INTO supporting_packages(id, option_list, package_count, order_id, project_package_id, supporting_project_id) VALUES (686, '["현재"]', 9, 686, 15, 686);
INSERT INTO supporting_projects(supporting_project_id, supported_at, delivery_id, payment_id, project_id, user_id) VALUES (687, (SELECT projects.end_date - INTERVAL 12 DAY FROM projects WHERE projects.id=15), 687, 687, 15, 19);
INSERT INTO orders (order_id, created_at, delivery_id, payment_id, supporting_project_id) VALUES (687, (SELECT projects.end_date - INTERVAL 12 DAY FROM projects WHERE projects.id=15), 1, 687, 687);
INSERT INTO supporting_packages(id, option_list, package_count, order_id, project_package_id, supporting_project_id) VALUES (687, '["60년대"]', 9, 687, 15, 687);
INSERT INTO supporting_projects(supporting_project_id, supported_at, delivery_id, payment_id, project_id, user_id) VALUES (688, (SELECT projects.end_date - INTERVAL 34 DAY FROM projects WHERE projects.id=17), 688, 688, 17, 30);
INSERT INTO orders (order_id, created_at, delivery_id, payment_id, supporting_project_id) VALUES (688, (SELECT projects.end_date - INTERVAL 34 DAY FROM projects WHERE projects.id=17), 1, 688, 688);
INSERT INTO supporting_packages(id, option_list, package_count, order_id, project_package_id, supporting_project_id) VALUES (688, '["촬영 장비"]', 1, 688, 17, 688);
INSERT INTO supporting_projects(supporting_project_id, supported_at, delivery_id, payment_id, project_id, user_id) VALUES (689, (SELECT projects.end_date - INTERVAL 28 DAY FROM projects WHERE projects.id=17), 689, 689, 17, 8);
INSERT INTO orders (order_id, created_at, delivery_id, payment_id, supporting_project_id) VALUES (689, (SELECT projects.end_date - INTERVAL 28 DAY FROM projects WHERE projects.id=17), 1, 689, 689);
INSERT INTO supporting_packages(id, option_list, package_count, order_id, project_package_id, supporting_project_id) VALUES (689, '["촬영 장비"]', 6, 689, 17, 689);
INSERT INTO supporting_projects(supporting_project_id, supported_at, delivery_id, payment_id, project_id, user_id) VALUES (690, (SELECT projects.end_date - INTERVAL 38 DAY FROM projects WHERE projects.id=17), 690, 690, 17, 36);
INSERT INTO orders (order_id, created_at, delivery_id, payment_id, supporting_project_id) VALUES (690, (SELECT projects.end_date - INTERVAL 38 DAY FROM projects WHERE projects.id=17), 1, 690, 690);
INSERT INTO supporting_packages(id, option_list, package_count, order_id, project_package_id, supporting_project_id) VALUES (690, '["편집 소프트웨어"]', 5, 690, 17, 690);
INSERT INTO supporting_projects(supporting_project_id, supported_at, delivery_id, payment_id, project_id, user_id) VALUES (691, (SELECT projects.end_date - INTERVAL 34 DAY FROM projects WHERE projects.id=17), 691, 691, 17, 31);
INSERT INTO orders (order_id, created_at, delivery_id, payment_id, supporting_project_id) VALUES (691, (SELECT projects.end_date - INTERVAL 34 DAY FROM projects WHERE projects.id=17), 1, 691, 691);
INSERT INTO supporting_packages(id, option_list, package_count, order_id, project_package_id, supporting_project_id) VALUES (691, '["촬영 장비"]', 7, 691, 17, 691);
INSERT INTO supporting_projects(supporting_project_id, supported_at, delivery_id, payment_id, project_id, user_id) VALUES (692, (SELECT projects.end_date - INTERVAL 17 DAY FROM projects WHERE projects.id=17), 692, 692, 17, 3);
INSERT INTO orders (order_id, created_at, delivery_id, payment_id, supporting_project_id) VALUES (692, (SELECT projects.end_date - INTERVAL 17 DAY FROM projects WHERE projects.id=17), 1, 692, 692);
INSERT INTO supporting_packages(id, option_list, package_count, order_id, project_package_id, supporting_project_id) VALUES (692, '["편집 소프트웨어"]', 9, 692, 17, 692);
INSERT INTO supporting_projects(supporting_project_id, supported_at, delivery_id, payment_id, project_id, user_id) VALUES (693, (SELECT projects.end_date - INTERVAL 34 DAY FROM projects WHERE projects.id=17), 693, 693, 17, 16);
INSERT INTO orders (order_id, created_at, delivery_id, payment_id, supporting_project_id) VALUES (693, (SELECT projects.end_date - INTERVAL 34 DAY FROM projects WHERE projects.id=17), 1, 693, 693);
INSERT INTO supporting_packages(id, option_list, package_count, order_id, project_package_id, supporting_project_id) VALUES (693, '["촬영 장비"]', 7, 693, 17, 693);
INSERT INTO supporting_projects(supporting_project_id, supported_at, delivery_id, payment_id, project_id, user_id) VALUES (694, (SELECT projects.end_date - INTERVAL 28 DAY FROM projects WHERE projects.id=17), 694, 694, 17, 36);
INSERT INTO orders (order_id, created_at, delivery_id, payment_id, supporting_project_id) VALUES (694, (SELECT projects.end_date - INTERVAL 28 DAY FROM projects WHERE projects.id=17), 1, 694, 694);
INSERT INTO supporting_packages(id, option_list, package_count, order_id, project_package_id, supporting_project_id) VALUES (694, '["기획 가이드"]', 1, 694, 17, 694);
INSERT INTO supporting_projects(supporting_project_id, supported_at, delivery_id, payment_id, project_id, user_id) VALUES (695, (SELECT projects.end_date - INTERVAL 35 DAY FROM projects WHERE projects.id=17), 695, 695, 17, 12);
INSERT INTO orders (order_id, created_at, delivery_id, payment_id, supporting_project_id) VALUES (695, (SELECT projects.end_date - INTERVAL 35 DAY FROM projects WHERE projects.id=17), 1, 695, 695);
INSERT INTO supporting_packages(id, option_list, package_count, order_id, project_package_id, supporting_project_id) VALUES (695, '["편집 소프트웨어"]', 1, 695, 17, 695);
INSERT INTO supporting_projects(supporting_project_id, supported_at, delivery_id, payment_id, project_id, user_id) VALUES (696, (SELECT projects.end_date - INTERVAL 15 DAY FROM projects WHERE projects.id=17), 696, 696, 17, 2);
INSERT INTO orders (order_id, created_at, delivery_id, payment_id, supporting_project_id) VALUES (696, (SELECT projects.end_date - INTERVAL 15 DAY FROM projects WHERE projects.id=17), 1, 696, 696);
INSERT INTO supporting_packages(id, option_list, package_count, order_id, project_package_id, supporting_project_id) VALUES (696, '["편집 소프트웨어"]', 4, 696, 17, 696);
INSERT INTO supporting_projects(supporting_project_id, supported_at, delivery_id, payment_id, project_id, user_id) VALUES (697, (SELECT projects.end_date - INTERVAL 19 DAY FROM projects WHERE projects.id=17), 697, 697, 17, 17);
INSERT INTO orders (order_id, created_at, delivery_id, payment_id, supporting_project_id) VALUES (697, (SELECT projects.end_date - INTERVAL 19 DAY FROM projects WHERE projects.id=17), 1, 697, 697);
INSERT INTO supporting_packages(id, option_list, package_count, order_id, project_package_id, supporting_project_id) VALUES (697, '["기획 가이드"]', 3, 697, 17, 697);
INSERT INTO supporting_projects(supporting_project_id, supported_at, delivery_id, payment_id, project_id, user_id) VALUES (698, (SELECT projects.end_date - INTERVAL 38 DAY FROM projects WHERE projects.id=17), 698, 698, 17, 21);
INSERT INTO orders (order_id, created_at, delivery_id, payment_id, supporting_project_id) VALUES (698, (SELECT projects.end_date - INTERVAL 38 DAY FROM projects WHERE projects.id=17), 1, 698, 698);
INSERT INTO supporting_packages(id, option_list, package_count, order_id, project_package_id, supporting_project_id) VALUES (698, '["편집 소프트웨어"]', 8, 698, 17, 698);
INSERT INTO supporting_projects(supporting_project_id, supported_at, delivery_id, payment_id, project_id, user_id) VALUES (699, (SELECT projects.end_date - INTERVAL 12 DAY FROM projects WHERE projects.id=17), 699, 699, 17, 8);
INSERT INTO orders (order_id, created_at, delivery_id, payment_id, supporting_project_id) VALUES (699, (SELECT projects.end_date - INTERVAL 12 DAY FROM projects WHERE projects.id=17), 1, 699, 699);
INSERT INTO supporting_packages(id, option_list, package_count, order_id, project_package_id, supporting_project_id) VALUES (699, '["편집 소프트웨어"]', 3, 699, 17, 699);
INSERT INTO supporting_projects(supporting_project_id, supported_at, delivery_id, payment_id, project_id, user_id) VALUES (700, (SELECT projects.end_date - INTERVAL 31 DAY FROM projects WHERE projects.id=17), 700, 700, 17, 25);
INSERT INTO orders (order_id, created_at, delivery_id, payment_id, supporting_project_id) VALUES (700, (SELECT projects.end_date - INTERVAL 31 DAY FROM projects WHERE projects.id=17), 1, 700, 700);
INSERT INTO supporting_packages(id, option_list, package_count, order_id, project_package_id, supporting_project_id) VALUES (700, '["기획 가이드"]', 5, 700, 17, 700);
INSERT INTO supporting_projects(supporting_project_id, supported_at, delivery_id, payment_id, project_id, user_id) VALUES (701, (SELECT projects.end_date - INTERVAL 23 DAY FROM projects WHERE projects.id=17), 701, 701, 17, 22);
INSERT INTO orders (order_id, created_at, delivery_id, payment_id, supporting_project_id) VALUES (701, (SELECT projects.end_date - INTERVAL 23 DAY FROM projects WHERE projects.id=17), 1, 701, 701);
INSERT INTO supporting_packages(id, option_list, package_count, order_id, project_package_id, supporting_project_id) VALUES (701, '["기획 가이드"]', 2, 701, 17, 701);
INSERT INTO supporting_projects(supporting_project_id, supported_at, delivery_id, payment_id, project_id, user_id) VALUES (702, (SELECT projects.end_date - INTERVAL 21 DAY FROM projects WHERE projects.id=17), 702, 702, 17, 14);
INSERT INTO orders (order_id, created_at, delivery_id, payment_id, supporting_project_id) VALUES (702, (SELECT projects.end_date - INTERVAL 21 DAY FROM projects WHERE projects.id=17), 1, 702, 702);
INSERT INTO supporting_packages(id, option_list, package_count, order_id, project_package_id, supporting_project_id) VALUES (702, '["기획 가이드"]', 2, 702, 17, 702);
INSERT INTO supporting_projects(supporting_project_id, supported_at, delivery_id, payment_id, project_id, user_id) VALUES (703, (SELECT projects.end_date - INTERVAL 50 DAY FROM projects WHERE projects.id=17), 703, 703, 17, 19);
INSERT INTO orders (order_id, created_at, delivery_id, payment_id, supporting_project_id) VALUES (703, (SELECT projects.end_date - INTERVAL 50 DAY FROM projects WHERE projects.id=17), 1, 703, 703);
INSERT INTO supporting_packages(id, option_list, package_count, order_id, project_package_id, supporting_project_id) VALUES (703, '["촬영 장비"]', 2, 703, 17, 703);
INSERT INTO supporting_projects(supporting_project_id, supported_at, delivery_id, payment_id, project_id, user_id) VALUES (704, (SELECT projects.end_date - INTERVAL 45 DAY FROM projects WHERE projects.id=17), 704, 704, 17, 5);
INSERT INTO orders (order_id, created_at, delivery_id, payment_id, supporting_project_id) VALUES (704, (SELECT projects.end_date - INTERVAL 45 DAY FROM projects WHERE projects.id=17), 1, 704, 704);
INSERT INTO supporting_packages(id, option_list, package_count, order_id, project_package_id, supporting_project_id) VALUES (704, '["편집 소프트웨어"]', 2, 704, 17, 704);
INSERT INTO supporting_projects(supporting_project_id, supported_at, delivery_id, payment_id, project_id, user_id) VALUES (705, (SELECT projects.end_date - INTERVAL 9 DAY FROM projects WHERE projects.id=17), 705, 705, 17, 1);
INSERT INTO orders (order_id, created_at, delivery_id, payment_id, supporting_project_id) VALUES (705, (SELECT projects.end_date - INTERVAL 9 DAY FROM projects WHERE projects.id=17), 1, 705, 705);
INSERT INTO supporting_packages(id, option_list, package_count, order_id, project_package_id, supporting_project_id) VALUES (705, '["촬영 장비"]', 5, 705, 17, 705);
INSERT INTO supporting_projects(supporting_project_id, supported_at, delivery_id, payment_id, project_id, user_id) VALUES (706, (SELECT projects.end_date - INTERVAL 7 DAY FROM projects WHERE projects.id=17), 706, 706, 17, 14);
INSERT INTO orders (order_id, created_at, delivery_id, payment_id, supporting_project_id) VALUES (706, (SELECT projects.end_date - INTERVAL 7 DAY FROM projects WHERE projects.id=17), 1, 706, 706);
INSERT INTO supporting_packages(id, option_list, package_count, order_id, project_package_id, supporting_project_id) VALUES (706, '["촬영 장비"]', 2, 706, 17, 706);
INSERT INTO supporting_projects(supporting_project_id, supported_at, delivery_id, payment_id, project_id, user_id) VALUES (707, (SELECT projects.end_date - INTERVAL 26 DAY FROM projects WHERE projects.id=17), 707, 707, 17, 39);
INSERT INTO orders (order_id, created_at, delivery_id, payment_id, supporting_project_id) VALUES (707, (SELECT projects.end_date - INTERVAL 26 DAY FROM projects WHERE projects.id=17), 1, 707, 707);
INSERT INTO supporting_packages(id, option_list, package_count, order_id, project_package_id, supporting_project_id) VALUES (707, '["촬영 장비"]', 8, 707, 17, 707);
INSERT INTO supporting_projects(supporting_project_id, supported_at, delivery_id, payment_id, project_id, user_id) VALUES (708, (SELECT projects.end_date - INTERVAL 42 DAY FROM projects WHERE projects.id=17), 708, 708, 17, 13);
INSERT INTO orders (order_id, created_at, delivery_id, payment_id, supporting_project_id) VALUES (708, (SELECT projects.end_date - INTERVAL 42 DAY FROM projects WHERE projects.id=17), 1, 708, 708);
INSERT INTO supporting_packages(id, option_list, package_count, order_id, project_package_id, supporting_project_id) VALUES (708, '["촬영 장비"]', 6, 708, 17, 708);
INSERT INTO supporting_projects(supporting_project_id, supported_at, delivery_id, payment_id, project_id, user_id) VALUES (709, (SELECT projects.end_date - INTERVAL 24 DAY FROM projects WHERE projects.id=17), 709, 709, 17, 33);
INSERT INTO orders (order_id, created_at, delivery_id, payment_id, supporting_project_id) VALUES (709, (SELECT projects.end_date - INTERVAL 24 DAY FROM projects WHERE projects.id=17), 1, 709, 709);
INSERT INTO supporting_packages(id, option_list, package_count, order_id, project_package_id, supporting_project_id) VALUES (709, '["촬영 장비"]', 4, 709, 17, 709);
INSERT INTO supporting_projects(supporting_project_id, supported_at, delivery_id, payment_id, project_id, user_id) VALUES (710, (SELECT projects.end_date - INTERVAL 30 DAY FROM projects WHERE projects.id=17), 710, 710, 17, 18);
INSERT INTO orders (order_id, created_at, delivery_id, payment_id, supporting_project_id) VALUES (710, (SELECT projects.end_date - INTERVAL 30 DAY FROM projects WHERE projects.id=17), 1, 710, 710);
INSERT INTO supporting_packages(id, option_list, package_count, order_id, project_package_id, supporting_project_id) VALUES (710, '["기획 가이드"]', 3, 710, 17, 710);
INSERT INTO supporting_projects(supporting_project_id, supported_at, delivery_id, payment_id, project_id, user_id) VALUES (711, (SELECT projects.end_date - INTERVAL 17 DAY FROM projects WHERE projects.id=17), 711, 711, 17, 39);
INSERT INTO orders (order_id, created_at, delivery_id, payment_id, supporting_project_id) VALUES (711, (SELECT projects.end_date - INTERVAL 17 DAY FROM projects WHERE projects.id=17), 1, 711, 711);
INSERT INTO supporting_packages(id, option_list, package_count, order_id, project_package_id, supporting_project_id) VALUES (711, '["기획 가이드"]', 7, 711, 17, 711);
INSERT INTO supporting_projects(supporting_project_id, supported_at, delivery_id, payment_id, project_id, user_id) VALUES (712, (SELECT projects.end_date - INTERVAL 32 DAY FROM projects WHERE projects.id=17), 712, 712, 17, 25);
INSERT INTO orders (order_id, created_at, delivery_id, payment_id, supporting_project_id) VALUES (712, (SELECT projects.end_date - INTERVAL 32 DAY FROM projects WHERE projects.id=17), 1, 712, 712);
INSERT INTO supporting_packages(id, option_list, package_count, order_id, project_package_id, supporting_project_id) VALUES (712, '["기획 가이드"]', 8, 712, 17, 712);
INSERT INTO supporting_projects(supporting_project_id, supported_at, delivery_id, payment_id, project_id, user_id) VALUES (713, (SELECT projects.end_date - INTERVAL 35 DAY FROM projects WHERE projects.id=17), 713, 713, 17, 1);
INSERT INTO orders (order_id, created_at, delivery_id, payment_id, supporting_project_id) VALUES (713, (SELECT projects.end_date - INTERVAL 35 DAY FROM projects WHERE projects.id=17), 1, 713, 713);
INSERT INTO supporting_packages(id, option_list, package_count, order_id, project_package_id, supporting_project_id) VALUES (713, '["편집 소프트웨어"]', 4, 713, 17, 713);
INSERT INTO supporting_projects(supporting_project_id, supported_at, delivery_id, payment_id, project_id, user_id) VALUES (714, (SELECT projects.end_date - INTERVAL 28 DAY FROM projects WHERE projects.id=17), 714, 714, 17, 21);
INSERT INTO orders (order_id, created_at, delivery_id, payment_id, supporting_project_id) VALUES (714, (SELECT projects.end_date - INTERVAL 28 DAY FROM projects WHERE projects.id=17), 1, 714, 714);
INSERT INTO supporting_packages(id, option_list, package_count, order_id, project_package_id, supporting_project_id) VALUES (714, '["촬영 장비"]', 2, 714, 17, 714);
INSERT INTO supporting_projects(supporting_project_id, supported_at, delivery_id, payment_id, project_id, user_id) VALUES (715, (SELECT projects.end_date - INTERVAL 34 DAY FROM projects WHERE projects.id=17), 715, 715, 17, 30);
INSERT INTO orders (order_id, created_at, delivery_id, payment_id, supporting_project_id) VALUES (715, (SELECT projects.end_date - INTERVAL 34 DAY FROM projects WHERE projects.id=17), 1, 715, 715);
INSERT INTO supporting_packages(id, option_list, package_count, order_id, project_package_id, supporting_project_id) VALUES (715, '["기획 가이드"]', 2, 715, 17, 715);
INSERT INTO supporting_projects(supporting_project_id, supported_at, delivery_id, payment_id, project_id, user_id) VALUES (716, (SELECT projects.end_date - INTERVAL 9 DAY FROM projects WHERE projects.id=19), 716, 716, 19, 21);
INSERT INTO orders (order_id, created_at, delivery_id, payment_id, supporting_project_id) VALUES (716, (SELECT projects.end_date - INTERVAL 9 DAY FROM projects WHERE projects.id=19), 1, 716, 716);
INSERT INTO supporting_packages(id, option_list, package_count, order_id, project_package_id, supporting_project_id) VALUES (716, '["응용"]', 7, 716, 19, 716);
INSERT INTO supporting_projects(supporting_project_id, supported_at, delivery_id, payment_id, project_id, user_id) VALUES (717, (SELECT projects.end_date - INTERVAL 45 DAY FROM projects WHERE projects.id=19), 717, 717, 19, 37);
INSERT INTO orders (order_id, created_at, delivery_id, payment_id, supporting_project_id) VALUES (717, (SELECT projects.end_date - INTERVAL 45 DAY FROM projects WHERE projects.id=19), 1, 717, 717);
INSERT INTO supporting_packages(id, option_list, package_count, order_id, project_package_id, supporting_project_id) VALUES (717, '["응용"]', 8, 717, 19, 717);
INSERT INTO supporting_projects(supporting_project_id, supported_at, delivery_id, payment_id, project_id, user_id) VALUES (718, (SELECT projects.end_date - INTERVAL 19 DAY FROM projects WHERE projects.id=19), 718, 718, 19, 27);
INSERT INTO orders (order_id, created_at, delivery_id, payment_id, supporting_project_id) VALUES (718, (SELECT projects.end_date - INTERVAL 19 DAY FROM projects WHERE projects.id=19), 1, 718, 718);
INSERT INTO supporting_packages(id, option_list, package_count, order_id, project_package_id, supporting_project_id) VALUES (718, '["응용"]', 5, 718, 19, 718);
INSERT INTO supporting_projects(supporting_project_id, supported_at, delivery_id, payment_id, project_id, user_id) VALUES (719, (SELECT projects.end_date - INTERVAL 19 DAY FROM projects WHERE projects.id=19), 719, 719, 19, 33);
INSERT INTO orders (order_id, created_at, delivery_id, payment_id, supporting_project_id) VALUES (719, (SELECT projects.end_date - INTERVAL 19 DAY FROM projects WHERE projects.id=19), 1, 719, 719);
INSERT INTO supporting_packages(id, option_list, package_count, order_id, project_package_id, supporting_project_id) VALUES (719, '["응용"]', 10, 719, 19, 719);
INSERT INTO supporting_projects(supporting_project_id, supported_at, delivery_id, payment_id, project_id, user_id) VALUES (720, (SELECT projects.end_date - INTERVAL 7 DAY FROM projects WHERE projects.id=19), 720, 720, 19, 10);
INSERT INTO orders (order_id, created_at, delivery_id, payment_id, supporting_project_id) VALUES (720, (SELECT projects.end_date - INTERVAL 7 DAY FROM projects WHERE projects.id=19), 1, 720, 720);
INSERT INTO supporting_packages(id, option_list, package_count, order_id, project_package_id, supporting_project_id) VALUES (720, '["기초"]', 1, 720, 19, 720);
INSERT INTO supporting_projects(supporting_project_id, supported_at, delivery_id, payment_id, project_id, user_id) VALUES (721, (SELECT projects.end_date - INTERVAL 8 DAY FROM projects WHERE projects.id=19), 721, 721, 19, 30);
INSERT INTO orders (order_id, created_at, delivery_id, payment_id, supporting_project_id) VALUES (721, (SELECT projects.end_date - INTERVAL 8 DAY FROM projects WHERE projects.id=19), 1, 721, 721);
INSERT INTO supporting_packages(id, option_list, package_count, order_id, project_package_id, supporting_project_id) VALUES (721, '["기초"]', 9, 721, 19, 721);
INSERT INTO supporting_projects(supporting_project_id, supported_at, delivery_id, payment_id, project_id, user_id) VALUES (722, (SELECT projects.end_date - INTERVAL 32 DAY FROM projects WHERE projects.id=19), 722, 722, 19, 6);
INSERT INTO orders (order_id, created_at, delivery_id, payment_id, supporting_project_id) VALUES (722, (SELECT projects.end_date - INTERVAL 32 DAY FROM projects WHERE projects.id=19), 1, 722, 722);
INSERT INTO supporting_packages(id, option_list, package_count, order_id, project_package_id, supporting_project_id) VALUES (722, '["응용"]', 7, 722, 19, 722);
INSERT INTO supporting_projects(supporting_project_id, supported_at, delivery_id, payment_id, project_id, user_id) VALUES (723, (SELECT projects.end_date - INTERVAL 31 DAY FROM projects WHERE projects.id=19), 723, 723, 19, 9);
INSERT INTO orders (order_id, created_at, delivery_id, payment_id, supporting_project_id) VALUES (723, (SELECT projects.end_date - INTERVAL 31 DAY FROM projects WHERE projects.id=19), 1, 723, 723);
INSERT INTO supporting_packages(id, option_list, package_count, order_id, project_package_id, supporting_project_id) VALUES (723, '["창작"]', 8, 723, 19, 723);
INSERT INTO supporting_projects(supporting_project_id, supported_at, delivery_id, payment_id, project_id, user_id) VALUES (724, (SELECT projects.end_date - INTERVAL 18 DAY FROM projects WHERE projects.id=19), 724, 724, 19, 32);
INSERT INTO orders (order_id, created_at, delivery_id, payment_id, supporting_project_id) VALUES (724, (SELECT projects.end_date - INTERVAL 18 DAY FROM projects WHERE projects.id=19), 1, 724, 724);
INSERT INTO supporting_packages(id, option_list, package_count, order_id, project_package_id, supporting_project_id) VALUES (724, '["기초"]', 3, 724, 19, 724);
INSERT INTO supporting_projects(supporting_project_id, supported_at, delivery_id, payment_id, project_id, user_id) VALUES (725, (SELECT projects.end_date - INTERVAL 21 DAY FROM projects WHERE projects.id=19), 725, 725, 19, 23);
INSERT INTO orders (order_id, created_at, delivery_id, payment_id, supporting_project_id) VALUES (725, (SELECT projects.end_date - INTERVAL 21 DAY FROM projects WHERE projects.id=19), 1, 725, 725);
INSERT INTO supporting_packages(id, option_list, package_count, order_id, project_package_id, supporting_project_id) VALUES (725, '["기초"]', 10, 725, 19, 725);
INSERT INTO supporting_projects(supporting_project_id, supported_at, delivery_id, payment_id, project_id, user_id) VALUES (726, (SELECT projects.end_date - INTERVAL 36 DAY FROM projects WHERE projects.id=19), 726, 726, 19, 11);
INSERT INTO orders (order_id, created_at, delivery_id, payment_id, supporting_project_id) VALUES (726, (SELECT projects.end_date - INTERVAL 36 DAY FROM projects WHERE projects.id=19), 1, 726, 726);
INSERT INTO supporting_packages(id, option_list, package_count, order_id, project_package_id, supporting_project_id) VALUES (726, '["응용"]', 2, 726, 19, 726);
INSERT INTO supporting_projects(supporting_project_id, supported_at, delivery_id, payment_id, project_id, user_id) VALUES (727, (SELECT projects.end_date - INTERVAL 26 DAY FROM projects WHERE projects.id=19), 727, 727, 19, 35);
INSERT INTO orders (order_id, created_at, delivery_id, payment_id, supporting_project_id) VALUES (727, (SELECT projects.end_date - INTERVAL 26 DAY FROM projects WHERE projects.id=19), 1, 727, 727);
INSERT INTO supporting_packages(id, option_list, package_count, order_id, project_package_id, supporting_project_id) VALUES (727, '["기초"]', 6, 727, 19, 727);
INSERT INTO supporting_projects(supporting_project_id, supported_at, delivery_id, payment_id, project_id, user_id) VALUES (728, (SELECT projects.end_date - INTERVAL 7 DAY FROM projects WHERE projects.id=19), 728, 728, 19, 12);
INSERT INTO orders (order_id, created_at, delivery_id, payment_id, supporting_project_id) VALUES (728, (SELECT projects.end_date - INTERVAL 7 DAY FROM projects WHERE projects.id=19), 1, 728, 728);
INSERT INTO supporting_packages(id, option_list, package_count, order_id, project_package_id, supporting_project_id) VALUES (728, '["응용"]', 8, 728, 19, 728);
INSERT INTO supporting_projects(supporting_project_id, supported_at, delivery_id, payment_id, project_id, user_id) VALUES (729, (SELECT projects.end_date - INTERVAL 20 DAY FROM projects WHERE projects.id=19), 729, 729, 19, 38);
INSERT INTO orders (order_id, created_at, delivery_id, payment_id, supporting_project_id) VALUES (729, (SELECT projects.end_date - INTERVAL 20 DAY FROM projects WHERE projects.id=19), 1, 729, 729);
INSERT INTO supporting_packages(id, option_list, package_count, order_id, project_package_id, supporting_project_id) VALUES (729, '["기초"]', 8, 729, 19, 729);
INSERT INTO supporting_projects(supporting_project_id, supported_at, delivery_id, payment_id, project_id, user_id) VALUES (730, (SELECT projects.end_date - INTERVAL 27 DAY FROM projects WHERE projects.id=19), 730, 730, 19, 33);
INSERT INTO orders (order_id, created_at, delivery_id, payment_id, supporting_project_id) VALUES (730, (SELECT projects.end_date - INTERVAL 27 DAY FROM projects WHERE projects.id=19), 1, 730, 730);
INSERT INTO supporting_packages(id, option_list, package_count, order_id, project_package_id, supporting_project_id) VALUES (730, '["창작"]', 2, 730, 19, 730);
INSERT INTO supporting_projects(supporting_project_id, supported_at, delivery_id, payment_id, project_id, user_id) VALUES (731, (SELECT projects.end_date - INTERVAL 10 DAY FROM projects WHERE projects.id=19), 731, 731, 19, 21);
INSERT INTO orders (order_id, created_at, delivery_id, payment_id, supporting_project_id) VALUES (731, (SELECT projects.end_date - INTERVAL 10 DAY FROM projects WHERE projects.id=19), 1, 731, 731);
INSERT INTO supporting_packages(id, option_list, package_count, order_id, project_package_id, supporting_project_id) VALUES (731, '["창작"]', 4, 731, 19, 731);
INSERT INTO supporting_projects(supporting_project_id, supported_at, delivery_id, payment_id, project_id, user_id) VALUES (732, (SELECT projects.end_date - INTERVAL 46 DAY FROM projects WHERE projects.id=19), 732, 732, 19, 31);
INSERT INTO orders (order_id, created_at, delivery_id, payment_id, supporting_project_id) VALUES (732, (SELECT projects.end_date - INTERVAL 46 DAY FROM projects WHERE projects.id=19), 1, 732, 732);
INSERT INTO supporting_packages(id, option_list, package_count, order_id, project_package_id, supporting_project_id) VALUES (732, '["창작"]', 5, 732, 19, 732);
INSERT INTO supporting_projects(supporting_project_id, supported_at, delivery_id, payment_id, project_id, user_id) VALUES (733, (SELECT projects.end_date - INTERVAL 14 DAY FROM projects WHERE projects.id=19), 733, 733, 19, 6);
INSERT INTO orders (order_id, created_at, delivery_id, payment_id, supporting_project_id) VALUES (733, (SELECT projects.end_date - INTERVAL 14 DAY FROM projects WHERE projects.id=19), 1, 733, 733);
INSERT INTO supporting_packages(id, option_list, package_count, order_id, project_package_id, supporting_project_id) VALUES (733, '["기초"]', 6, 733, 19, 733);
INSERT INTO supporting_projects(supporting_project_id, supported_at, delivery_id, payment_id, project_id, user_id) VALUES (734, (SELECT projects.end_date - INTERVAL 45 DAY FROM projects WHERE projects.id=19), 734, 734, 19, 1);
INSERT INTO orders (order_id, created_at, delivery_id, payment_id, supporting_project_id) VALUES (734, (SELECT projects.end_date - INTERVAL 45 DAY FROM projects WHERE projects.id=19), 1, 734, 734);
INSERT INTO supporting_packages(id, option_list, package_count, order_id, project_package_id, supporting_project_id) VALUES (734, '["응용"]', 7, 734, 19, 734);
INSERT INTO supporting_projects(supporting_project_id, supported_at, delivery_id, payment_id, project_id, user_id) VALUES (735, (SELECT projects.end_date - INTERVAL 16 DAY FROM projects WHERE projects.id=19), 735, 735, 19, 35);
INSERT INTO orders (order_id, created_at, delivery_id, payment_id, supporting_project_id) VALUES (735, (SELECT projects.end_date - INTERVAL 16 DAY FROM projects WHERE projects.id=19), 1, 735, 735);
INSERT INTO supporting_packages(id, option_list, package_count, order_id, project_package_id, supporting_project_id) VALUES (735, '["기초"]', 5, 735, 19, 735);
INSERT INTO supporting_projects(supporting_project_id, supported_at, delivery_id, payment_id, project_id, user_id) VALUES (736, (SELECT projects.end_date - INTERVAL 33 DAY FROM projects WHERE projects.id=19), 736, 736, 19, 3);
INSERT INTO orders (order_id, created_at, delivery_id, payment_id, supporting_project_id) VALUES (736, (SELECT projects.end_date - INTERVAL 33 DAY FROM projects WHERE projects.id=19), 1, 736, 736);
INSERT INTO supporting_packages(id, option_list, package_count, order_id, project_package_id, supporting_project_id) VALUES (736, '["창작"]', 5, 736, 19, 736);
INSERT INTO supporting_projects(supporting_project_id, supported_at, delivery_id, payment_id, project_id, user_id) VALUES (737, (SELECT projects.end_date - INTERVAL 33 DAY FROM projects WHERE projects.id=19), 737, 737, 19, 17);
INSERT INTO orders (order_id, created_at, delivery_id, payment_id, supporting_project_id) VALUES (737, (SELECT projects.end_date - INTERVAL 33 DAY FROM projects WHERE projects.id=19), 1, 737, 737);
INSERT INTO supporting_packages(id, option_list, package_count, order_id, project_package_id, supporting_project_id) VALUES (737, '["기초"]', 2, 737, 19, 737);
INSERT INTO supporting_projects(supporting_project_id, supported_at, delivery_id, payment_id, project_id, user_id) VALUES (738, (SELECT projects.end_date - INTERVAL 50 DAY FROM projects WHERE projects.id=19), 738, 738, 19, 21);
INSERT INTO orders (order_id, created_at, delivery_id, payment_id, supporting_project_id) VALUES (738, (SELECT projects.end_date - INTERVAL 50 DAY FROM projects WHERE projects.id=19), 1, 738, 738);
INSERT INTO supporting_packages(id, option_list, package_count, order_id, project_package_id, supporting_project_id) VALUES (738, '["응용"]', 7, 738, 19, 738);
INSERT INTO supporting_projects(supporting_project_id, supported_at, delivery_id, payment_id, project_id, user_id) VALUES (739, (SELECT projects.end_date - INTERVAL 32 DAY FROM projects WHERE projects.id=19), 739, 739, 19, 1);
INSERT INTO orders (order_id, created_at, delivery_id, payment_id, supporting_project_id) VALUES (739, (SELECT projects.end_date - INTERVAL 32 DAY FROM projects WHERE projects.id=19), 1, 739, 739);
INSERT INTO supporting_packages(id, option_list, package_count, order_id, project_package_id, supporting_project_id) VALUES (739, '["응용"]', 2, 739, 19, 739);
INSERT INTO supporting_projects(supporting_project_id, supported_at, delivery_id, payment_id, project_id, user_id) VALUES (740, (SELECT projects.end_date - INTERVAL 37 DAY FROM projects WHERE projects.id=19), 740, 740, 19, 15);
INSERT INTO orders (order_id, created_at, delivery_id, payment_id, supporting_project_id) VALUES (740, (SELECT projects.end_date - INTERVAL 37 DAY FROM projects WHERE projects.id=19), 1, 740, 740);
INSERT INTO supporting_packages(id, option_list, package_count, order_id, project_package_id, supporting_project_id) VALUES (740, '["기초"]', 4, 740, 19, 740);
INSERT INTO supporting_projects(supporting_project_id, supported_at, delivery_id, payment_id, project_id, user_id) VALUES (741, (SELECT projects.end_date - INTERVAL 50 DAY FROM projects WHERE projects.id=19), 741, 741, 19, 6);
INSERT INTO orders (order_id, created_at, delivery_id, payment_id, supporting_project_id) VALUES (741, (SELECT projects.end_date - INTERVAL 50 DAY FROM projects WHERE projects.id=19), 1, 741, 741);
INSERT INTO supporting_packages(id, option_list, package_count, order_id, project_package_id, supporting_project_id) VALUES (741, '["창작"]', 9, 741, 19, 741);
INSERT INTO supporting_projects(supporting_project_id, supported_at, delivery_id, payment_id, project_id, user_id) VALUES (742, (SELECT projects.end_date - INTERVAL 25 DAY FROM projects WHERE projects.id=19), 742, 742, 19, 34);
INSERT INTO orders (order_id, created_at, delivery_id, payment_id, supporting_project_id) VALUES (742, (SELECT projects.end_date - INTERVAL 25 DAY FROM projects WHERE projects.id=19), 1, 742, 742);
INSERT INTO supporting_packages(id, option_list, package_count, order_id, project_package_id, supporting_project_id) VALUES (742, '["창작"]', 4, 742, 19, 742);
INSERT INTO supporting_projects(supporting_project_id, supported_at, delivery_id, payment_id, project_id, user_id) VALUES (743, (SELECT projects.end_date - INTERVAL 8 DAY FROM projects WHERE projects.id=19), 743, 743, 19, 28);
INSERT INTO orders (order_id, created_at, delivery_id, payment_id, supporting_project_id) VALUES (743, (SELECT projects.end_date - INTERVAL 8 DAY FROM projects WHERE projects.id=19), 1, 743, 743);
INSERT INTO supporting_packages(id, option_list, package_count, order_id, project_package_id, supporting_project_id) VALUES (743, '["응용"]', 3, 743, 19, 743);
INSERT INTO supporting_projects(supporting_project_id, supported_at, delivery_id, payment_id, project_id, user_id) VALUES (744, (SELECT projects.end_date - INTERVAL 10 DAY FROM projects WHERE projects.id=19), 744, 744, 19, 15);
INSERT INTO orders (order_id, created_at, delivery_id, payment_id, supporting_project_id) VALUES (744, (SELECT projects.end_date - INTERVAL 10 DAY FROM projects WHERE projects.id=19), 1, 744, 744);
INSERT INTO supporting_packages(id, option_list, package_count, order_id, project_package_id, supporting_project_id) VALUES (744, '["창작"]', 7, 744, 19, 744);
INSERT INTO supporting_projects(supporting_project_id, supported_at, delivery_id, payment_id, project_id, user_id) VALUES (745, (SELECT projects.end_date - INTERVAL 10 DAY FROM projects WHERE projects.id=19), 745, 745, 19, 14);
INSERT INTO orders (order_id, created_at, delivery_id, payment_id, supporting_project_id) VALUES (745, (SELECT projects.end_date - INTERVAL 10 DAY FROM projects WHERE projects.id=19), 1, 745, 745);
INSERT INTO supporting_packages(id, option_list, package_count, order_id, project_package_id, supporting_project_id) VALUES (745, '["기초"]', 4, 745, 19, 745);
INSERT INTO supporting_projects(supporting_project_id, supported_at, delivery_id, payment_id, project_id, user_id) VALUES (746, (SELECT projects.end_date - INTERVAL 27 DAY FROM projects WHERE projects.id=19), 746, 746, 19, 1);
INSERT INTO orders (order_id, created_at, delivery_id, payment_id, supporting_project_id) VALUES (746, (SELECT projects.end_date - INTERVAL 27 DAY FROM projects WHERE projects.id=19), 1, 746, 746);
INSERT INTO supporting_packages(id, option_list, package_count, order_id, project_package_id, supporting_project_id) VALUES (746, '["기초"]', 5, 746, 19, 746);
INSERT INTO supporting_projects(supporting_project_id, supported_at, delivery_id, payment_id, project_id, user_id) VALUES (747, (SELECT projects.end_date - INTERVAL 30 DAY FROM projects WHERE projects.id=19), 747, 747, 19, 26);
INSERT INTO orders (order_id, created_at, delivery_id, payment_id, supporting_project_id) VALUES (747, (SELECT projects.end_date - INTERVAL 30 DAY FROM projects WHERE projects.id=19), 1, 747, 747);
INSERT INTO supporting_packages(id, option_list, package_count, order_id, project_package_id, supporting_project_id) VALUES (747, '["응용"]', 8, 747, 19, 747);
INSERT INTO supporting_projects(supporting_project_id, supported_at, delivery_id, payment_id, project_id, user_id) VALUES (748, (SELECT projects.end_date - INTERVAL 15 DAY FROM projects WHERE projects.id=19), 748, 748, 19, 15);
INSERT INTO orders (order_id, created_at, delivery_id, payment_id, supporting_project_id) VALUES (748, (SELECT projects.end_date - INTERVAL 15 DAY FROM projects WHERE projects.id=19), 1, 748, 748);
INSERT INTO supporting_packages(id, option_list, package_count, order_id, project_package_id, supporting_project_id) VALUES (748, '["창작"]', 5, 748, 19, 748);
INSERT INTO supporting_projects(supporting_project_id, supported_at, delivery_id, payment_id, project_id, user_id) VALUES (749, (SELECT projects.end_date - INTERVAL 21 DAY FROM projects WHERE projects.id=19), 749, 749, 19, 35);
INSERT INTO orders (order_id, created_at, delivery_id, payment_id, supporting_project_id) VALUES (749, (SELECT projects.end_date - INTERVAL 21 DAY FROM projects WHERE projects.id=19), 1, 749, 749);
INSERT INTO supporting_packages(id, option_list, package_count, order_id, project_package_id, supporting_project_id) VALUES (749, '["창작"]', 6, 749, 19, 749);
INSERT INTO supporting_projects(supporting_project_id, supported_at, delivery_id, payment_id, project_id, user_id) VALUES (750, (SELECT projects.end_date - INTERVAL 25 DAY FROM projects WHERE projects.id=19), 750, 750, 19, 11);
INSERT INTO orders (order_id, created_at, delivery_id, payment_id, supporting_project_id) VALUES (750, (SELECT projects.end_date - INTERVAL 25 DAY FROM projects WHERE projects.id=19), 1, 750, 750);
INSERT INTO supporting_packages(id, option_list, package_count, order_id, project_package_id, supporting_project_id) VALUES (750, '["창작"]', 8, 750, 19, 750);
INSERT INTO supporting_projects(supporting_project_id, supported_at, delivery_id, payment_id, project_id, user_id) VALUES (751, (SELECT projects.end_date - INTERVAL 19 DAY FROM projects WHERE projects.id=19), 751, 751, 19, 20);
INSERT INTO orders (order_id, created_at, delivery_id, payment_id, supporting_project_id) VALUES (751, (SELECT projects.end_date - INTERVAL 19 DAY FROM projects WHERE projects.id=19), 1, 751, 751);
INSERT INTO supporting_packages(id, option_list, package_count, order_id, project_package_id, supporting_project_id) VALUES (751, '["응용"]', 6, 751, 19, 751);
INSERT INTO supporting_projects(supporting_project_id, supported_at, delivery_id, payment_id, project_id, user_id) VALUES (752, (SELECT projects.end_date - INTERVAL 42 DAY FROM projects WHERE projects.id=19), 752, 752, 19, 3);
INSERT INTO orders (order_id, created_at, delivery_id, payment_id, supporting_project_id) VALUES (752, (SELECT projects.end_date - INTERVAL 42 DAY FROM projects WHERE projects.id=19), 1, 752, 752);
INSERT INTO supporting_packages(id, option_list, package_count, order_id, project_package_id, supporting_project_id) VALUES (752, '["응용"]', 7, 752, 19, 752);
INSERT INTO supporting_projects(supporting_project_id, supported_at, delivery_id, payment_id, project_id, user_id) VALUES (753, (SELECT projects.end_date - INTERVAL 50 DAY FROM projects WHERE projects.id=19), 753, 753, 19, 16);
INSERT INTO orders (order_id, created_at, delivery_id, payment_id, supporting_project_id) VALUES (753, (SELECT projects.end_date - INTERVAL 50 DAY FROM projects WHERE projects.id=19), 1, 753, 753);
INSERT INTO supporting_packages(id, option_list, package_count, order_id, project_package_id, supporting_project_id) VALUES (753, '["창작"]', 5, 753, 19, 753);
INSERT INTO supporting_projects(supporting_project_id, supported_at, delivery_id, payment_id, project_id, user_id) VALUES (754, (SELECT projects.end_date - INTERVAL 26 DAY FROM projects WHERE projects.id=19), 754, 754, 19, 21);
INSERT INTO orders (order_id, created_at, delivery_id, payment_id, supporting_project_id) VALUES (754, (SELECT projects.end_date - INTERVAL 26 DAY FROM projects WHERE projects.id=19), 1, 754, 754);
INSERT INTO supporting_packages(id, option_list, package_count, order_id, project_package_id, supporting_project_id) VALUES (754, '["응용"]', 9, 754, 19, 754);
INSERT INTO supporting_projects(supporting_project_id, supported_at, delivery_id, payment_id, project_id, user_id) VALUES (755, (SELECT projects.end_date - INTERVAL 31 DAY FROM projects WHERE projects.id=19), 755, 755, 19, 1);
INSERT INTO orders (order_id, created_at, delivery_id, payment_id, supporting_project_id) VALUES (755, (SELECT projects.end_date - INTERVAL 31 DAY FROM projects WHERE projects.id=19), 1, 755, 755);
INSERT INTO supporting_packages(id, option_list, package_count, order_id, project_package_id, supporting_project_id) VALUES (755, '["창작"]', 2, 755, 19, 755);
INSERT INTO supporting_projects(supporting_project_id, supported_at, delivery_id, payment_id, project_id, user_id) VALUES (756, (SELECT projects.end_date - INTERVAL 12 DAY FROM projects WHERE projects.id=19), 756, 756, 19, 9);
INSERT INTO orders (order_id, created_at, delivery_id, payment_id, supporting_project_id) VALUES (756, (SELECT projects.end_date - INTERVAL 12 DAY FROM projects WHERE projects.id=19), 1, 756, 756);
INSERT INTO supporting_packages(id, option_list, package_count, order_id, project_package_id, supporting_project_id) VALUES (756, '["창작"]', 9, 756, 19, 756);
INSERT INTO supporting_projects(supporting_project_id, supported_at, delivery_id, payment_id, project_id, user_id) VALUES (757, (SELECT projects.end_date - INTERVAL 29 DAY FROM projects WHERE projects.id=19), 757, 757, 19, 22);
INSERT INTO orders (order_id, created_at, delivery_id, payment_id, supporting_project_id) VALUES (757, (SELECT projects.end_date - INTERVAL 29 DAY FROM projects WHERE projects.id=19), 1, 757, 757);
INSERT INTO supporting_packages(id, option_list, package_count, order_id, project_package_id, supporting_project_id) VALUES (757, '["응용"]', 3, 757, 19, 757);
INSERT INTO supporting_projects(supporting_project_id, supported_at, delivery_id, payment_id, project_id, user_id) VALUES (758, (SELECT projects.end_date - INTERVAL 23 DAY FROM projects WHERE projects.id=19), 758, 758, 19, 39);
INSERT INTO orders (order_id, created_at, delivery_id, payment_id, supporting_project_id) VALUES (758, (SELECT projects.end_date - INTERVAL 23 DAY FROM projects WHERE projects.id=19), 1, 758, 758);
INSERT INTO supporting_packages(id, option_list, package_count, order_id, project_package_id, supporting_project_id) VALUES (758, '["응용"]', 1, 758, 19, 758);
INSERT INTO supporting_projects(supporting_project_id, supported_at, delivery_id, payment_id, project_id, user_id) VALUES (759, (SELECT projects.end_date - INTERVAL 44 DAY FROM projects WHERE projects.id=19), 759, 759, 19, 40);
INSERT INTO orders (order_id, created_at, delivery_id, payment_id, supporting_project_id) VALUES (759, (SELECT projects.end_date - INTERVAL 44 DAY FROM projects WHERE projects.id=19), 1, 759, 759);
INSERT INTO supporting_packages(id, option_list, package_count, order_id, project_package_id, supporting_project_id) VALUES (759, '["창작"]', 7, 759, 19, 759);
INSERT INTO supporting_projects(supporting_project_id, supported_at, delivery_id, payment_id, project_id, user_id) VALUES (760, (SELECT projects.end_date - INTERVAL 41 DAY FROM projects WHERE projects.id=19), 760, 760, 19, 31);
INSERT INTO orders (order_id, created_at, delivery_id, payment_id, supporting_project_id) VALUES (760, (SELECT projects.end_date - INTERVAL 41 DAY FROM projects WHERE projects.id=19), 1, 760, 760);
INSERT INTO supporting_packages(id, option_list, package_count, order_id, project_package_id, supporting_project_id) VALUES (760, '["응용"]', 8, 760, 19, 760);
INSERT INTO supporting_projects(supporting_project_id, supported_at, delivery_id, payment_id, project_id, user_id) VALUES (761, (SELECT projects.end_date - INTERVAL 43 DAY FROM projects WHERE projects.id=19), 761, 761, 19, 9);
INSERT INTO orders (order_id, created_at, delivery_id, payment_id, supporting_project_id) VALUES (761, (SELECT projects.end_date - INTERVAL 43 DAY FROM projects WHERE projects.id=19), 1, 761, 761);
INSERT INTO supporting_packages(id, option_list, package_count, order_id, project_package_id, supporting_project_id) VALUES (761, '["창작"]', 5, 761, 19, 761);
INSERT INTO supporting_projects(supporting_project_id, supported_at, delivery_id, payment_id, project_id, user_id) VALUES (762, (SELECT projects.end_date - INTERVAL 39 DAY FROM projects WHERE projects.id=19), 762, 762, 19, 29);
INSERT INTO orders (order_id, created_at, delivery_id, payment_id, supporting_project_id) VALUES (762, (SELECT projects.end_date - INTERVAL 39 DAY FROM projects WHERE projects.id=19), 1, 762, 762);
INSERT INTO supporting_packages(id, option_list, package_count, order_id, project_package_id, supporting_project_id) VALUES (762, '["기초"]', 7, 762, 19, 762);
INSERT INTO supporting_projects(supporting_project_id, supported_at, delivery_id, payment_id, project_id, user_id) VALUES (763, (SELECT projects.end_date - INTERVAL 31 DAY FROM projects WHERE projects.id=19), 763, 763, 19, 6);
INSERT INTO orders (order_id, created_at, delivery_id, payment_id, supporting_project_id) VALUES (763, (SELECT projects.end_date - INTERVAL 31 DAY FROM projects WHERE projects.id=19), 1, 763, 763);
INSERT INTO supporting_packages(id, option_list, package_count, order_id, project_package_id, supporting_project_id) VALUES (763, '["응용"]', 1, 763, 19, 763);
INSERT INTO supporting_projects(supporting_project_id, supported_at, delivery_id, payment_id, project_id, user_id) VALUES (764, (SELECT projects.end_date - INTERVAL 45 DAY FROM projects WHERE projects.id=19), 764, 764, 19, 24);
INSERT INTO orders (order_id, created_at, delivery_id, payment_id, supporting_project_id) VALUES (764, (SELECT projects.end_date - INTERVAL 45 DAY FROM projects WHERE projects.id=19), 1, 764, 764);
INSERT INTO supporting_packages(id, option_list, package_count, order_id, project_package_id, supporting_project_id) VALUES (764, '["기초"]', 2, 764, 19, 764);
INSERT INTO supporting_projects(supporting_project_id, supported_at, delivery_id, payment_id, project_id, user_id) VALUES (765, (SELECT projects.end_date - INTERVAL 31 DAY FROM projects WHERE projects.id=19), 765, 765, 19, 35);
INSERT INTO orders (order_id, created_at, delivery_id, payment_id, supporting_project_id) VALUES (765, (SELECT projects.end_date - INTERVAL 31 DAY FROM projects WHERE projects.id=19), 1, 765, 765);
INSERT INTO supporting_packages(id, option_list, package_count, order_id, project_package_id, supporting_project_id) VALUES (765, '["응용"]', 2, 765, 19, 765);
INSERT INTO supporting_projects(supporting_project_id, supported_at, delivery_id, payment_id, project_id, user_id) VALUES (766, (SELECT projects.end_date - INTERVAL 14 DAY FROM projects WHERE projects.id=19), 766, 766, 19, 23);
INSERT INTO orders (order_id, created_at, delivery_id, payment_id, supporting_project_id) VALUES (766, (SELECT projects.end_date - INTERVAL 14 DAY FROM projects WHERE projects.id=19), 1, 766, 766);
INSERT INTO supporting_packages(id, option_list, package_count, order_id, project_package_id, supporting_project_id) VALUES (766, '["응용"]', 3, 766, 19, 766);
INSERT INTO supporting_projects(supporting_project_id, supported_at, delivery_id, payment_id, project_id, user_id) VALUES (767, (SELECT projects.end_date - INTERVAL 20 DAY FROM projects WHERE projects.id=19), 767, 767, 19, 38);
INSERT INTO orders (order_id, created_at, delivery_id, payment_id, supporting_project_id) VALUES (767, (SELECT projects.end_date - INTERVAL 20 DAY FROM projects WHERE projects.id=19), 1, 767, 767);
INSERT INTO supporting_packages(id, option_list, package_count, order_id, project_package_id, supporting_project_id) VALUES (767, '["창작"]', 4, 767, 19, 767);
INSERT INTO supporting_projects(supporting_project_id, supported_at, delivery_id, payment_id, project_id, user_id) VALUES (768, (SELECT projects.end_date - INTERVAL 33 DAY FROM projects WHERE projects.id=19), 768, 768, 19, 4);
INSERT INTO orders (order_id, created_at, delivery_id, payment_id, supporting_project_id) VALUES (768, (SELECT projects.end_date - INTERVAL 33 DAY FROM projects WHERE projects.id=19), 1, 768, 768);
INSERT INTO supporting_packages(id, option_list, package_count, order_id, project_package_id, supporting_project_id) VALUES (768, '["기초"]', 6, 768, 19, 768);
INSERT INTO supporting_projects(supporting_project_id, supported_at, delivery_id, payment_id, project_id, user_id) VALUES (769, (SELECT projects.end_date - INTERVAL 18 DAY FROM projects WHERE projects.id=19), 769, 769, 19, 21);
INSERT INTO orders (order_id, created_at, delivery_id, payment_id, supporting_project_id) VALUES (769, (SELECT projects.end_date - INTERVAL 18 DAY FROM projects WHERE projects.id=19), 1, 769, 769);
INSERT INTO supporting_packages(id, option_list, package_count, order_id, project_package_id, supporting_project_id) VALUES (769, '["응용"]', 6, 769, 19, 769);
INSERT INTO supporting_projects(supporting_project_id, supported_at, delivery_id, payment_id, project_id, user_id) VALUES (770, (SELECT projects.end_date - INTERVAL 25 DAY FROM projects WHERE projects.id=19), 770, 770, 19, 37);
INSERT INTO orders (order_id, created_at, delivery_id, payment_id, supporting_project_id) VALUES (770, (SELECT projects.end_date - INTERVAL 25 DAY FROM projects WHERE projects.id=19), 1, 770, 770);
INSERT INTO supporting_packages(id, option_list, package_count, order_id, project_package_id, supporting_project_id) VALUES (770, '["기초"]', 7, 770, 19, 770);
INSERT INTO supporting_projects(supporting_project_id, supported_at, delivery_id, payment_id, project_id, user_id) VALUES (771, (SELECT projects.end_date - INTERVAL 22 DAY FROM projects WHERE projects.id=19), 771, 771, 19, 39);
INSERT INTO orders (order_id, created_at, delivery_id, payment_id, supporting_project_id) VALUES (771, (SELECT projects.end_date - INTERVAL 22 DAY FROM projects WHERE projects.id=19), 1, 771, 771);
INSERT INTO supporting_packages(id, option_list, package_count, order_id, project_package_id, supporting_project_id) VALUES (771, '["기초"]', 8, 771, 19, 771);
INSERT INTO supporting_projects(supporting_project_id, supported_at, delivery_id, payment_id, project_id, user_id) VALUES (772, (SELECT projects.end_date - INTERVAL 41 DAY FROM projects WHERE projects.id=19), 772, 772, 19, 30);
INSERT INTO orders (order_id, created_at, delivery_id, payment_id, supporting_project_id) VALUES (772, (SELECT projects.end_date - INTERVAL 41 DAY FROM projects WHERE projects.id=19), 1, 772, 772);
INSERT INTO supporting_packages(id, option_list, package_count, order_id, project_package_id, supporting_project_id) VALUES (772, '["기초"]', 5, 772, 19, 772);
INSERT INTO supporting_projects(supporting_project_id, supported_at, delivery_id, payment_id, project_id, user_id) VALUES (773, (SELECT projects.end_date - INTERVAL 48 DAY FROM projects WHERE projects.id=19), 773, 773, 19, 26);
INSERT INTO orders (order_id, created_at, delivery_id, payment_id, supporting_project_id) VALUES (773, (SELECT projects.end_date - INTERVAL 48 DAY FROM projects WHERE projects.id=19), 1, 773, 773);
INSERT INTO supporting_packages(id, option_list, package_count, order_id, project_package_id, supporting_project_id) VALUES (773, '["응용"]', 10, 773, 19, 773);
INSERT INTO supporting_projects(supporting_project_id, supported_at, delivery_id, payment_id, project_id, user_id) VALUES (774, (SELECT projects.end_date - INTERVAL 18 DAY FROM projects WHERE projects.id=19), 774, 774, 19, 12);
INSERT INTO orders (order_id, created_at, delivery_id, payment_id, supporting_project_id) VALUES (774, (SELECT projects.end_date - INTERVAL 18 DAY FROM projects WHERE projects.id=19), 1, 774, 774);
INSERT INTO supporting_packages(id, option_list, package_count, order_id, project_package_id, supporting_project_id) VALUES (774, '["기초"]', 4, 774, 19, 774);
INSERT INTO supporting_projects(supporting_project_id, supported_at, delivery_id, payment_id, project_id, user_id) VALUES (775, (SELECT projects.end_date - INTERVAL 19 DAY FROM projects WHERE projects.id=19), 775, 775, 19, 17);
INSERT INTO orders (order_id, created_at, delivery_id, payment_id, supporting_project_id) VALUES (775, (SELECT projects.end_date - INTERVAL 19 DAY FROM projects WHERE projects.id=19), 1, 775, 775);
INSERT INTO supporting_packages(id, option_list, package_count, order_id, project_package_id, supporting_project_id) VALUES (775, '["기초"]', 10, 775, 19, 775);
INSERT INTO supporting_projects(supporting_project_id, supported_at, delivery_id, payment_id, project_id, user_id) VALUES (776, (SELECT projects.end_date - INTERVAL 46 DAY FROM projects WHERE projects.id=19), 776, 776, 19, 31);
INSERT INTO orders (order_id, created_at, delivery_id, payment_id, supporting_project_id) VALUES (776, (SELECT projects.end_date - INTERVAL 46 DAY FROM projects WHERE projects.id=19), 1, 776, 776);
INSERT INTO supporting_packages(id, option_list, package_count, order_id, project_package_id, supporting_project_id) VALUES (776, '["창작"]', 4, 776, 19, 776);
INSERT INTO supporting_projects(supporting_project_id, supported_at, delivery_id, payment_id, project_id, user_id) VALUES (777, (SELECT projects.end_date - INTERVAL 35 DAY FROM projects WHERE projects.id=19), 777, 777, 19, 1);
INSERT INTO orders (order_id, created_at, delivery_id, payment_id, supporting_project_id) VALUES (777, (SELECT projects.end_date - INTERVAL 35 DAY FROM projects WHERE projects.id=19), 1, 777, 777);
INSERT INTO supporting_packages(id, option_list, package_count, order_id, project_package_id, supporting_project_id) VALUES (777, '["응용"]', 3, 777, 19, 777);
INSERT INTO supporting_projects(supporting_project_id, supported_at, delivery_id, payment_id, project_id, user_id) VALUES (778, (SELECT projects.end_date - INTERVAL 23 DAY FROM projects WHERE projects.id=19), 778, 778, 19, 33);
INSERT INTO orders (order_id, created_at, delivery_id, payment_id, supporting_project_id) VALUES (778, (SELECT projects.end_date - INTERVAL 23 DAY FROM projects WHERE projects.id=19), 1, 778, 778);
INSERT INTO supporting_packages(id, option_list, package_count, order_id, project_package_id, supporting_project_id) VALUES (778, '["창작"]', 2, 778, 19, 778);
INSERT INTO supporting_projects(supporting_project_id, supported_at, delivery_id, payment_id, project_id, user_id) VALUES (779, (SELECT projects.end_date - INTERVAL 19 DAY FROM projects WHERE projects.id=19), 779, 779, 19, 38);
INSERT INTO orders (order_id, created_at, delivery_id, payment_id, supporting_project_id) VALUES (779, (SELECT projects.end_date - INTERVAL 19 DAY FROM projects WHERE projects.id=19), 1, 779, 779);
INSERT INTO supporting_packages(id, option_list, package_count, order_id, project_package_id, supporting_project_id) VALUES (779, '["기초"]', 8, 779, 19, 779);
INSERT INTO supporting_projects(supporting_project_id, supported_at, delivery_id, payment_id, project_id, user_id) VALUES (780, (SELECT projects.end_date - INTERVAL 18 DAY FROM projects WHERE projects.id=19), 780, 780, 19, 9);
INSERT INTO orders (order_id, created_at, delivery_id, payment_id, supporting_project_id) VALUES (780, (SELECT projects.end_date - INTERVAL 18 DAY FROM projects WHERE projects.id=19), 1, 780, 780);
INSERT INTO supporting_packages(id, option_list, package_count, order_id, project_package_id, supporting_project_id) VALUES (780, '["창작"]', 6, 780, 19, 780);
INSERT INTO supporting_projects(supporting_project_id, supported_at, delivery_id, payment_id, project_id, user_id) VALUES (781, (SELECT projects.end_date - INTERVAL 14 DAY FROM projects WHERE projects.id=19), 781, 781, 19, 8);
INSERT INTO orders (order_id, created_at, delivery_id, payment_id, supporting_project_id) VALUES (781, (SELECT projects.end_date - INTERVAL 14 DAY FROM projects WHERE projects.id=19), 1, 781, 781);
INSERT INTO supporting_packages(id, option_list, package_count, order_id, project_package_id, supporting_project_id) VALUES (781, '["응용"]', 7, 781, 19, 781);
INSERT INTO supporting_projects(supporting_project_id, supported_at, delivery_id, payment_id, project_id, user_id) VALUES (782, (SELECT projects.end_date - INTERVAL 31 DAY FROM projects WHERE projects.id=19), 782, 782, 19, 23);
INSERT INTO orders (order_id, created_at, delivery_id, payment_id, supporting_project_id) VALUES (782, (SELECT projects.end_date - INTERVAL 31 DAY FROM projects WHERE projects.id=19), 1, 782, 782);
INSERT INTO supporting_packages(id, option_list, package_count, order_id, project_package_id, supporting_project_id) VALUES (782, '["응용"]', 6, 782, 19, 782);
INSERT INTO supporting_projects(supporting_project_id, supported_at, delivery_id, payment_id, project_id, user_id) VALUES (783, (SELECT projects.end_date - INTERVAL 38 DAY FROM projects WHERE projects.id=19), 783, 783, 19, 37);
INSERT INTO orders (order_id, created_at, delivery_id, payment_id, supporting_project_id) VALUES (783, (SELECT projects.end_date - INTERVAL 38 DAY FROM projects WHERE projects.id=19), 1, 783, 783);
INSERT INTO supporting_packages(id, option_list, package_count, order_id, project_package_id, supporting_project_id) VALUES (783, '["응용"]', 3, 783, 19, 783);
INSERT INTO supporting_projects(supporting_project_id, supported_at, delivery_id, payment_id, project_id, user_id) VALUES (784, (SELECT projects.end_date - INTERVAL 49 DAY FROM projects WHERE projects.id=19), 784, 784, 19, 34);
INSERT INTO orders (order_id, created_at, delivery_id, payment_id, supporting_project_id) VALUES (784, (SELECT projects.end_date - INTERVAL 49 DAY FROM projects WHERE projects.id=19), 1, 784, 784);
INSERT INTO supporting_packages(id, option_list, package_count, order_id, project_package_id, supporting_project_id) VALUES (784, '["응용"]', 1, 784, 19, 784);
INSERT INTO supporting_projects(supporting_project_id, supported_at, delivery_id, payment_id, project_id, user_id) VALUES (785, (SELECT projects.end_date - INTERVAL 23 DAY FROM projects WHERE projects.id=19), 785, 785, 19, 31);
INSERT INTO orders (order_id, created_at, delivery_id, payment_id, supporting_project_id) VALUES (785, (SELECT projects.end_date - INTERVAL 23 DAY FROM projects WHERE projects.id=19), 1, 785, 785);
INSERT INTO supporting_packages(id, option_list, package_count, order_id, project_package_id, supporting_project_id) VALUES (785, '["창작"]', 8, 785, 19, 785);
INSERT INTO supporting_projects(supporting_project_id, supported_at, delivery_id, payment_id, project_id, user_id) VALUES (786, (SELECT projects.end_date - INTERVAL 31 DAY FROM projects WHERE projects.id=23), 786, 786, 23, 17);
INSERT INTO orders (order_id, created_at, delivery_id, payment_id, supporting_project_id) VALUES (786, (SELECT projects.end_date - INTERVAL 31 DAY FROM projects WHERE projects.id=23), 1, 786, 786);
INSERT INTO supporting_packages(id, option_list, package_count, order_id, project_package_id, supporting_project_id) VALUES (786, '["촬영 현장 방문권"]', 10, 786, 23, 786);
INSERT INTO supporting_projects(supporting_project_id, supported_at, delivery_id, payment_id, project_id, user_id) VALUES (787, (SELECT projects.end_date - INTERVAL 10 DAY FROM projects WHERE projects.id=23), 787, 787, 23, 32);
INSERT INTO orders (order_id, created_at, delivery_id, payment_id, supporting_project_id) VALUES (787, (SELECT projects.end_date - INTERVAL 10 DAY FROM projects WHERE projects.id=23), 1, 787, 787);
INSERT INTO supporting_packages(id, option_list, package_count, order_id, project_package_id, supporting_project_id) VALUES (787, '["연기 클래스"]', 10, 787, 23, 787);
INSERT INTO supporting_projects(supporting_project_id, supported_at, delivery_id, payment_id, project_id, user_id) VALUES (788, (SELECT projects.end_date - INTERVAL 22 DAY FROM projects WHERE projects.id=23), 788, 788, 23, 16);
INSERT INTO orders (order_id, created_at, delivery_id, payment_id, supporting_project_id) VALUES (788, (SELECT projects.end_date - INTERVAL 22 DAY FROM projects WHERE projects.id=23), 1, 788, 788);
INSERT INTO supporting_packages(id, option_list, package_count, order_id, project_package_id, supporting_project_id) VALUES (788, '["연기 클래스"]', 6, 788, 23, 788);
INSERT INTO supporting_projects(supporting_project_id, supported_at, delivery_id, payment_id, project_id, user_id) VALUES (789, (SELECT projects.end_date - INTERVAL 21 DAY FROM projects WHERE projects.id=23), 789, 789, 23, 18);
INSERT INTO orders (order_id, created_at, delivery_id, payment_id, supporting_project_id) VALUES (789, (SELECT projects.end_date - INTERVAL 21 DAY FROM projects WHERE projects.id=23), 1, 789, 789);
INSERT INTO supporting_packages(id, option_list, package_count, order_id, project_package_id, supporting_project_id) VALUES (789, '["연기 클래스"]', 8, 789, 23, 789);
INSERT INTO supporting_projects(supporting_project_id, supported_at, delivery_id, payment_id, project_id, user_id) VALUES (790, (SELECT projects.end_date - INTERVAL 44 DAY FROM projects WHERE projects.id=23), 790, 790, 23, 17);
INSERT INTO orders (order_id, created_at, delivery_id, payment_id, supporting_project_id) VALUES (790, (SELECT projects.end_date - INTERVAL 44 DAY FROM projects WHERE projects.id=23), 1, 790, 790);
INSERT INTO supporting_packages(id, option_list, package_count, order_id, project_package_id, supporting_project_id) VALUES (790, '["연기 클래스"]', 6, 790, 23, 790);
INSERT INTO supporting_projects(supporting_project_id, supported_at, delivery_id, payment_id, project_id, user_id) VALUES (791, (SELECT projects.end_date - INTERVAL 8 DAY FROM projects WHERE projects.id=23), 791, 791, 23, 1);
INSERT INTO orders (order_id, created_at, delivery_id, payment_id, supporting_project_id) VALUES (791, (SELECT projects.end_date - INTERVAL 8 DAY FROM projects WHERE projects.id=23), 1, 791, 791);
INSERT INTO supporting_packages(id, option_list, package_count, order_id, project_package_id, supporting_project_id) VALUES (791, '["촬영 현장 방문권"]', 5, 791, 23, 791);
INSERT INTO supporting_projects(supporting_project_id, supported_at, delivery_id, payment_id, project_id, user_id) VALUES (792, (SELECT projects.end_date - INTERVAL 42 DAY FROM projects WHERE projects.id=23), 792, 792, 23, 38);
INSERT INTO orders (order_id, created_at, delivery_id, payment_id, supporting_project_id) VALUES (792, (SELECT projects.end_date - INTERVAL 42 DAY FROM projects WHERE projects.id=23), 1, 792, 792);
INSERT INTO supporting_packages(id, option_list, package_count, order_id, project_package_id, supporting_project_id) VALUES (792, '["시나리오 작성 가이드"]', 7, 792, 23, 792);
INSERT INTO supporting_projects(supporting_project_id, supported_at, delivery_id, payment_id, project_id, user_id) VALUES (793, (SELECT projects.end_date - INTERVAL 23 DAY FROM projects WHERE projects.id=23), 793, 793, 23, 16);
INSERT INTO orders (order_id, created_at, delivery_id, payment_id, supporting_project_id) VALUES (793, (SELECT projects.end_date - INTERVAL 23 DAY FROM projects WHERE projects.id=23), 1, 793, 793);
INSERT INTO supporting_packages(id, option_list, package_count, order_id, project_package_id, supporting_project_id) VALUES (793, '["촬영 현장 방문권"]', 10, 793, 23, 793);
INSERT INTO supporting_projects(supporting_project_id, supported_at, delivery_id, payment_id, project_id, user_id) VALUES (794, (SELECT projects.end_date - INTERVAL 33 DAY FROM projects WHERE projects.id=23), 794, 794, 23, 20);
INSERT INTO orders (order_id, created_at, delivery_id, payment_id, supporting_project_id) VALUES (794, (SELECT projects.end_date - INTERVAL 33 DAY FROM projects WHERE projects.id=23), 1, 794, 794);
INSERT INTO supporting_packages(id, option_list, package_count, order_id, project_package_id, supporting_project_id) VALUES (794, '["시나리오 작성 가이드"]', 6, 794, 23, 794);
INSERT INTO supporting_projects(supporting_project_id, supported_at, delivery_id, payment_id, project_id, user_id) VALUES (795, (SELECT projects.end_date - INTERVAL 32 DAY FROM projects WHERE projects.id=23), 795, 795, 23, 17);
INSERT INTO orders (order_id, created_at, delivery_id, payment_id, supporting_project_id) VALUES (795, (SELECT projects.end_date - INTERVAL 32 DAY FROM projects WHERE projects.id=23), 1, 795, 795);
INSERT INTO supporting_packages(id, option_list, package_count, order_id, project_package_id, supporting_project_id) VALUES (795, '["촬영 현장 방문권"]', 8, 795, 23, 795);
INSERT INTO supporting_projects(supporting_project_id, supported_at, delivery_id, payment_id, project_id, user_id) VALUES (796, (SELECT projects.end_date - INTERVAL 37 DAY FROM projects WHERE projects.id=23), 796, 796, 23, 4);
INSERT INTO orders (order_id, created_at, delivery_id, payment_id, supporting_project_id) VALUES (796, (SELECT projects.end_date - INTERVAL 37 DAY FROM projects WHERE projects.id=23), 1, 796, 796);
INSERT INTO supporting_packages(id, option_list, package_count, order_id, project_package_id, supporting_project_id) VALUES (796, '["시나리오 작성 가이드"]', 10, 796, 23, 796);
INSERT INTO supporting_projects(supporting_project_id, supported_at, delivery_id, payment_id, project_id, user_id) VALUES (797, (SELECT projects.end_date - INTERVAL 40 DAY FROM projects WHERE projects.id=23), 797, 797, 23, 30);
INSERT INTO orders (order_id, created_at, delivery_id, payment_id, supporting_project_id) VALUES (797, (SELECT projects.end_date - INTERVAL 40 DAY FROM projects WHERE projects.id=23), 1, 797, 797);
INSERT INTO supporting_packages(id, option_list, package_count, order_id, project_package_id, supporting_project_id) VALUES (797, '["연기 클래스"]', 6, 797, 23, 797);
INSERT INTO supporting_projects(supporting_project_id, supported_at, delivery_id, payment_id, project_id, user_id) VALUES (798, (SELECT projects.end_date - INTERVAL 43 DAY FROM projects WHERE projects.id=23), 798, 798, 23, 2);
INSERT INTO orders (order_id, created_at, delivery_id, payment_id, supporting_project_id) VALUES (798, (SELECT projects.end_date - INTERVAL 43 DAY FROM projects WHERE projects.id=23), 1, 798, 798);
INSERT INTO supporting_packages(id, option_list, package_count, order_id, project_package_id, supporting_project_id) VALUES (798, '["시나리오 작성 가이드"]', 5, 798, 23, 798);
INSERT INTO supporting_projects(supporting_project_id, supported_at, delivery_id, payment_id, project_id, user_id) VALUES (799, (SELECT projects.end_date - INTERVAL 33 DAY FROM projects WHERE projects.id=23), 799, 799, 23, 19);
INSERT INTO orders (order_id, created_at, delivery_id, payment_id, supporting_project_id) VALUES (799, (SELECT projects.end_date - INTERVAL 33 DAY FROM projects WHERE projects.id=23), 1, 799, 799);
INSERT INTO supporting_packages(id, option_list, package_count, order_id, project_package_id, supporting_project_id) VALUES (799, '["촬영 현장 방문권"]', 7, 799, 23, 799);
INSERT INTO supporting_projects(supporting_project_id, supported_at, delivery_id, payment_id, project_id, user_id) VALUES (800, (SELECT projects.end_date - INTERVAL 43 DAY FROM projects WHERE projects.id=23), 800, 800, 23, 10);
INSERT INTO orders (order_id, created_at, delivery_id, payment_id, supporting_project_id) VALUES (800, (SELECT projects.end_date - INTERVAL 43 DAY FROM projects WHERE projects.id=23), 1, 800, 800);
INSERT INTO supporting_packages(id, option_list, package_count, order_id, project_package_id, supporting_project_id) VALUES (800, '["연기 클래스"]', 8, 800, 23, 800);
INSERT INTO supporting_projects(supporting_project_id, supported_at, delivery_id, payment_id, project_id, user_id) VALUES (801, (SELECT projects.end_date - INTERVAL 47 DAY FROM projects WHERE projects.id=23), 801, 801, 23, 26);
INSERT INTO orders (order_id, created_at, delivery_id, payment_id, supporting_project_id) VALUES (801, (SELECT projects.end_date - INTERVAL 47 DAY FROM projects WHERE projects.id=23), 1, 801, 801);
INSERT INTO supporting_packages(id, option_list, package_count, order_id, project_package_id, supporting_project_id) VALUES (801, '["연기 클래스"]', 4, 801, 23, 801);
INSERT INTO supporting_projects(supporting_project_id, supported_at, delivery_id, payment_id, project_id, user_id) VALUES (802, (SELECT projects.end_date - INTERVAL 9 DAY FROM projects WHERE projects.id=23), 802, 802, 23, 28);
INSERT INTO orders (order_id, created_at, delivery_id, payment_id, supporting_project_id) VALUES (802, (SELECT projects.end_date - INTERVAL 9 DAY FROM projects WHERE projects.id=23), 1, 802, 802);
INSERT INTO supporting_packages(id, option_list, package_count, order_id, project_package_id, supporting_project_id) VALUES (802, '["시나리오 작성 가이드"]', 3, 802, 23, 802);
INSERT INTO supporting_projects(supporting_project_id, supported_at, delivery_id, payment_id, project_id, user_id) VALUES (803, (SELECT projects.end_date - INTERVAL 25 DAY FROM projects WHERE projects.id=23), 803, 803, 23, 10);
INSERT INTO orders (order_id, created_at, delivery_id, payment_id, supporting_project_id) VALUES (803, (SELECT projects.end_date - INTERVAL 25 DAY FROM projects WHERE projects.id=23), 1, 803, 803);
INSERT INTO supporting_packages(id, option_list, package_count, order_id, project_package_id, supporting_project_id) VALUES (803, '["시나리오 작성 가이드"]', 4, 803, 23, 803);
INSERT INTO supporting_projects(supporting_project_id, supported_at, delivery_id, payment_id, project_id, user_id) VALUES (804, (SELECT projects.end_date - INTERVAL 11 DAY FROM projects WHERE projects.id=23), 804, 804, 23, 30);
INSERT INTO orders (order_id, created_at, delivery_id, payment_id, supporting_project_id) VALUES (804, (SELECT projects.end_date - INTERVAL 11 DAY FROM projects WHERE projects.id=23), 1, 804, 804);
INSERT INTO supporting_packages(id, option_list, package_count, order_id, project_package_id, supporting_project_id) VALUES (804, '["시나리오 작성 가이드"]', 5, 804, 23, 804);
INSERT INTO supporting_projects(supporting_project_id, supported_at, delivery_id, payment_id, project_id, user_id) VALUES (805, (SELECT projects.end_date - INTERVAL 15 DAY FROM projects WHERE projects.id=23), 805, 805, 23, 28);
INSERT INTO orders (order_id, created_at, delivery_id, payment_id, supporting_project_id) VALUES (805, (SELECT projects.end_date - INTERVAL 15 DAY FROM projects WHERE projects.id=23), 1, 805, 805);
INSERT INTO supporting_packages(id, option_list, package_count, order_id, project_package_id, supporting_project_id) VALUES (805, '["시나리오 작성 가이드"]', 9, 805, 23, 805);
INSERT INTO supporting_projects(supporting_project_id, supported_at, delivery_id, payment_id, project_id, user_id) VALUES (806, (SELECT projects.end_date - INTERVAL 35 DAY FROM projects WHERE projects.id=23), 806, 806, 23, 13);
INSERT INTO orders (order_id, created_at, delivery_id, payment_id, supporting_project_id) VALUES (806, (SELECT projects.end_date - INTERVAL 35 DAY FROM projects WHERE projects.id=23), 1, 806, 806);
INSERT INTO supporting_packages(id, option_list, package_count, order_id, project_package_id, supporting_project_id) VALUES (806, '["촬영 현장 방문권"]', 5, 806, 23, 806);
INSERT INTO supporting_projects(supporting_project_id, supported_at, delivery_id, payment_id, project_id, user_id) VALUES (807, (SELECT projects.end_date - INTERVAL 37 DAY FROM projects WHERE projects.id=23), 807, 807, 23, 12);
INSERT INTO orders (order_id, created_at, delivery_id, payment_id, supporting_project_id) VALUES (807, (SELECT projects.end_date - INTERVAL 37 DAY FROM projects WHERE projects.id=23), 1, 807, 807);
INSERT INTO supporting_packages(id, option_list, package_count, order_id, project_package_id, supporting_project_id) VALUES (807, '["시나리오 작성 가이드"]', 10, 807, 23, 807);
INSERT INTO supporting_projects(supporting_project_id, supported_at, delivery_id, payment_id, project_id, user_id) VALUES (808, (SELECT projects.end_date - INTERVAL 18 DAY FROM projects WHERE projects.id=23), 808, 808, 23, 31);
INSERT INTO orders (order_id, created_at, delivery_id, payment_id, supporting_project_id) VALUES (808, (SELECT projects.end_date - INTERVAL 18 DAY FROM projects WHERE projects.id=23), 1, 808, 808);
INSERT INTO supporting_packages(id, option_list, package_count, order_id, project_package_id, supporting_project_id) VALUES (808, '["연기 클래스"]', 6, 808, 23, 808);
INSERT INTO supporting_projects(supporting_project_id, supported_at, delivery_id, payment_id, project_id, user_id) VALUES (809, (SELECT projects.end_date - INTERVAL 18 DAY FROM projects WHERE projects.id=23), 809, 809, 23, 19);
INSERT INTO orders (order_id, created_at, delivery_id, payment_id, supporting_project_id) VALUES (809, (SELECT projects.end_date - INTERVAL 18 DAY FROM projects WHERE projects.id=23), 1, 809, 809);
INSERT INTO supporting_packages(id, option_list, package_count, order_id, project_package_id, supporting_project_id) VALUES (809, '["시나리오 작성 가이드"]', 6, 809, 23, 809);
INSERT INTO supporting_projects(supporting_project_id, supported_at, delivery_id, payment_id, project_id, user_id) VALUES (810, (SELECT projects.end_date - INTERVAL 26 DAY FROM projects WHERE projects.id=23), 810, 810, 23, 36);
INSERT INTO orders (order_id, created_at, delivery_id, payment_id, supporting_project_id) VALUES (810, (SELECT projects.end_date - INTERVAL 26 DAY FROM projects WHERE projects.id=23), 1, 810, 810);
INSERT INTO supporting_packages(id, option_list, package_count, order_id, project_package_id, supporting_project_id) VALUES (810, '["연기 클래스"]', 9, 810, 23, 810);
INSERT INTO supporting_projects(supporting_project_id, supported_at, delivery_id, payment_id, project_id, user_id) VALUES (811, (SELECT projects.end_date - INTERVAL 46 DAY FROM projects WHERE projects.id=23), 811, 811, 23, 14);
INSERT INTO orders (order_id, created_at, delivery_id, payment_id, supporting_project_id) VALUES (811, (SELECT projects.end_date - INTERVAL 46 DAY FROM projects WHERE projects.id=23), 1, 811, 811);
INSERT INTO supporting_packages(id, option_list, package_count, order_id, project_package_id, supporting_project_id) VALUES (811, '["연기 클래스"]', 10, 811, 23, 811);
INSERT INTO supporting_projects(supporting_project_id, supported_at, delivery_id, payment_id, project_id, user_id) VALUES (812, (SELECT projects.end_date - INTERVAL 47 DAY FROM projects WHERE projects.id=23), 812, 812, 23, 35);
INSERT INTO orders (order_id, created_at, delivery_id, payment_id, supporting_project_id) VALUES (812, (SELECT projects.end_date - INTERVAL 47 DAY FROM projects WHERE projects.id=23), 1, 812, 812);
INSERT INTO supporting_packages(id, option_list, package_count, order_id, project_package_id, supporting_project_id) VALUES (812, '["시나리오 작성 가이드"]', 4, 812, 23, 812);
INSERT INTO supporting_projects(supporting_project_id, supported_at, delivery_id, payment_id, project_id, user_id) VALUES (813, (SELECT projects.end_date - INTERVAL 9 DAY FROM projects WHERE projects.id=23), 813, 813, 23, 35);
INSERT INTO orders (order_id, created_at, delivery_id, payment_id, supporting_project_id) VALUES (813, (SELECT projects.end_date - INTERVAL 9 DAY FROM projects WHERE projects.id=23), 1, 813, 813);
INSERT INTO supporting_packages(id, option_list, package_count, order_id, project_package_id, supporting_project_id) VALUES (813, '["연기 클래스"]', 5, 813, 23, 813);
INSERT INTO supporting_projects(supporting_project_id, supported_at, delivery_id, payment_id, project_id, user_id) VALUES (814, (SELECT projects.end_date - INTERVAL 15 DAY FROM projects WHERE projects.id=23), 814, 814, 23, 29);
INSERT INTO orders (order_id, created_at, delivery_id, payment_id, supporting_project_id) VALUES (814, (SELECT projects.end_date - INTERVAL 15 DAY FROM projects WHERE projects.id=23), 1, 814, 814);
INSERT INTO supporting_packages(id, option_list, package_count, order_id, project_package_id, supporting_project_id) VALUES (814, '["시나리오 작성 가이드"]', 5, 814, 23, 814);
INSERT INTO supporting_projects(supporting_project_id, supported_at, delivery_id, payment_id, project_id, user_id) VALUES (815, (SELECT projects.end_date - INTERVAL 11 DAY FROM projects WHERE projects.id=23), 815, 815, 23, 15);
INSERT INTO orders (order_id, created_at, delivery_id, payment_id, supporting_project_id) VALUES (815, (SELECT projects.end_date - INTERVAL 11 DAY FROM projects WHERE projects.id=23), 1, 815, 815);
INSERT INTO supporting_packages(id, option_list, package_count, order_id, project_package_id, supporting_project_id) VALUES (815, '["연기 클래스"]', 1, 815, 23, 815);
INSERT INTO supporting_projects(supporting_project_id, supported_at, delivery_id, payment_id, project_id, user_id) VALUES (816, (SELECT projects.end_date - INTERVAL 13 DAY FROM projects WHERE projects.id=23), 816, 816, 23, 7);
INSERT INTO orders (order_id, created_at, delivery_id, payment_id, supporting_project_id) VALUES (816, (SELECT projects.end_date - INTERVAL 13 DAY FROM projects WHERE projects.id=23), 1, 816, 816);
INSERT INTO supporting_packages(id, option_list, package_count, order_id, project_package_id, supporting_project_id) VALUES (816, '["촬영 현장 방문권"]', 4, 816, 23, 816);
INSERT INTO supporting_projects(supporting_project_id, supported_at, delivery_id, payment_id, project_id, user_id) VALUES (817, (SELECT projects.end_date - INTERVAL 28 DAY FROM projects WHERE projects.id=23), 817, 817, 23, 7);
INSERT INTO orders (order_id, created_at, delivery_id, payment_id, supporting_project_id) VALUES (817, (SELECT projects.end_date - INTERVAL 28 DAY FROM projects WHERE projects.id=23), 1, 817, 817);
INSERT INTO supporting_packages(id, option_list, package_count, order_id, project_package_id, supporting_project_id) VALUES (817, '["연기 클래스"]', 3, 817, 23, 817);
INSERT INTO supporting_projects(supporting_project_id, supported_at, delivery_id, payment_id, project_id, user_id) VALUES (818, (SELECT projects.end_date - INTERVAL 35 DAY FROM projects WHERE projects.id=23), 818, 818, 23, 38);
INSERT INTO orders (order_id, created_at, delivery_id, payment_id, supporting_project_id) VALUES (818, (SELECT projects.end_date - INTERVAL 35 DAY FROM projects WHERE projects.id=23), 1, 818, 818);
INSERT INTO supporting_packages(id, option_list, package_count, order_id, project_package_id, supporting_project_id) VALUES (818, '["촬영 현장 방문권"]', 8, 818, 23, 818);
INSERT INTO supporting_projects(supporting_project_id, supported_at, delivery_id, payment_id, project_id, user_id) VALUES (819, (SELECT projects.end_date - INTERVAL 48 DAY FROM projects WHERE projects.id=23), 819, 819, 23, 36);
INSERT INTO orders (order_id, created_at, delivery_id, payment_id, supporting_project_id) VALUES (819, (SELECT projects.end_date - INTERVAL 48 DAY FROM projects WHERE projects.id=23), 1, 819, 819);
INSERT INTO supporting_packages(id, option_list, package_count, order_id, project_package_id, supporting_project_id) VALUES (819, '["촬영 현장 방문권"]', 2, 819, 23, 819);
INSERT INTO supporting_projects(supporting_project_id, supported_at, delivery_id, payment_id, project_id, user_id) VALUES (820, (SELECT projects.end_date - INTERVAL 17 DAY FROM projects WHERE projects.id=23), 820, 820, 23, 7);
INSERT INTO orders (order_id, created_at, delivery_id, payment_id, supporting_project_id) VALUES (820, (SELECT projects.end_date - INTERVAL 17 DAY FROM projects WHERE projects.id=23), 1, 820, 820);
INSERT INTO supporting_packages(id, option_list, package_count, order_id, project_package_id, supporting_project_id) VALUES (820, '["시나리오 작성 가이드"]', 8, 820, 23, 820);
INSERT INTO supporting_projects(supporting_project_id, supported_at, delivery_id, payment_id, project_id, user_id) VALUES (821, (SELECT projects.end_date - INTERVAL 24 DAY FROM projects WHERE projects.id=23), 821, 821, 23, 26);
INSERT INTO orders (order_id, created_at, delivery_id, payment_id, supporting_project_id) VALUES (821, (SELECT projects.end_date - INTERVAL 24 DAY FROM projects WHERE projects.id=23), 1, 821, 821);
INSERT INTO supporting_packages(id, option_list, package_count, order_id, project_package_id, supporting_project_id) VALUES (821, '["시나리오 작성 가이드"]', 5, 821, 23, 821);
INSERT INTO supporting_projects(supporting_project_id, supported_at, delivery_id, payment_id, project_id, user_id) VALUES (822, (SELECT projects.end_date - INTERVAL 22 DAY FROM projects WHERE projects.id=23), 822, 822, 23, 40);
INSERT INTO orders (order_id, created_at, delivery_id, payment_id, supporting_project_id) VALUES (822, (SELECT projects.end_date - INTERVAL 22 DAY FROM projects WHERE projects.id=23), 1, 822, 822);
INSERT INTO supporting_packages(id, option_list, package_count, order_id, project_package_id, supporting_project_id) VALUES (822, '["연기 클래스"]', 8, 822, 23, 822);
INSERT INTO supporting_projects(supporting_project_id, supported_at, delivery_id, payment_id, project_id, user_id) VALUES (823, (SELECT projects.end_date - INTERVAL 35 DAY FROM projects WHERE projects.id=23), 823, 823, 23, 23);
INSERT INTO orders (order_id, created_at, delivery_id, payment_id, supporting_project_id) VALUES (823, (SELECT projects.end_date - INTERVAL 35 DAY FROM projects WHERE projects.id=23), 1, 823, 823);
INSERT INTO supporting_packages(id, option_list, package_count, order_id, project_package_id, supporting_project_id) VALUES (823, '["연기 클래스"]', 3, 823, 23, 823);
INSERT INTO supporting_projects(supporting_project_id, supported_at, delivery_id, payment_id, project_id, user_id) VALUES (824, (SELECT projects.end_date - INTERVAL 20 DAY FROM projects WHERE projects.id=23), 824, 824, 23, 19);
INSERT INTO orders (order_id, created_at, delivery_id, payment_id, supporting_project_id) VALUES (824, (SELECT projects.end_date - INTERVAL 20 DAY FROM projects WHERE projects.id=23), 1, 824, 824);
INSERT INTO supporting_packages(id, option_list, package_count, order_id, project_package_id, supporting_project_id) VALUES (824, '["촬영 현장 방문권"]', 5, 824, 23, 824);
INSERT INTO supporting_projects(supporting_project_id, supported_at, delivery_id, payment_id, project_id, user_id) VALUES (825, (SELECT projects.end_date - INTERVAL 35 DAY FROM projects WHERE projects.id=23), 825, 825, 23, 10);
INSERT INTO orders (order_id, created_at, delivery_id, payment_id, supporting_project_id) VALUES (825, (SELECT projects.end_date - INTERVAL 35 DAY FROM projects WHERE projects.id=23), 1, 825, 825);
INSERT INTO supporting_packages(id, option_list, package_count, order_id, project_package_id, supporting_project_id) VALUES (825, '["촬영 현장 방문권"]', 9, 825, 23, 825);
INSERT INTO supporting_projects(supporting_project_id, supported_at, delivery_id, payment_id, project_id, user_id) VALUES (826, (SELECT projects.end_date - INTERVAL 30 DAY FROM projects WHERE projects.id=23), 826, 826, 23, 26);
INSERT INTO orders (order_id, created_at, delivery_id, payment_id, supporting_project_id) VALUES (826, (SELECT projects.end_date - INTERVAL 30 DAY FROM projects WHERE projects.id=23), 1, 826, 826);
INSERT INTO supporting_packages(id, option_list, package_count, order_id, project_package_id, supporting_project_id) VALUES (826, '["촬영 현장 방문권"]', 8, 826, 23, 826);
INSERT INTO supporting_projects(supporting_project_id, supported_at, delivery_id, payment_id, project_id, user_id) VALUES (827, (SELECT projects.end_date - INTERVAL 43 DAY FROM projects WHERE projects.id=23), 827, 827, 23, 11);
INSERT INTO orders (order_id, created_at, delivery_id, payment_id, supporting_project_id) VALUES (827, (SELECT projects.end_date - INTERVAL 43 DAY FROM projects WHERE projects.id=23), 1, 827, 827);
INSERT INTO supporting_packages(id, option_list, package_count, order_id, project_package_id, supporting_project_id) VALUES (827, '["시나리오 작성 가이드"]', 7, 827, 23, 827);
INSERT INTO supporting_projects(supporting_project_id, supported_at, delivery_id, payment_id, project_id, user_id) VALUES (828, (SELECT projects.end_date - INTERVAL 15 DAY FROM projects WHERE projects.id=23), 828, 828, 23, 13);
INSERT INTO orders (order_id, created_at, delivery_id, payment_id, supporting_project_id) VALUES (828, (SELECT projects.end_date - INTERVAL 15 DAY FROM projects WHERE projects.id=23), 1, 828, 828);
INSERT INTO supporting_packages(id, option_list, package_count, order_id, project_package_id, supporting_project_id) VALUES (828, '["연기 클래스"]', 6, 828, 23, 828);
INSERT INTO supporting_projects(supporting_project_id, supported_at, delivery_id, payment_id, project_id, user_id) VALUES (829, (SELECT projects.end_date - INTERVAL 35 DAY FROM projects WHERE projects.id=23), 829, 829, 23, 38);
INSERT INTO orders (order_id, created_at, delivery_id, payment_id, supporting_project_id) VALUES (829, (SELECT projects.end_date - INTERVAL 35 DAY FROM projects WHERE projects.id=23), 1, 829, 829);
INSERT INTO supporting_packages(id, option_list, package_count, order_id, project_package_id, supporting_project_id) VALUES (829, '["연기 클래스"]', 5, 829, 23, 829);
INSERT INTO supporting_projects(supporting_project_id, supported_at, delivery_id, payment_id, project_id, user_id) VALUES (830, (SELECT projects.end_date - INTERVAL 46 DAY FROM projects WHERE projects.id=23), 830, 830, 23, 25);
INSERT INTO orders (order_id, created_at, delivery_id, payment_id, supporting_project_id) VALUES (830, (SELECT projects.end_date - INTERVAL 46 DAY FROM projects WHERE projects.id=23), 1, 830, 830);
INSERT INTO supporting_packages(id, option_list, package_count, order_id, project_package_id, supporting_project_id) VALUES (830, '["촬영 현장 방문권"]', 2, 830, 23, 830);
INSERT INTO supporting_projects(supporting_project_id, supported_at, delivery_id, payment_id, project_id, user_id) VALUES (831, (SELECT projects.end_date - INTERVAL 8 DAY FROM projects WHERE projects.id=23), 831, 831, 23, 31);
INSERT INTO orders (order_id, created_at, delivery_id, payment_id, supporting_project_id) VALUES (831, (SELECT projects.end_date - INTERVAL 8 DAY FROM projects WHERE projects.id=23), 1, 831, 831);
INSERT INTO supporting_packages(id, option_list, package_count, order_id, project_package_id, supporting_project_id) VALUES (831, '["시나리오 작성 가이드"]', 1, 831, 23, 831);
INSERT INTO supporting_projects(supporting_project_id, supported_at, delivery_id, payment_id, project_id, user_id) VALUES (832, (SELECT projects.end_date - INTERVAL 47 DAY FROM projects WHERE projects.id=23), 832, 832, 23, 40);
INSERT INTO orders (order_id, created_at, delivery_id, payment_id, supporting_project_id) VALUES (832, (SELECT projects.end_date - INTERVAL 47 DAY FROM projects WHERE projects.id=23), 1, 832, 832);
INSERT INTO supporting_packages(id, option_list, package_count, order_id, project_package_id, supporting_project_id) VALUES (832, '["시나리오 작성 가이드"]', 2, 832, 23, 832);
INSERT INTO supporting_projects(supporting_project_id, supported_at, delivery_id, payment_id, project_id, user_id) VALUES (833, (SELECT projects.end_date - INTERVAL 35 DAY FROM projects WHERE projects.id=23), 833, 833, 23, 27);
INSERT INTO orders (order_id, created_at, delivery_id, payment_id, supporting_project_id) VALUES (833, (SELECT projects.end_date - INTERVAL 35 DAY FROM projects WHERE projects.id=23), 1, 833, 833);
INSERT INTO supporting_packages(id, option_list, package_count, order_id, project_package_id, supporting_project_id) VALUES (833, '["촬영 현장 방문권"]', 4, 833, 23, 833);
INSERT INTO supporting_projects(supporting_project_id, supported_at, delivery_id, payment_id, project_id, user_id) VALUES (834, (SELECT projects.end_date - INTERVAL 34 DAY FROM projects WHERE projects.id=23), 834, 834, 23, 26);
INSERT INTO orders (order_id, created_at, delivery_id, payment_id, supporting_project_id) VALUES (834, (SELECT projects.end_date - INTERVAL 34 DAY FROM projects WHERE projects.id=23), 1, 834, 834);
INSERT INTO supporting_packages(id, option_list, package_count, order_id, project_package_id, supporting_project_id) VALUES (834, '["촬영 현장 방문권"]', 9, 834, 23, 834);
INSERT INTO supporting_projects(supporting_project_id, supported_at, delivery_id, payment_id, project_id, user_id) VALUES (835, (SELECT projects.end_date - INTERVAL 10 DAY FROM projects WHERE projects.id=23), 835, 835, 23, 9);
INSERT INTO orders (order_id, created_at, delivery_id, payment_id, supporting_project_id) VALUES (835, (SELECT projects.end_date - INTERVAL 10 DAY FROM projects WHERE projects.id=23), 1, 835, 835);
INSERT INTO supporting_packages(id, option_list, package_count, order_id, project_package_id, supporting_project_id) VALUES (835, '["연기 클래스"]', 3, 835, 23, 835);
INSERT INTO supporting_projects(supporting_project_id, supported_at, delivery_id, payment_id, project_id, user_id) VALUES (836, (SELECT projects.end_date - INTERVAL 35 DAY FROM projects WHERE projects.id=23), 836, 836, 23, 36);
INSERT INTO orders (order_id, created_at, delivery_id, payment_id, supporting_project_id) VALUES (836, (SELECT projects.end_date - INTERVAL 35 DAY FROM projects WHERE projects.id=23), 1, 836, 836);
INSERT INTO supporting_packages(id, option_list, package_count, order_id, project_package_id, supporting_project_id) VALUES (836, '["촬영 현장 방문권"]', 7, 836, 23, 836);
INSERT INTO supporting_projects(supporting_project_id, supported_at, delivery_id, payment_id, project_id, user_id) VALUES (837, (SELECT projects.end_date - INTERVAL 48 DAY FROM projects WHERE projects.id=23), 837, 837, 23, 34);
INSERT INTO orders (order_id, created_at, delivery_id, payment_id, supporting_project_id) VALUES (837, (SELECT projects.end_date - INTERVAL 48 DAY FROM projects WHERE projects.id=23), 1, 837, 837);
INSERT INTO supporting_packages(id, option_list, package_count, order_id, project_package_id, supporting_project_id) VALUES (837, '["연기 클래스"]', 10, 837, 23, 837);
INSERT INTO supporting_projects(supporting_project_id, supported_at, delivery_id, payment_id, project_id, user_id) VALUES (838, (SELECT projects.end_date - INTERVAL 28 DAY FROM projects WHERE projects.id=23), 838, 838, 23, 4);
INSERT INTO orders (order_id, created_at, delivery_id, payment_id, supporting_project_id) VALUES (838, (SELECT projects.end_date - INTERVAL 28 DAY FROM projects WHERE projects.id=23), 1, 838, 838);
INSERT INTO supporting_packages(id, option_list, package_count, order_id, project_package_id, supporting_project_id) VALUES (838, '["촬영 현장 방문권"]', 10, 838, 23, 838);
INSERT INTO supporting_projects(supporting_project_id, supported_at, delivery_id, payment_id, project_id, user_id) VALUES (839, (SELECT projects.end_date - INTERVAL 14 DAY FROM projects WHERE projects.id=23), 839, 839, 23, 18);
INSERT INTO orders (order_id, created_at, delivery_id, payment_id, supporting_project_id) VALUES (839, (SELECT projects.end_date - INTERVAL 14 DAY FROM projects WHERE projects.id=23), 1, 839, 839);
INSERT INTO supporting_packages(id, option_list, package_count, order_id, project_package_id, supporting_project_id) VALUES (839, '["시나리오 작성 가이드"]', 1, 839, 23, 839);
INSERT INTO supporting_projects(supporting_project_id, supported_at, delivery_id, payment_id, project_id, user_id) VALUES (840, (SELECT projects.end_date - INTERVAL 33 DAY FROM projects WHERE projects.id=23), 840, 840, 23, 24);
INSERT INTO orders (order_id, created_at, delivery_id, payment_id, supporting_project_id) VALUES (840, (SELECT projects.end_date - INTERVAL 33 DAY FROM projects WHERE projects.id=23), 1, 840, 840);
INSERT INTO supporting_packages(id, option_list, package_count, order_id, project_package_id, supporting_project_id) VALUES (840, '["연기 클래스"]', 9, 840, 23, 840);
INSERT INTO supporting_projects(supporting_project_id, supported_at, delivery_id, payment_id, project_id, user_id) VALUES (841, (SELECT projects.end_date - INTERVAL 34 DAY FROM projects WHERE projects.id=23), 841, 841, 23, 13);
INSERT INTO orders (order_id, created_at, delivery_id, payment_id, supporting_project_id) VALUES (841, (SELECT projects.end_date - INTERVAL 34 DAY FROM projects WHERE projects.id=23), 1, 841, 841);
INSERT INTO supporting_packages(id, option_list, package_count, order_id, project_package_id, supporting_project_id) VALUES (841, '["연기 클래스"]', 4, 841, 23, 841);
INSERT INTO supporting_projects(supporting_project_id, supported_at, delivery_id, payment_id, project_id, user_id) VALUES (842, (SELECT projects.end_date - INTERVAL 8 DAY FROM projects WHERE projects.id=23), 842, 842, 23, 21);
INSERT INTO orders (order_id, created_at, delivery_id, payment_id, supporting_project_id) VALUES (842, (SELECT projects.end_date - INTERVAL 8 DAY FROM projects WHERE projects.id=23), 1, 842, 842);
INSERT INTO supporting_packages(id, option_list, package_count, order_id, project_package_id, supporting_project_id) VALUES (842, '["촬영 현장 방문권"]', 9, 842, 23, 842);
INSERT INTO supporting_projects(supporting_project_id, supported_at, delivery_id, payment_id, project_id, user_id) VALUES (843, (SELECT projects.end_date - INTERVAL 28 DAY FROM projects WHERE projects.id=23), 843, 843, 23, 8);
INSERT INTO orders (order_id, created_at, delivery_id, payment_id, supporting_project_id) VALUES (843, (SELECT projects.end_date - INTERVAL 28 DAY FROM projects WHERE projects.id=23), 1, 843, 843);
INSERT INTO supporting_packages(id, option_list, package_count, order_id, project_package_id, supporting_project_id) VALUES (843, '["연기 클래스"]', 7, 843, 23, 843);
INSERT INTO supporting_projects(supporting_project_id, supported_at, delivery_id, payment_id, project_id, user_id) VALUES (844, (SELECT projects.end_date - INTERVAL 18 DAY FROM projects WHERE projects.id=23), 844, 844, 23, 11);
INSERT INTO orders (order_id, created_at, delivery_id, payment_id, supporting_project_id) VALUES (844, (SELECT projects.end_date - INTERVAL 18 DAY FROM projects WHERE projects.id=23), 1, 844, 844);
INSERT INTO supporting_packages(id, option_list, package_count, order_id, project_package_id, supporting_project_id) VALUES (844, '["촬영 현장 방문권"]', 9, 844, 23, 844);
INSERT INTO supporting_projects(supporting_project_id, supported_at, delivery_id, payment_id, project_id, user_id) VALUES (845, (SELECT projects.end_date - INTERVAL 49 DAY FROM projects WHERE projects.id=23), 845, 845, 23, 14);
INSERT INTO orders (order_id, created_at, delivery_id, payment_id, supporting_project_id) VALUES (845, (SELECT projects.end_date - INTERVAL 49 DAY FROM projects WHERE projects.id=23), 1, 845, 845);
INSERT INTO supporting_packages(id, option_list, package_count, order_id, project_package_id, supporting_project_id) VALUES (845, '["연기 클래스"]', 10, 845, 23, 845);
INSERT INTO supporting_projects(supporting_project_id, supported_at, delivery_id, payment_id, project_id, user_id) VALUES (846, (SELECT projects.end_date - INTERVAL 47 DAY FROM projects WHERE projects.id=23), 846, 846, 23, 6);
INSERT INTO orders (order_id, created_at, delivery_id, payment_id, supporting_project_id) VALUES (846, (SELECT projects.end_date - INTERVAL 47 DAY FROM projects WHERE projects.id=23), 1, 846, 846);
INSERT INTO supporting_packages(id, option_list, package_count, order_id, project_package_id, supporting_project_id) VALUES (846, '["시나리오 작성 가이드"]', 8, 846, 23, 846);
INSERT INTO supporting_projects(supporting_project_id, supported_at, delivery_id, payment_id, project_id, user_id) VALUES (847, (SELECT projects.end_date - INTERVAL 7 DAY FROM projects WHERE projects.id=23), 847, 847, 23, 17);
INSERT INTO orders (order_id, created_at, delivery_id, payment_id, supporting_project_id) VALUES (847, (SELECT projects.end_date - INTERVAL 7 DAY FROM projects WHERE projects.id=23), 1, 847, 847);
INSERT INTO supporting_packages(id, option_list, package_count, order_id, project_package_id, supporting_project_id) VALUES (847, '["연기 클래스"]', 10, 847, 23, 847);
INSERT INTO supporting_projects(supporting_project_id, supported_at, delivery_id, payment_id, project_id, user_id) VALUES (848, (SELECT projects.end_date - INTERVAL 28 DAY FROM projects WHERE projects.id=23), 848, 848, 23, 11);
INSERT INTO orders (order_id, created_at, delivery_id, payment_id, supporting_project_id) VALUES (848, (SELECT projects.end_date - INTERVAL 28 DAY FROM projects WHERE projects.id=23), 1, 848, 848);
INSERT INTO supporting_packages(id, option_list, package_count, order_id, project_package_id, supporting_project_id) VALUES (848, '["촬영 현장 방문권"]', 8, 848, 23, 848);
INSERT INTO supporting_projects(supporting_project_id, supported_at, delivery_id, payment_id, project_id, user_id) VALUES (849, (SELECT projects.end_date - INTERVAL 12 DAY FROM projects WHERE projects.id=23), 849, 849, 23, 32);
INSERT INTO orders (order_id, created_at, delivery_id, payment_id, supporting_project_id) VALUES (849, (SELECT projects.end_date - INTERVAL 12 DAY FROM projects WHERE projects.id=23), 1, 849, 849);
INSERT INTO supporting_packages(id, option_list, package_count, order_id, project_package_id, supporting_project_id) VALUES (849, '["연기 클래스"]', 4, 849, 23, 849);
INSERT INTO supporting_projects(supporting_project_id, supported_at, delivery_id, payment_id, project_id, user_id) VALUES (850, (SELECT projects.end_date - INTERVAL 33 DAY FROM projects WHERE projects.id=23), 850, 850, 23, 24);
INSERT INTO orders (order_id, created_at, delivery_id, payment_id, supporting_project_id) VALUES (850, (SELECT projects.end_date - INTERVAL 33 DAY FROM projects WHERE projects.id=23), 1, 850, 850);
INSERT INTO supporting_packages(id, option_list, package_count, order_id, project_package_id, supporting_project_id) VALUES (850, '["연기 클래스"]', 6, 850, 23, 850);
INSERT INTO supporting_projects(supporting_project_id, supported_at, delivery_id, payment_id, project_id, user_id) VALUES (851, (SELECT projects.end_date - INTERVAL 38 DAY FROM projects WHERE projects.id=23), 851, 851, 23, 16);
INSERT INTO orders (order_id, created_at, delivery_id, payment_id, supporting_project_id) VALUES (851, (SELECT projects.end_date - INTERVAL 38 DAY FROM projects WHERE projects.id=23), 1, 851, 851);
INSERT INTO supporting_packages(id, option_list, package_count, order_id, project_package_id, supporting_project_id) VALUES (851, '["촬영 현장 방문권"]', 2, 851, 23, 851);
INSERT INTO supporting_projects(supporting_project_id, supported_at, delivery_id, payment_id, project_id, user_id) VALUES (852, (SELECT projects.end_date - INTERVAL 22 DAY FROM projects WHERE projects.id=23), 852, 852, 23, 19);
INSERT INTO orders (order_id, created_at, delivery_id, payment_id, supporting_project_id) VALUES (852, (SELECT projects.end_date - INTERVAL 22 DAY FROM projects WHERE projects.id=23), 1, 852, 852);
INSERT INTO supporting_packages(id, option_list, package_count, order_id, project_package_id, supporting_project_id) VALUES (852, '["촬영 현장 방문권"]', 2, 852, 23, 852);
INSERT INTO supporting_projects(supporting_project_id, supported_at, delivery_id, payment_id, project_id, user_id) VALUES (853, (SELECT projects.end_date - INTERVAL 40 DAY FROM projects WHERE projects.id=23), 853, 853, 23, 23);
INSERT INTO orders (order_id, created_at, delivery_id, payment_id, supporting_project_id) VALUES (853, (SELECT projects.end_date - INTERVAL 40 DAY FROM projects WHERE projects.id=23), 1, 853, 853);
INSERT INTO supporting_packages(id, option_list, package_count, order_id, project_package_id, supporting_project_id) VALUES (853, '["시나리오 작성 가이드"]', 6, 853, 23, 853);
INSERT INTO supporting_projects(supporting_project_id, supported_at, delivery_id, payment_id, project_id, user_id) VALUES (854, (SELECT projects.end_date - INTERVAL 8 DAY FROM projects WHERE projects.id=23), 854, 854, 23, 12);
INSERT INTO orders (order_id, created_at, delivery_id, payment_id, supporting_project_id) VALUES (854, (SELECT projects.end_date - INTERVAL 8 DAY FROM projects WHERE projects.id=23), 1, 854, 854);
INSERT INTO supporting_packages(id, option_list, package_count, order_id, project_package_id, supporting_project_id) VALUES (854, '["연기 클래스"]', 1, 854, 23, 854);
INSERT INTO supporting_projects(supporting_project_id, supported_at, delivery_id, payment_id, project_id, user_id) VALUES (855, (SELECT projects.end_date - INTERVAL 8 DAY FROM projects WHERE projects.id=23), 855, 855, 23, 6);
INSERT INTO orders (order_id, created_at, delivery_id, payment_id, supporting_project_id) VALUES (855, (SELECT projects.end_date - INTERVAL 8 DAY FROM projects WHERE projects.id=23), 1, 855, 855);
INSERT INTO supporting_packages(id, option_list, package_count, order_id, project_package_id, supporting_project_id) VALUES (855, '["촬영 현장 방문권"]', 9, 855, 23, 855);
INSERT INTO supporting_projects(supporting_project_id, supported_at, delivery_id, payment_id, project_id, user_id) VALUES (856, (SELECT projects.end_date - INTERVAL 24 DAY FROM projects WHERE projects.id=23), 856, 856, 23, 28);
INSERT INTO orders (order_id, created_at, delivery_id, payment_id, supporting_project_id) VALUES (856, (SELECT projects.end_date - INTERVAL 24 DAY FROM projects WHERE projects.id=23), 1, 856, 856);
INSERT INTO supporting_packages(id, option_list, package_count, order_id, project_package_id, supporting_project_id) VALUES (856, '["촬영 현장 방문권"]', 3, 856, 23, 856);
INSERT INTO supporting_projects(supporting_project_id, supported_at, delivery_id, payment_id, project_id, user_id) VALUES (857, (SELECT projects.end_date - INTERVAL 40 DAY FROM projects WHERE projects.id=23), 857, 857, 23, 7);
INSERT INTO orders (order_id, created_at, delivery_id, payment_id, supporting_project_id) VALUES (857, (SELECT projects.end_date - INTERVAL 40 DAY FROM projects WHERE projects.id=23), 1, 857, 857);
INSERT INTO supporting_packages(id, option_list, package_count, order_id, project_package_id, supporting_project_id) VALUES (857, '["촬영 현장 방문권"]', 1, 857, 23, 857);
INSERT INTO supporting_projects(supporting_project_id, supported_at, delivery_id, payment_id, project_id, user_id) VALUES (858, (SELECT projects.end_date - INTERVAL 47 DAY FROM projects WHERE projects.id=23), 858, 858, 23, 15);
INSERT INTO orders (order_id, created_at, delivery_id, payment_id, supporting_project_id) VALUES (858, (SELECT projects.end_date - INTERVAL 47 DAY FROM projects WHERE projects.id=23), 1, 858, 858);
INSERT INTO supporting_packages(id, option_list, package_count, order_id, project_package_id, supporting_project_id) VALUES (858, '["연기 클래스"]', 10, 858, 23, 858);
INSERT INTO supporting_projects(supporting_project_id, supported_at, delivery_id, payment_id, project_id, user_id) VALUES (859, (SELECT projects.end_date - INTERVAL 28 DAY FROM projects WHERE projects.id=23), 859, 859, 23, 13);
INSERT INTO orders (order_id, created_at, delivery_id, payment_id, supporting_project_id) VALUES (859, (SELECT projects.end_date - INTERVAL 28 DAY FROM projects WHERE projects.id=23), 1, 859, 859);
INSERT INTO supporting_packages(id, option_list, package_count, order_id, project_package_id, supporting_project_id) VALUES (859, '["연기 클래스"]', 6, 859, 23, 859);
INSERT INTO supporting_projects(supporting_project_id, supported_at, delivery_id, payment_id, project_id, user_id) VALUES (860, (SELECT projects.end_date - INTERVAL 26 DAY FROM projects WHERE projects.id=23), 860, 860, 23, 9);
INSERT INTO orders (order_id, created_at, delivery_id, payment_id, supporting_project_id) VALUES (860, (SELECT projects.end_date - INTERVAL 26 DAY FROM projects WHERE projects.id=23), 1, 860, 860);
INSERT INTO supporting_packages(id, option_list, package_count, order_id, project_package_id, supporting_project_id) VALUES (860, '["시나리오 작성 가이드"]', 2, 860, 23, 860);
INSERT INTO supporting_projects(supporting_project_id, supported_at, delivery_id, payment_id, project_id, user_id) VALUES (861, (SELECT projects.end_date - INTERVAL 46 DAY FROM projects WHERE projects.id=23), 861, 861, 23, 10);
INSERT INTO orders (order_id, created_at, delivery_id, payment_id, supporting_project_id) VALUES (861, (SELECT projects.end_date - INTERVAL 46 DAY FROM projects WHERE projects.id=23), 1, 861, 861);
INSERT INTO supporting_packages(id, option_list, package_count, order_id, project_package_id, supporting_project_id) VALUES (861, '["연기 클래스"]', 10, 861, 23, 861);
INSERT INTO supporting_projects(supporting_project_id, supported_at, delivery_id, payment_id, project_id, user_id) VALUES (862, (SELECT projects.end_date - INTERVAL 29 DAY FROM projects WHERE projects.id=23), 862, 862, 23, 11);
INSERT INTO orders (order_id, created_at, delivery_id, payment_id, supporting_project_id) VALUES (862, (SELECT projects.end_date - INTERVAL 29 DAY FROM projects WHERE projects.id=23), 1, 862, 862);
INSERT INTO supporting_packages(id, option_list, package_count, order_id, project_package_id, supporting_project_id) VALUES (862, '["연기 클래스"]', 4, 862, 23, 862);
INSERT INTO supporting_projects(supporting_project_id, supported_at, delivery_id, payment_id, project_id, user_id) VALUES (863, (SELECT projects.end_date - INTERVAL 19 DAY FROM projects WHERE projects.id=23), 863, 863, 23, 13);
INSERT INTO orders (order_id, created_at, delivery_id, payment_id, supporting_project_id) VALUES (863, (SELECT projects.end_date - INTERVAL 19 DAY FROM projects WHERE projects.id=23), 1, 863, 863);
INSERT INTO supporting_packages(id, option_list, package_count, order_id, project_package_id, supporting_project_id) VALUES (863, '["시나리오 작성 가이드"]', 5, 863, 23, 863);
INSERT INTO supporting_projects(supporting_project_id, supported_at, delivery_id, payment_id, project_id, user_id) VALUES (864, (SELECT projects.end_date - INTERVAL 30 DAY FROM projects WHERE projects.id=23), 864, 864, 23, 20);
INSERT INTO orders (order_id, created_at, delivery_id, payment_id, supporting_project_id) VALUES (864, (SELECT projects.end_date - INTERVAL 30 DAY FROM projects WHERE projects.id=23), 1, 864, 864);
INSERT INTO supporting_packages(id, option_list, package_count, order_id, project_package_id, supporting_project_id) VALUES (864, '["시나리오 작성 가이드"]', 2, 864, 23, 864);
INSERT INTO supporting_projects(supporting_project_id, supported_at, delivery_id, payment_id, project_id, user_id) VALUES (865, (SELECT projects.end_date - INTERVAL 23 DAY FROM projects WHERE projects.id=23), 865, 865, 23, 38);
INSERT INTO orders (order_id, created_at, delivery_id, payment_id, supporting_project_id) VALUES (865, (SELECT projects.end_date - INTERVAL 23 DAY FROM projects WHERE projects.id=23), 1, 865, 865);
INSERT INTO supporting_packages(id, option_list, package_count, order_id, project_package_id, supporting_project_id) VALUES (865, '["연기 클래스"]', 8, 865, 23, 865);
INSERT INTO supporting_projects(supporting_project_id, supported_at, delivery_id, payment_id, project_id, user_id) VALUES (866, (SELECT projects.end_date - INTERVAL 25 DAY FROM projects WHERE projects.id=23), 866, 866, 23, 36);
INSERT INTO orders (order_id, created_at, delivery_id, payment_id, supporting_project_id) VALUES (866, (SELECT projects.end_date - INTERVAL 25 DAY FROM projects WHERE projects.id=23), 1, 866, 866);
INSERT INTO supporting_packages(id, option_list, package_count, order_id, project_package_id, supporting_project_id) VALUES (866, '["연기 클래스"]', 10, 866, 23, 866);
INSERT INTO supporting_projects(supporting_project_id, supported_at, delivery_id, payment_id, project_id, user_id) VALUES (867, (SELECT projects.end_date - INTERVAL 15 DAY FROM projects WHERE projects.id=23), 867, 867, 23, 5);
INSERT INTO orders (order_id, created_at, delivery_id, payment_id, supporting_project_id) VALUES (867, (SELECT projects.end_date - INTERVAL 15 DAY FROM projects WHERE projects.id=23), 1, 867, 867);
INSERT INTO supporting_packages(id, option_list, package_count, order_id, project_package_id, supporting_project_id) VALUES (867, '["촬영 현장 방문권"]', 9, 867, 23, 867);
INSERT INTO supporting_projects(supporting_project_id, supported_at, delivery_id, payment_id, project_id, user_id) VALUES (868, (SELECT projects.end_date - INTERVAL 36 DAY FROM projects WHERE projects.id=23), 868, 868, 23, 35);
INSERT INTO orders (order_id, created_at, delivery_id, payment_id, supporting_project_id) VALUES (868, (SELECT projects.end_date - INTERVAL 36 DAY FROM projects WHERE projects.id=23), 1, 868, 868);
INSERT INTO supporting_packages(id, option_list, package_count, order_id, project_package_id, supporting_project_id) VALUES (868, '["촬영 현장 방문권"]', 9, 868, 23, 868);
INSERT INTO supporting_projects(supporting_project_id, supported_at, delivery_id, payment_id, project_id, user_id) VALUES (869, (SELECT projects.end_date - INTERVAL 38 DAY FROM projects WHERE projects.id=23), 869, 869, 23, 15);
INSERT INTO orders (order_id, created_at, delivery_id, payment_id, supporting_project_id) VALUES (869, (SELECT projects.end_date - INTERVAL 38 DAY FROM projects WHERE projects.id=23), 1, 869, 869);
INSERT INTO supporting_packages(id, option_list, package_count, order_id, project_package_id, supporting_project_id) VALUES (869, '["시나리오 작성 가이드"]', 7, 869, 23, 869);
INSERT INTO supporting_projects(supporting_project_id, supported_at, delivery_id, payment_id, project_id, user_id) VALUES (870, (SELECT projects.end_date - INTERVAL 28 DAY FROM projects WHERE projects.id=23), 870, 870, 23, 35);
INSERT INTO orders (order_id, created_at, delivery_id, payment_id, supporting_project_id) VALUES (870, (SELECT projects.end_date - INTERVAL 28 DAY FROM projects WHERE projects.id=23), 1, 870, 870);
INSERT INTO supporting_packages(id, option_list, package_count, order_id, project_package_id, supporting_project_id) VALUES (870, '["촬영 현장 방문권"]', 8, 870, 23, 870);
INSERT INTO supporting_projects(supporting_project_id, supported_at, delivery_id, payment_id, project_id, user_id) VALUES (871, (SELECT projects.end_date - INTERVAL 7 DAY FROM projects WHERE projects.id=23), 871, 871, 23, 15);
INSERT INTO orders (order_id, created_at, delivery_id, payment_id, supporting_project_id) VALUES (871, (SELECT projects.end_date - INTERVAL 7 DAY FROM projects WHERE projects.id=23), 1, 871, 871);
INSERT INTO supporting_packages(id, option_list, package_count, order_id, project_package_id, supporting_project_id) VALUES (871, '["촬영 현장 방문권"]', 7, 871, 23, 871);
INSERT INTO supporting_projects(supporting_project_id, supported_at, delivery_id, payment_id, project_id, user_id) VALUES (872, (SELECT projects.end_date - INTERVAL 28 DAY FROM projects WHERE projects.id=23), 872, 872, 23, 12);
INSERT INTO orders (order_id, created_at, delivery_id, payment_id, supporting_project_id) VALUES (872, (SELECT projects.end_date - INTERVAL 28 DAY FROM projects WHERE projects.id=23), 1, 872, 872);
INSERT INTO supporting_packages(id, option_list, package_count, order_id, project_package_id, supporting_project_id) VALUES (872, '["시나리오 작성 가이드"]', 6, 872, 23, 872);
INSERT INTO supporting_projects(supporting_project_id, supported_at, delivery_id, payment_id, project_id, user_id) VALUES (873, (SELECT projects.end_date - INTERVAL 23 DAY FROM projects WHERE projects.id=23), 873, 873, 23, 31);
INSERT INTO orders (order_id, created_at, delivery_id, payment_id, supporting_project_id) VALUES (873, (SELECT projects.end_date - INTERVAL 23 DAY FROM projects WHERE projects.id=23), 1, 873, 873);
INSERT INTO supporting_packages(id, option_list, package_count, order_id, project_package_id, supporting_project_id) VALUES (873, '["시나리오 작성 가이드"]', 9, 873, 23, 873);
INSERT INTO supporting_projects(supporting_project_id, supported_at, delivery_id, payment_id, project_id, user_id) VALUES (874, (SELECT projects.end_date - INTERVAL 49 DAY FROM projects WHERE projects.id=23), 874, 874, 23, 22);
INSERT INTO orders (order_id, created_at, delivery_id, payment_id, supporting_project_id) VALUES (874, (SELECT projects.end_date - INTERVAL 49 DAY FROM projects WHERE projects.id=23), 1, 874, 874);
INSERT INTO supporting_packages(id, option_list, package_count, order_id, project_package_id, supporting_project_id) VALUES (874, '["시나리오 작성 가이드"]', 7, 874, 23, 874);
INSERT INTO supporting_projects(supporting_project_id, supported_at, delivery_id, payment_id, project_id, user_id) VALUES (875, (SELECT projects.end_date - INTERVAL 14 DAY FROM projects WHERE projects.id=23), 875, 875, 23, 9);
INSERT INTO orders (order_id, created_at, delivery_id, payment_id, supporting_project_id) VALUES (875, (SELECT projects.end_date - INTERVAL 14 DAY FROM projects WHERE projects.id=23), 1, 875, 875);
INSERT INTO supporting_packages(id, option_list, package_count, order_id, project_package_id, supporting_project_id) VALUES (875, '["촬영 현장 방문권"]', 3, 875, 23, 875);
INSERT INTO supporting_projects(supporting_project_id, supported_at, delivery_id, payment_id, project_id, user_id) VALUES (876, (SELECT projects.end_date - INTERVAL 31 DAY FROM projects WHERE projects.id=23), 876, 876, 23, 5);
INSERT INTO orders (order_id, created_at, delivery_id, payment_id, supporting_project_id) VALUES (876, (SELECT projects.end_date - INTERVAL 31 DAY FROM projects WHERE projects.id=23), 1, 876, 876);
INSERT INTO supporting_packages(id, option_list, package_count, order_id, project_package_id, supporting_project_id) VALUES (876, '["시나리오 작성 가이드"]', 5, 876, 23, 876);
INSERT INTO supporting_projects(supporting_project_id, supported_at, delivery_id, payment_id, project_id, user_id) VALUES (877, (SELECT projects.end_date - INTERVAL 35 DAY FROM projects WHERE projects.id=23), 877, 877, 23, 36);
INSERT INTO orders (order_id, created_at, delivery_id, payment_id, supporting_project_id) VALUES (877, (SELECT projects.end_date - INTERVAL 35 DAY FROM projects WHERE projects.id=23), 1, 877, 877);
INSERT INTO supporting_packages(id, option_list, package_count, order_id, project_package_id, supporting_project_id) VALUES (877, '["연기 클래스"]', 5, 877, 23, 877);
INSERT INTO supporting_projects(supporting_project_id, supported_at, delivery_id, payment_id, project_id, user_id) VALUES (878, (SELECT projects.end_date - INTERVAL 50 DAY FROM projects WHERE projects.id=23), 878, 878, 23, 21);
INSERT INTO orders (order_id, created_at, delivery_id, payment_id, supporting_project_id) VALUES (878, (SELECT projects.end_date - INTERVAL 50 DAY FROM projects WHERE projects.id=23), 1, 878, 878);
INSERT INTO supporting_packages(id, option_list, package_count, order_id, project_package_id, supporting_project_id) VALUES (878, '["시나리오 작성 가이드"]', 3, 878, 23, 878);
INSERT INTO supporting_projects(supporting_project_id, supported_at, delivery_id, payment_id, project_id, user_id) VALUES (879, (SELECT projects.end_date - INTERVAL 15 DAY FROM projects WHERE projects.id=23), 879, 879, 23, 28);
INSERT INTO orders (order_id, created_at, delivery_id, payment_id, supporting_project_id) VALUES (879, (SELECT projects.end_date - INTERVAL 15 DAY FROM projects WHERE projects.id=23), 1, 879, 879);
INSERT INTO supporting_packages(id, option_list, package_count, order_id, project_package_id, supporting_project_id) VALUES (879, '["시나리오 작성 가이드"]', 4, 879, 23, 879);
INSERT INTO supporting_projects(supporting_project_id, supported_at, delivery_id, payment_id, project_id, user_id) VALUES (880, (SELECT projects.end_date - INTERVAL 20 DAY FROM projects WHERE projects.id=23), 880, 880, 23, 21);
INSERT INTO orders (order_id, created_at, delivery_id, payment_id, supporting_project_id) VALUES (880, (SELECT projects.end_date - INTERVAL 20 DAY FROM projects WHERE projects.id=23), 1, 880, 880);
INSERT INTO supporting_packages(id, option_list, package_count, order_id, project_package_id, supporting_project_id) VALUES (880, '["시나리오 작성 가이드"]', 8, 880, 23, 880);
INSERT INTO supporting_projects(supporting_project_id, supported_at, delivery_id, payment_id, project_id, user_id) VALUES (881, (SELECT projects.end_date - INTERVAL 16 DAY FROM projects WHERE projects.id=23), 881, 881, 23, 36);
INSERT INTO orders (order_id, created_at, delivery_id, payment_id, supporting_project_id) VALUES (881, (SELECT projects.end_date - INTERVAL 16 DAY FROM projects WHERE projects.id=23), 1, 881, 881);
INSERT INTO supporting_packages(id, option_list, package_count, order_id, project_package_id, supporting_project_id) VALUES (881, '["촬영 현장 방문권"]', 8, 881, 23, 881);
INSERT INTO supporting_projects(supporting_project_id, supported_at, delivery_id, payment_id, project_id, user_id) VALUES (882, (SELECT projects.end_date - INTERVAL 39 DAY FROM projects WHERE projects.id=23), 882, 882, 23, 14);
INSERT INTO orders (order_id, created_at, delivery_id, payment_id, supporting_project_id) VALUES (882, (SELECT projects.end_date - INTERVAL 39 DAY FROM projects WHERE projects.id=23), 1, 882, 882);
INSERT INTO supporting_packages(id, option_list, package_count, order_id, project_package_id, supporting_project_id) VALUES (882, '["연기 클래스"]', 2, 882, 23, 882);
INSERT INTO supporting_projects(supporting_project_id, supported_at, delivery_id, payment_id, project_id, user_id) VALUES (883, (SELECT projects.end_date - INTERVAL 14 DAY FROM projects WHERE projects.id=23), 883, 883, 23, 17);
INSERT INTO orders (order_id, created_at, delivery_id, payment_id, supporting_project_id) VALUES (883, (SELECT projects.end_date - INTERVAL 14 DAY FROM projects WHERE projects.id=23), 1, 883, 883);
INSERT INTO supporting_packages(id, option_list, package_count, order_id, project_package_id, supporting_project_id) VALUES (883, '["시나리오 작성 가이드"]', 1, 883, 23, 883);
INSERT INTO supporting_projects(supporting_project_id, supported_at, delivery_id, payment_id, project_id, user_id) VALUES (884, (SELECT projects.end_date - INTERVAL 37 DAY FROM projects WHERE projects.id=23), 884, 884, 23, 1);
INSERT INTO orders (order_id, created_at, delivery_id, payment_id, supporting_project_id) VALUES (884, (SELECT projects.end_date - INTERVAL 37 DAY FROM projects WHERE projects.id=23), 1, 884, 884);
INSERT INTO supporting_packages(id, option_list, package_count, order_id, project_package_id, supporting_project_id) VALUES (884, '["촬영 현장 방문권"]', 2, 884, 23, 884);
INSERT INTO supporting_projects(supporting_project_id, supported_at, delivery_id, payment_id, project_id, user_id) VALUES (885, (SELECT projects.end_date - INTERVAL 45 DAY FROM projects WHERE projects.id=23), 885, 885, 23, 39);
INSERT INTO orders (order_id, created_at, delivery_id, payment_id, supporting_project_id) VALUES (885, (SELECT projects.end_date - INTERVAL 45 DAY FROM projects WHERE projects.id=23), 1, 885, 885);
INSERT INTO supporting_packages(id, option_list, package_count, order_id, project_package_id, supporting_project_id) VALUES (885, '["시나리오 작성 가이드"]', 3, 885, 23, 885);
INSERT INTO supporting_projects(supporting_project_id, supported_at, delivery_id, payment_id, project_id, user_id) VALUES (886, (SELECT projects.end_date - INTERVAL 44 DAY FROM projects WHERE projects.id=23), 886, 886, 23, 7);
INSERT INTO orders (order_id, created_at, delivery_id, payment_id, supporting_project_id) VALUES (886, (SELECT projects.end_date - INTERVAL 44 DAY FROM projects WHERE projects.id=23), 1, 886, 886);
INSERT INTO supporting_packages(id, option_list, package_count, order_id, project_package_id, supporting_project_id) VALUES (886, '["연기 클래스"]', 10, 886, 23, 886);
INSERT INTO supporting_projects(supporting_project_id, supported_at, delivery_id, payment_id, project_id, user_id) VALUES (887, (SELECT projects.end_date - INTERVAL 46 DAY FROM projects WHERE projects.id=23), 887, 887, 23, 34);
INSERT INTO orders (order_id, created_at, delivery_id, payment_id, supporting_project_id) VALUES (887, (SELECT projects.end_date - INTERVAL 46 DAY FROM projects WHERE projects.id=23), 1, 887, 887);
INSERT INTO supporting_packages(id, option_list, package_count, order_id, project_package_id, supporting_project_id) VALUES (887, '["촬영 현장 방문권"]', 2, 887, 23, 887);
INSERT INTO supporting_projects(supporting_project_id, supported_at, delivery_id, payment_id, project_id, user_id) VALUES (888, (SELECT projects.end_date - INTERVAL 9 DAY FROM projects WHERE projects.id=23), 888, 888, 23, 6);
INSERT INTO orders (order_id, created_at, delivery_id, payment_id, supporting_project_id) VALUES (888, (SELECT projects.end_date - INTERVAL 9 DAY FROM projects WHERE projects.id=23), 1, 888, 888);
INSERT INTO supporting_packages(id, option_list, package_count, order_id, project_package_id, supporting_project_id) VALUES (888, '["연기 클래스"]', 10, 888, 23, 888);
INSERT INTO supporting_projects(supporting_project_id, supported_at, delivery_id, payment_id, project_id, user_id) VALUES (889, (SELECT projects.end_date - INTERVAL 12 DAY FROM projects WHERE projects.id=23), 889, 889, 23, 40);
INSERT INTO orders (order_id, created_at, delivery_id, payment_id, supporting_project_id) VALUES (889, (SELECT projects.end_date - INTERVAL 12 DAY FROM projects WHERE projects.id=23), 1, 889, 889);
INSERT INTO supporting_packages(id, option_list, package_count, order_id, project_package_id, supporting_project_id) VALUES (889, '["시나리오 작성 가이드"]', 2, 889, 23, 889);
INSERT INTO supporting_projects(supporting_project_id, supported_at, delivery_id, payment_id, project_id, user_id) VALUES (890, (SELECT projects.end_date - INTERVAL 14 DAY FROM projects WHERE projects.id=23), 890, 890, 23, 28);
INSERT INTO orders (order_id, created_at, delivery_id, payment_id, supporting_project_id) VALUES (890, (SELECT projects.end_date - INTERVAL 14 DAY FROM projects WHERE projects.id=23), 1, 890, 890);
INSERT INTO supporting_packages(id, option_list, package_count, order_id, project_package_id, supporting_project_id) VALUES (890, '["촬영 현장 방문권"]', 8, 890, 23, 890);
INSERT INTO supporting_projects(supporting_project_id, supported_at, delivery_id, payment_id, project_id, user_id) VALUES (891, (SELECT projects.end_date - INTERVAL 41 DAY FROM projects WHERE projects.id=23), 891, 891, 23, 17);
INSERT INTO orders (order_id, created_at, delivery_id, payment_id, supporting_project_id) VALUES (891, (SELECT projects.end_date - INTERVAL 41 DAY FROM projects WHERE projects.id=23), 1, 891, 891);
INSERT INTO supporting_packages(id, option_list, package_count, order_id, project_package_id, supporting_project_id) VALUES (891, '["촬영 현장 방문권"]', 4, 891, 23, 891);
INSERT INTO supporting_projects(supporting_project_id, supported_at, delivery_id, payment_id, project_id, user_id) VALUES (892, (SELECT projects.end_date - INTERVAL 8 DAY FROM projects WHERE projects.id=23), 892, 892, 23, 18);
INSERT INTO orders (order_id, created_at, delivery_id, payment_id, supporting_project_id) VALUES (892, (SELECT projects.end_date - INTERVAL 8 DAY FROM projects WHERE projects.id=23), 1, 892, 892);
INSERT INTO supporting_packages(id, option_list, package_count, order_id, project_package_id, supporting_project_id) VALUES (892, '["촬영 현장 방문권"]', 6, 892, 23, 892);
INSERT INTO supporting_projects(supporting_project_id, supported_at, delivery_id, payment_id, project_id, user_id) VALUES (893, (SELECT projects.end_date - INTERVAL 35 DAY FROM projects WHERE projects.id=23), 893, 893, 23, 37);
INSERT INTO orders (order_id, created_at, delivery_id, payment_id, supporting_project_id) VALUES (893, (SELECT projects.end_date - INTERVAL 35 DAY FROM projects WHERE projects.id=23), 1, 893, 893);
INSERT INTO supporting_packages(id, option_list, package_count, order_id, project_package_id, supporting_project_id) VALUES (893, '["시나리오 작성 가이드"]', 8, 893, 23, 893);
INSERT INTO supporting_projects(supporting_project_id, supported_at, delivery_id, payment_id, project_id, user_id) VALUES (894, (SELECT projects.end_date - INTERVAL 23 DAY FROM projects WHERE projects.id=23), 894, 894, 23, 17);
INSERT INTO orders (order_id, created_at, delivery_id, payment_id, supporting_project_id) VALUES (894, (SELECT projects.end_date - INTERVAL 23 DAY FROM projects WHERE projects.id=23), 1, 894, 894);
INSERT INTO supporting_packages(id, option_list, package_count, order_id, project_package_id, supporting_project_id) VALUES (894, '["촬영 현장 방문권"]', 10, 894, 23, 894);
INSERT INTO supporting_projects(supporting_project_id, supported_at, delivery_id, payment_id, project_id, user_id) VALUES (895, (SELECT projects.end_date - INTERVAL 14 DAY FROM projects WHERE projects.id=23), 895, 895, 23, 25);
INSERT INTO orders (order_id, created_at, delivery_id, payment_id, supporting_project_id) VALUES (895, (SELECT projects.end_date - INTERVAL 14 DAY FROM projects WHERE projects.id=23), 1, 895, 895);
INSERT INTO supporting_packages(id, option_list, package_count, order_id, project_package_id, supporting_project_id) VALUES (895, '["촬영 현장 방문권"]', 1, 895, 23, 895);
INSERT INTO supporting_projects(supporting_project_id, supported_at, delivery_id, payment_id, project_id, user_id) VALUES (896, (SELECT projects.end_date - INTERVAL 36 DAY FROM projects WHERE projects.id=23), 896, 896, 23, 15);
INSERT INTO orders (order_id, created_at, delivery_id, payment_id, supporting_project_id) VALUES (896, (SELECT projects.end_date - INTERVAL 36 DAY FROM projects WHERE projects.id=23), 1, 896, 896);
INSERT INTO supporting_packages(id, option_list, package_count, order_id, project_package_id, supporting_project_id) VALUES (896, '["시나리오 작성 가이드"]', 8, 896, 23, 896);
INSERT INTO supporting_projects(supporting_project_id, supported_at, delivery_id, payment_id, project_id, user_id) VALUES (897, (SELECT projects.end_date - INTERVAL 43 DAY FROM projects WHERE projects.id=23), 897, 897, 23, 4);
INSERT INTO orders (order_id, created_at, delivery_id, payment_id, supporting_project_id) VALUES (897, (SELECT projects.end_date - INTERVAL 43 DAY FROM projects WHERE projects.id=23), 1, 897, 897);
INSERT INTO supporting_packages(id, option_list, package_count, order_id, project_package_id, supporting_project_id) VALUES (897, '["시나리오 작성 가이드"]', 3, 897, 23, 897);
INSERT INTO supporting_projects(supporting_project_id, supported_at, delivery_id, payment_id, project_id, user_id) VALUES (898, (SELECT projects.end_date - INTERVAL 26 DAY FROM projects WHERE projects.id=23), 898, 898, 23, 17);
INSERT INTO orders (order_id, created_at, delivery_id, payment_id, supporting_project_id) VALUES (898, (SELECT projects.end_date - INTERVAL 26 DAY FROM projects WHERE projects.id=23), 1, 898, 898);
INSERT INTO supporting_packages(id, option_list, package_count, order_id, project_package_id, supporting_project_id) VALUES (898, '["연기 클래스"]', 6, 898, 23, 898);
INSERT INTO supporting_projects(supporting_project_id, supported_at, delivery_id, payment_id, project_id, user_id) VALUES (899, (SELECT projects.end_date - INTERVAL 33 DAY FROM projects WHERE projects.id=23), 899, 899, 23, 32);
INSERT INTO orders (order_id, created_at, delivery_id, payment_id, supporting_project_id) VALUES (899, (SELECT projects.end_date - INTERVAL 33 DAY FROM projects WHERE projects.id=23), 1, 899, 899);
INSERT INTO supporting_packages(id, option_list, package_count, order_id, project_package_id, supporting_project_id) VALUES (899, '["연기 클래스"]', 1, 899, 23, 899);
INSERT INTO supporting_projects(supporting_project_id, supported_at, delivery_id, payment_id, project_id, user_id) VALUES (900, (SELECT projects.end_date - INTERVAL 33 DAY FROM projects WHERE projects.id=23), 900, 900, 23, 34);
INSERT INTO orders (order_id, created_at, delivery_id, payment_id, supporting_project_id) VALUES (900, (SELECT projects.end_date - INTERVAL 33 DAY FROM projects WHERE projects.id=23), 1, 900, 900);
INSERT INTO supporting_packages(id, option_list, package_count, order_id, project_package_id, supporting_project_id) VALUES (900, '["시나리오 작성 가이드"]', 6, 900, 23, 900);
INSERT INTO supporting_projects(supporting_project_id, supported_at, delivery_id, payment_id, project_id, user_id) VALUES (901, (SELECT projects.end_date - INTERVAL 24 DAY FROM projects WHERE projects.id=23), 901, 901, 23, 19);
INSERT INTO orders (order_id, created_at, delivery_id, payment_id, supporting_project_id) VALUES (901, (SELECT projects.end_date - INTERVAL 24 DAY FROM projects WHERE projects.id=23), 1, 901, 901);
INSERT INTO supporting_packages(id, option_list, package_count, order_id, project_package_id, supporting_project_id) VALUES (901, '["촬영 현장 방문권"]', 8, 901, 23, 901);
INSERT INTO supporting_projects(supporting_project_id, supported_at, delivery_id, payment_id, project_id, user_id) VALUES (902, (SELECT projects.end_date - INTERVAL 48 DAY FROM projects WHERE projects.id=23), 902, 902, 23, 27);
INSERT INTO orders (order_id, created_at, delivery_id, payment_id, supporting_project_id) VALUES (902, (SELECT projects.end_date - INTERVAL 48 DAY FROM projects WHERE projects.id=23), 1, 902, 902);
INSERT INTO supporting_packages(id, option_list, package_count, order_id, project_package_id, supporting_project_id) VALUES (902, '["촬영 현장 방문권"]', 3, 902, 23, 902);
INSERT INTO supporting_projects(supporting_project_id, supported_at, delivery_id, payment_id, project_id, user_id) VALUES (903, (SELECT projects.end_date - INTERVAL 19 DAY FROM projects WHERE projects.id=23), 903, 903, 23, 16);
INSERT INTO orders (order_id, created_at, delivery_id, payment_id, supporting_project_id) VALUES (903, (SELECT projects.end_date - INTERVAL 19 DAY FROM projects WHERE projects.id=23), 1, 903, 903);
INSERT INTO supporting_packages(id, option_list, package_count, order_id, project_package_id, supporting_project_id) VALUES (903, '["촬영 현장 방문권"]', 5, 903, 23, 903);
INSERT INTO supporting_projects(supporting_project_id, supported_at, delivery_id, payment_id, project_id, user_id) VALUES (904, (SELECT projects.end_date - INTERVAL 33 DAY FROM projects WHERE projects.id=23), 904, 904, 23, 31);
INSERT INTO orders (order_id, created_at, delivery_id, payment_id, supporting_project_id) VALUES (904, (SELECT projects.end_date - INTERVAL 33 DAY FROM projects WHERE projects.id=23), 1, 904, 904);
INSERT INTO supporting_packages(id, option_list, package_count, order_id, project_package_id, supporting_project_id) VALUES (904, '["촬영 현장 방문권"]', 6, 904, 23, 904);
INSERT INTO supporting_projects(supporting_project_id, supported_at, delivery_id, payment_id, project_id, user_id) VALUES (905, (SELECT projects.end_date - INTERVAL 42 DAY FROM projects WHERE projects.id=23), 905, 905, 23, 12);
INSERT INTO orders (order_id, created_at, delivery_id, payment_id, supporting_project_id) VALUES (905, (SELECT projects.end_date - INTERVAL 42 DAY FROM projects WHERE projects.id=23), 1, 905, 905);
INSERT INTO supporting_packages(id, option_list, package_count, order_id, project_package_id, supporting_project_id) VALUES (905, '["연기 클래스"]', 7, 905, 23, 905);
INSERT INTO supporting_projects(supporting_project_id, supported_at, delivery_id, payment_id, project_id, user_id) VALUES (906, (SELECT projects.end_date - INTERVAL 21 DAY FROM projects WHERE projects.id=23), 906, 906, 23, 22);
INSERT INTO orders (order_id, created_at, delivery_id, payment_id, supporting_project_id) VALUES (906, (SELECT projects.end_date - INTERVAL 21 DAY FROM projects WHERE projects.id=23), 1, 906, 906);
INSERT INTO supporting_packages(id, option_list, package_count, order_id, project_package_id, supporting_project_id) VALUES (906, '["연기 클래스"]', 4, 906, 23, 906);
INSERT INTO supporting_projects(supporting_project_id, supported_at, delivery_id, payment_id, project_id, user_id) VALUES (907, (SELECT projects.end_date - INTERVAL 37 DAY FROM projects WHERE projects.id=23), 907, 907, 23, 4);
INSERT INTO orders (order_id, created_at, delivery_id, payment_id, supporting_project_id) VALUES (907, (SELECT projects.end_date - INTERVAL 37 DAY FROM projects WHERE projects.id=23), 1, 907, 907);
INSERT INTO supporting_packages(id, option_list, package_count, order_id, project_package_id, supporting_project_id) VALUES (907, '["촬영 현장 방문권"]', 1, 907, 23, 907);
INSERT INTO supporting_projects(supporting_project_id, supported_at, delivery_id, payment_id, project_id, user_id) VALUES (908, (SELECT projects.end_date - INTERVAL 40 DAY FROM projects WHERE projects.id=23), 908, 908, 23, 13);
INSERT INTO orders (order_id, created_at, delivery_id, payment_id, supporting_project_id) VALUES (908, (SELECT projects.end_date - INTERVAL 40 DAY FROM projects WHERE projects.id=23), 1, 908, 908);
INSERT INTO supporting_packages(id, option_list, package_count, order_id, project_package_id, supporting_project_id) VALUES (908, '["촬영 현장 방문권"]', 3, 908, 23, 908);
INSERT INTO supporting_projects(supporting_project_id, supported_at, delivery_id, payment_id, project_id, user_id) VALUES (909, (SELECT projects.end_date - INTERVAL 15 DAY FROM projects WHERE projects.id=23), 909, 909, 23, 34);
INSERT INTO orders (order_id, created_at, delivery_id, payment_id, supporting_project_id) VALUES (909, (SELECT projects.end_date - INTERVAL 15 DAY FROM projects WHERE projects.id=23), 1, 909, 909);
INSERT INTO supporting_packages(id, option_list, package_count, order_id, project_package_id, supporting_project_id) VALUES (909, '["시나리오 작성 가이드"]', 2, 909, 23, 909);
INSERT INTO supporting_projects(supporting_project_id, supported_at, delivery_id, payment_id, project_id, user_id) VALUES (910, (SELECT projects.end_date - INTERVAL 49 DAY FROM projects WHERE projects.id=23), 910, 910, 23, 38);
INSERT INTO orders (order_id, created_at, delivery_id, payment_id, supporting_project_id) VALUES (910, (SELECT projects.end_date - INTERVAL 49 DAY FROM projects WHERE projects.id=23), 1, 910, 910);
INSERT INTO supporting_packages(id, option_list, package_count, order_id, project_package_id, supporting_project_id) VALUES (910, '["연기 클래스"]', 2, 910, 23, 910);
INSERT INTO supporting_projects(supporting_project_id, supported_at, delivery_id, payment_id, project_id, user_id) VALUES (911, (SELECT projects.end_date - INTERVAL 35 DAY FROM projects WHERE projects.id=23), 911, 911, 23, 31);
INSERT INTO orders (order_id, created_at, delivery_id, payment_id, supporting_project_id) VALUES (911, (SELECT projects.end_date - INTERVAL 35 DAY FROM projects WHERE projects.id=23), 1, 911, 911);
INSERT INTO supporting_packages(id, option_list, package_count, order_id, project_package_id, supporting_project_id) VALUES (911, '["연기 클래스"]', 9, 911, 23, 911);
INSERT INTO supporting_projects(supporting_project_id, supported_at, delivery_id, payment_id, project_id, user_id) VALUES (912, (SELECT projects.end_date - INTERVAL 42 DAY FROM projects WHERE projects.id=23), 912, 912, 23, 24);
INSERT INTO orders (order_id, created_at, delivery_id, payment_id, supporting_project_id) VALUES (912, (SELECT projects.end_date - INTERVAL 42 DAY FROM projects WHERE projects.id=23), 1, 912, 912);
INSERT INTO supporting_packages(id, option_list, package_count, order_id, project_package_id, supporting_project_id) VALUES (912, '["연기 클래스"]', 2, 912, 23, 912);
INSERT INTO supporting_projects(supporting_project_id, supported_at, delivery_id, payment_id, project_id, user_id) VALUES (913, (SELECT projects.end_date - INTERVAL 16 DAY FROM projects WHERE projects.id=23), 913, 913, 23, 2);
INSERT INTO orders (order_id, created_at, delivery_id, payment_id, supporting_project_id) VALUES (913, (SELECT projects.end_date - INTERVAL 16 DAY FROM projects WHERE projects.id=23), 1, 913, 913);
INSERT INTO supporting_packages(id, option_list, package_count, order_id, project_package_id, supporting_project_id) VALUES (913, '["연기 클래스"]', 5, 913, 23, 913);
INSERT INTO supporting_projects(supporting_project_id, supported_at, delivery_id, payment_id, project_id, user_id) VALUES (914, (SELECT projects.end_date - INTERVAL 33 DAY FROM projects WHERE projects.id=23), 914, 914, 23, 29);
INSERT INTO orders (order_id, created_at, delivery_id, payment_id, supporting_project_id) VALUES (914, (SELECT projects.end_date - INTERVAL 33 DAY FROM projects WHERE projects.id=23), 1, 914, 914);
INSERT INTO supporting_packages(id, option_list, package_count, order_id, project_package_id, supporting_project_id) VALUES (914, '["촬영 현장 방문권"]', 9, 914, 23, 914);
INSERT INTO supporting_projects(supporting_project_id, supported_at, delivery_id, payment_id, project_id, user_id) VALUES (915, (SELECT projects.end_date - INTERVAL 21 DAY FROM projects WHERE projects.id=23), 915, 915, 23, 31);
INSERT INTO orders (order_id, created_at, delivery_id, payment_id, supporting_project_id) VALUES (915, (SELECT projects.end_date - INTERVAL 21 DAY FROM projects WHERE projects.id=23), 1, 915, 915);
INSERT INTO supporting_packages(id, option_list, package_count, order_id, project_package_id, supporting_project_id) VALUES (915, '["촬영 현장 방문권"]', 7, 915, 23, 915);
INSERT INTO supporting_projects(supporting_project_id, supported_at, delivery_id, payment_id, project_id, user_id) VALUES (916, (SELECT projects.end_date - INTERVAL 47 DAY FROM projects WHERE projects.id=23), 916, 916, 23, 32);
INSERT INTO orders (order_id, created_at, delivery_id, payment_id, supporting_project_id) VALUES (916, (SELECT projects.end_date - INTERVAL 47 DAY FROM projects WHERE projects.id=23), 1, 916, 916);
INSERT INTO supporting_packages(id, option_list, package_count, order_id, project_package_id, supporting_project_id) VALUES (916, '["연기 클래스"]', 10, 916, 23, 916);
INSERT INTO supporting_projects(supporting_project_id, supported_at, delivery_id, payment_id, project_id, user_id) VALUES (917, (SELECT projects.end_date - INTERVAL 27 DAY FROM projects WHERE projects.id=23), 917, 917, 23, 27);
INSERT INTO orders (order_id, created_at, delivery_id, payment_id, supporting_project_id) VALUES (917, (SELECT projects.end_date - INTERVAL 27 DAY FROM projects WHERE projects.id=23), 1, 917, 917);
INSERT INTO supporting_packages(id, option_list, package_count, order_id, project_package_id, supporting_project_id) VALUES (917, '["연기 클래스"]', 1, 917, 23, 917);
INSERT INTO supporting_projects(supporting_project_id, supported_at, delivery_id, payment_id, project_id, user_id) VALUES (918, (SELECT projects.end_date - INTERVAL 45 DAY FROM projects WHERE projects.id=23), 918, 918, 23, 32);
INSERT INTO orders (order_id, created_at, delivery_id, payment_id, supporting_project_id) VALUES (918, (SELECT projects.end_date - INTERVAL 45 DAY FROM projects WHERE projects.id=23), 1, 918, 918);
INSERT INTO supporting_packages(id, option_list, package_count, order_id, project_package_id, supporting_project_id) VALUES (918, '["촬영 현장 방문권"]', 7, 918, 23, 918);
INSERT INTO supporting_projects(supporting_project_id, supported_at, delivery_id, payment_id, project_id, user_id) VALUES (919, (SELECT projects.end_date - INTERVAL 34 DAY FROM projects WHERE projects.id=23), 919, 919, 23, 11);
INSERT INTO orders (order_id, created_at, delivery_id, payment_id, supporting_project_id) VALUES (919, (SELECT projects.end_date - INTERVAL 34 DAY FROM projects WHERE projects.id=23), 1, 919, 919);
INSERT INTO supporting_packages(id, option_list, package_count, order_id, project_package_id, supporting_project_id) VALUES (919, '["연기 클래스"]', 9, 919, 23, 919);
INSERT INTO supporting_projects(supporting_project_id, supported_at, delivery_id, payment_id, project_id, user_id) VALUES (920, (SELECT projects.end_date - INTERVAL 8 DAY FROM projects WHERE projects.id=23), 920, 920, 23, 14);
INSERT INTO orders (order_id, created_at, delivery_id, payment_id, supporting_project_id) VALUES (920, (SELECT projects.end_date - INTERVAL 8 DAY FROM projects WHERE projects.id=23), 1, 920, 920);
INSERT INTO supporting_packages(id, option_list, package_count, order_id, project_package_id, supporting_project_id) VALUES (920, '["촬영 현장 방문권"]', 2, 920, 23, 920);
INSERT INTO supporting_projects(supporting_project_id, supported_at, delivery_id, payment_id, project_id, user_id) VALUES (921, (SELECT projects.end_date - INTERVAL 45 DAY FROM projects WHERE projects.id=23), 921, 921, 23, 1);
INSERT INTO orders (order_id, created_at, delivery_id, payment_id, supporting_project_id) VALUES (921, (SELECT projects.end_date - INTERVAL 45 DAY FROM projects WHERE projects.id=23), 1, 921, 921);
INSERT INTO supporting_packages(id, option_list, package_count, order_id, project_package_id, supporting_project_id) VALUES (921, '["촬영 현장 방문권"]', 5, 921, 23, 921);
INSERT INTO supporting_projects(supporting_project_id, supported_at, delivery_id, payment_id, project_id, user_id) VALUES (922, (SELECT projects.end_date - INTERVAL 32 DAY FROM projects WHERE projects.id=23), 922, 922, 23, 25);
INSERT INTO orders (order_id, created_at, delivery_id, payment_id, supporting_project_id) VALUES (922, (SELECT projects.end_date - INTERVAL 32 DAY FROM projects WHERE projects.id=23), 1, 922, 922);
INSERT INTO supporting_packages(id, option_list, package_count, order_id, project_package_id, supporting_project_id) VALUES (922, '["연기 클래스"]', 9, 922, 23, 922);
INSERT INTO supporting_projects(supporting_project_id, supported_at, delivery_id, payment_id, project_id, user_id) VALUES (923, (SELECT projects.end_date - INTERVAL 20 DAY FROM projects WHERE projects.id=23), 923, 923, 23, 30);
INSERT INTO orders (order_id, created_at, delivery_id, payment_id, supporting_project_id) VALUES (923, (SELECT projects.end_date - INTERVAL 20 DAY FROM projects WHERE projects.id=23), 1, 923, 923);
INSERT INTO supporting_packages(id, option_list, package_count, order_id, project_package_id, supporting_project_id) VALUES (923, '["촬영 현장 방문권"]', 4, 923, 23, 923);
INSERT INTO supporting_projects(supporting_project_id, supported_at, delivery_id, payment_id, project_id, user_id) VALUES (924, (SELECT projects.end_date - INTERVAL 48 DAY FROM projects WHERE projects.id=23), 924, 924, 23, 21);
INSERT INTO orders (order_id, created_at, delivery_id, payment_id, supporting_project_id) VALUES (924, (SELECT projects.end_date - INTERVAL 48 DAY FROM projects WHERE projects.id=23), 1, 924, 924);
INSERT INTO supporting_packages(id, option_list, package_count, order_id, project_package_id, supporting_project_id) VALUES (924, '["연기 클래스"]', 5, 924, 23, 924);
INSERT INTO supporting_projects(supporting_project_id, supported_at, delivery_id, payment_id, project_id, user_id) VALUES (925, (SELECT projects.end_date - INTERVAL 25 DAY FROM projects WHERE projects.id=23), 925, 925, 23, 33);
INSERT INTO orders (order_id, created_at, delivery_id, payment_id, supporting_project_id) VALUES (925, (SELECT projects.end_date - INTERVAL 25 DAY FROM projects WHERE projects.id=23), 1, 925, 925);
INSERT INTO supporting_packages(id, option_list, package_count, order_id, project_package_id, supporting_project_id) VALUES (925, '["시나리오 작성 가이드"]', 3, 925, 23, 925);
INSERT INTO supporting_projects(supporting_project_id, supported_at, delivery_id, payment_id, project_id, user_id) VALUES (926, (SELECT projects.end_date - INTERVAL 16 DAY FROM projects WHERE projects.id=23), 926, 926, 23, 17);
INSERT INTO orders (order_id, created_at, delivery_id, payment_id, supporting_project_id) VALUES (926, (SELECT projects.end_date - INTERVAL 16 DAY FROM projects WHERE projects.id=23), 1, 926, 926);
INSERT INTO supporting_packages(id, option_list, package_count, order_id, project_package_id, supporting_project_id) VALUES (926, '["시나리오 작성 가이드"]', 1, 926, 23, 926);
INSERT INTO supporting_projects(supporting_project_id, supported_at, delivery_id, payment_id, project_id, user_id) VALUES (927, (SELECT projects.end_date - INTERVAL 31 DAY FROM projects WHERE projects.id=23), 927, 927, 23, 21);
INSERT INTO orders (order_id, created_at, delivery_id, payment_id, supporting_project_id) VALUES (927, (SELECT projects.end_date - INTERVAL 31 DAY FROM projects WHERE projects.id=23), 1, 927, 927);
INSERT INTO supporting_packages(id, option_list, package_count, order_id, project_package_id, supporting_project_id) VALUES (927, '["시나리오 작성 가이드"]', 3, 927, 23, 927);
INSERT INTO supporting_projects(supporting_project_id, supported_at, delivery_id, payment_id, project_id, user_id) VALUES (928, (SELECT projects.end_date - INTERVAL 14 DAY FROM projects WHERE projects.id=23), 928, 928, 23, 3);
INSERT INTO orders (order_id, created_at, delivery_id, payment_id, supporting_project_id) VALUES (928, (SELECT projects.end_date - INTERVAL 14 DAY FROM projects WHERE projects.id=23), 1, 928, 928);
INSERT INTO supporting_packages(id, option_list, package_count, order_id, project_package_id, supporting_project_id) VALUES (928, '["시나리오 작성 가이드"]', 5, 928, 23, 928);
INSERT INTO supporting_projects(supporting_project_id, supported_at, delivery_id, payment_id, project_id, user_id) VALUES (929, (SELECT projects.end_date - INTERVAL 35 DAY FROM projects WHERE projects.id=23), 929, 929, 23, 29);
INSERT INTO orders (order_id, created_at, delivery_id, payment_id, supporting_project_id) VALUES (929, (SELECT projects.end_date - INTERVAL 35 DAY FROM projects WHERE projects.id=23), 1, 929, 929);
INSERT INTO supporting_packages(id, option_list, package_count, order_id, project_package_id, supporting_project_id) VALUES (929, '["촬영 현장 방문권"]', 9, 929, 23, 929);
INSERT INTO supporting_projects(supporting_project_id, supported_at, delivery_id, payment_id, project_id, user_id) VALUES (930, (SELECT projects.end_date - INTERVAL 17 DAY FROM projects WHERE projects.id=23), 930, 930, 23, 19);
INSERT INTO orders (order_id, created_at, delivery_id, payment_id, supporting_project_id) VALUES (930, (SELECT projects.end_date - INTERVAL 17 DAY FROM projects WHERE projects.id=23), 1, 930, 930);
INSERT INTO supporting_packages(id, option_list, package_count, order_id, project_package_id, supporting_project_id) VALUES (930, '["연기 클래스"]', 8, 930, 23, 930);
INSERT INTO supporting_projects(supporting_project_id, supported_at, delivery_id, payment_id, project_id, user_id) VALUES (931, (SELECT projects.end_date - INTERVAL 26 DAY FROM projects WHERE projects.id=23), 931, 931, 23, 9);
INSERT INTO orders (order_id, created_at, delivery_id, payment_id, supporting_project_id) VALUES (931, (SELECT projects.end_date - INTERVAL 26 DAY FROM projects WHERE projects.id=23), 1, 931, 931);
INSERT INTO supporting_packages(id, option_list, package_count, order_id, project_package_id, supporting_project_id) VALUES (931, '["시나리오 작성 가이드"]', 4, 931, 23, 931);
INSERT INTO supporting_projects(supporting_project_id, supported_at, delivery_id, payment_id, project_id, user_id) VALUES (932, (SELECT projects.end_date - INTERVAL 7 DAY FROM projects WHERE projects.id=23), 932, 932, 23, 40);
INSERT INTO orders (order_id, created_at, delivery_id, payment_id, supporting_project_id) VALUES (932, (SELECT projects.end_date - INTERVAL 7 DAY FROM projects WHERE projects.id=23), 1, 932, 932);
INSERT INTO supporting_packages(id, option_list, package_count, order_id, project_package_id, supporting_project_id) VALUES (932, '["시나리오 작성 가이드"]', 4, 932, 23, 932);
INSERT INTO supporting_projects(supporting_project_id, supported_at, delivery_id, payment_id, project_id, user_id) VALUES (933, (SELECT projects.end_date - INTERVAL 41 DAY FROM projects WHERE projects.id=23), 933, 933, 23, 37);
INSERT INTO orders (order_id, created_at, delivery_id, payment_id, supporting_project_id) VALUES (933, (SELECT projects.end_date - INTERVAL 41 DAY FROM projects WHERE projects.id=23), 1, 933, 933);
INSERT INTO supporting_packages(id, option_list, package_count, order_id, project_package_id, supporting_project_id) VALUES (933, '["촬영 현장 방문권"]', 7, 933, 23, 933);
INSERT INTO supporting_projects(supporting_project_id, supported_at, delivery_id, payment_id, project_id, user_id) VALUES (934, (SELECT projects.end_date - INTERVAL 26 DAY FROM projects WHERE projects.id=23), 934, 934, 23, 14);
INSERT INTO orders (order_id, created_at, delivery_id, payment_id, supporting_project_id) VALUES (934, (SELECT projects.end_date - INTERVAL 26 DAY FROM projects WHERE projects.id=23), 1, 934, 934);
INSERT INTO supporting_packages(id, option_list, package_count, order_id, project_package_id, supporting_project_id) VALUES (934, '["시나리오 작성 가이드"]', 6, 934, 23, 934);
INSERT INTO supporting_projects(supporting_project_id, supported_at, delivery_id, payment_id, project_id, user_id) VALUES (935, (SELECT projects.end_date - INTERVAL 31 DAY FROM projects WHERE projects.id=23), 935, 935, 23, 7);
INSERT INTO orders (order_id, created_at, delivery_id, payment_id, supporting_project_id) VALUES (935, (SELECT projects.end_date - INTERVAL 31 DAY FROM projects WHERE projects.id=23), 1, 935, 935);
INSERT INTO supporting_packages(id, option_list, package_count, order_id, project_package_id, supporting_project_id) VALUES (935, '["연기 클래스"]', 1, 935, 23, 935);
INSERT INTO supporting_projects(supporting_project_id, supported_at, delivery_id, payment_id, project_id, user_id) VALUES (936, (SELECT projects.end_date - INTERVAL 12 DAY FROM projects WHERE projects.id=24), 936, 936, 24, 8);
INSERT INTO orders (order_id, created_at, delivery_id, payment_id, supporting_project_id) VALUES (936, (SELECT projects.end_date - INTERVAL 12 DAY FROM projects WHERE projects.id=24), 1, 936, 936);
INSERT INTO supporting_packages(id, option_list, package_count, order_id, project_package_id, supporting_project_id) VALUES (936, '["영화 티켓"]', 5, 936, 24, 936);
INSERT INTO supporting_projects(supporting_project_id, supported_at, delivery_id, payment_id, project_id, user_id) VALUES (937, (SELECT projects.end_date - INTERVAL 50 DAY FROM projects WHERE projects.id=24), 937, 937, 24, 23);
INSERT INTO orders (order_id, created_at, delivery_id, payment_id, supporting_project_id) VALUES (937, (SELECT projects.end_date - INTERVAL 50 DAY FROM projects WHERE projects.id=24), 1, 937, 937);
INSERT INTO supporting_packages(id, option_list, package_count, order_id, project_package_id, supporting_project_id) VALUES (937, '["영화 티켓"]', 5, 937, 24, 937);
INSERT INTO supporting_projects(supporting_project_id, supported_at, delivery_id, payment_id, project_id, user_id) VALUES (938, (SELECT projects.end_date - INTERVAL 17 DAY FROM projects WHERE projects.id=24), 938, 938, 24, 24);
INSERT INTO orders (order_id, created_at, delivery_id, payment_id, supporting_project_id) VALUES (938, (SELECT projects.end_date - INTERVAL 17 DAY FROM projects WHERE projects.id=24), 1, 938, 938);
INSERT INTO supporting_packages(id, option_list, package_count, order_id, project_package_id, supporting_project_id) VALUES (938, '["영화 티켓"]', 1, 938, 24, 938);
INSERT INTO supporting_projects(supporting_project_id, supported_at, delivery_id, payment_id, project_id, user_id) VALUES (939, (SELECT projects.end_date - INTERVAL 31 DAY FROM projects WHERE projects.id=24), 939, 939, 24, 14);
INSERT INTO orders (order_id, created_at, delivery_id, payment_id, supporting_project_id) VALUES (939, (SELECT projects.end_date - INTERVAL 31 DAY FROM projects WHERE projects.id=24), 1, 939, 939);
INSERT INTO supporting_packages(id, option_list, package_count, order_id, project_package_id, supporting_project_id) VALUES (939, '["팝콘 세트"]', 9, 939, 24, 939);
INSERT INTO supporting_projects(supporting_project_id, supported_at, delivery_id, payment_id, project_id, user_id) VALUES (940, (SELECT projects.end_date - INTERVAL 34 DAY FROM projects WHERE projects.id=24), 940, 940, 24, 26);
INSERT INTO orders (order_id, created_at, delivery_id, payment_id, supporting_project_id) VALUES (940, (SELECT projects.end_date - INTERVAL 34 DAY FROM projects WHERE projects.id=24), 1, 940, 940);
INSERT INTO supporting_packages(id, option_list, package_count, order_id, project_package_id, supporting_project_id) VALUES (940, '["영화 포스터"]', 5, 940, 24, 940);
INSERT INTO supporting_projects(supporting_project_id, supported_at, delivery_id, payment_id, project_id, user_id) VALUES (941, (SELECT projects.end_date - INTERVAL 42 DAY FROM projects WHERE projects.id=24), 941, 941, 24, 19);
INSERT INTO orders (order_id, created_at, delivery_id, payment_id, supporting_project_id) VALUES (941, (SELECT projects.end_date - INTERVAL 42 DAY FROM projects WHERE projects.id=24), 1, 941, 941);
INSERT INTO supporting_packages(id, option_list, package_count, order_id, project_package_id, supporting_project_id) VALUES (941, '["팝콘 세트"]', 10, 941, 24, 941);
INSERT INTO supporting_projects(supporting_project_id, supported_at, delivery_id, payment_id, project_id, user_id) VALUES (942, (SELECT projects.end_date - INTERVAL 10 DAY FROM projects WHERE projects.id=24), 942, 942, 24, 25);
INSERT INTO orders (order_id, created_at, delivery_id, payment_id, supporting_project_id) VALUES (942, (SELECT projects.end_date - INTERVAL 10 DAY FROM projects WHERE projects.id=24), 1, 942, 942);
INSERT INTO supporting_packages(id, option_list, package_count, order_id, project_package_id, supporting_project_id) VALUES (942, '["팝콘 세트"]', 1, 942, 24, 942);
INSERT INTO supporting_projects(supporting_project_id, supported_at, delivery_id, payment_id, project_id, user_id) VALUES (943, (SELECT projects.end_date - INTERVAL 11 DAY FROM projects WHERE projects.id=24), 943, 943, 24, 38);
INSERT INTO orders (order_id, created_at, delivery_id, payment_id, supporting_project_id) VALUES (943, (SELECT projects.end_date - INTERVAL 11 DAY FROM projects WHERE projects.id=24), 1, 943, 943);
INSERT INTO supporting_packages(id, option_list, package_count, order_id, project_package_id, supporting_project_id) VALUES (943, '["영화 티켓"]', 5, 943, 24, 943);
INSERT INTO supporting_projects(supporting_project_id, supported_at, delivery_id, payment_id, project_id, user_id) VALUES (944, (SELECT projects.end_date - INTERVAL 11 DAY FROM projects WHERE projects.id=24), 944, 944, 24, 25);
INSERT INTO orders (order_id, created_at, delivery_id, payment_id, supporting_project_id) VALUES (944, (SELECT projects.end_date - INTERVAL 11 DAY FROM projects WHERE projects.id=24), 1, 944, 944);
INSERT INTO supporting_packages(id, option_list, package_count, order_id, project_package_id, supporting_project_id) VALUES (944, '["팝콘 세트"]', 7, 944, 24, 944);
INSERT INTO supporting_projects(supporting_project_id, supported_at, delivery_id, payment_id, project_id, user_id) VALUES (945, (SELECT projects.end_date - INTERVAL 7 DAY FROM projects WHERE projects.id=24), 945, 945, 24, 39);
INSERT INTO orders (order_id, created_at, delivery_id, payment_id, supporting_project_id) VALUES (945, (SELECT projects.end_date - INTERVAL 7 DAY FROM projects WHERE projects.id=24), 1, 945, 945);
INSERT INTO supporting_packages(id, option_list, package_count, order_id, project_package_id, supporting_project_id) VALUES (945, '["팝콘 세트"]', 7, 945, 24, 945);
INSERT INTO supporting_projects(supporting_project_id, supported_at, delivery_id, payment_id, project_id, user_id) VALUES (946, (SELECT projects.end_date - INTERVAL 43 DAY FROM projects WHERE projects.id=24), 946, 946, 24, 39);
INSERT INTO orders (order_id, created_at, delivery_id, payment_id, supporting_project_id) VALUES (946, (SELECT projects.end_date - INTERVAL 43 DAY FROM projects WHERE projects.id=24), 1, 946, 946);
INSERT INTO supporting_packages(id, option_list, package_count, order_id, project_package_id, supporting_project_id) VALUES (946, '["영화 포스터"]', 8, 946, 24, 946);
INSERT INTO supporting_projects(supporting_project_id, supported_at, delivery_id, payment_id, project_id, user_id) VALUES (947, (SELECT projects.end_date - INTERVAL 17 DAY FROM projects WHERE projects.id=24), 947, 947, 24, 2);
INSERT INTO orders (order_id, created_at, delivery_id, payment_id, supporting_project_id) VALUES (947, (SELECT projects.end_date - INTERVAL 17 DAY FROM projects WHERE projects.id=24), 1, 947, 947);
INSERT INTO supporting_packages(id, option_list, package_count, order_id, project_package_id, supporting_project_id) VALUES (947, '["팝콘 세트"]', 8, 947, 24, 947);
INSERT INTO supporting_projects(supporting_project_id, supported_at, delivery_id, payment_id, project_id, user_id) VALUES (948, (SELECT projects.end_date - INTERVAL 9 DAY FROM projects WHERE projects.id=24), 948, 948, 24, 38);
INSERT INTO orders (order_id, created_at, delivery_id, payment_id, supporting_project_id) VALUES (948, (SELECT projects.end_date - INTERVAL 9 DAY FROM projects WHERE projects.id=24), 1, 948, 948);
INSERT INTO supporting_packages(id, option_list, package_count, order_id, project_package_id, supporting_project_id) VALUES (948, '["영화 포스터"]', 10, 948, 24, 948);
INSERT INTO supporting_projects(supporting_project_id, supported_at, delivery_id, payment_id, project_id, user_id) VALUES (949, (SELECT projects.end_date - INTERVAL 19 DAY FROM projects WHERE projects.id=24), 949, 949, 24, 21);
INSERT INTO orders (order_id, created_at, delivery_id, payment_id, supporting_project_id) VALUES (949, (SELECT projects.end_date - INTERVAL 19 DAY FROM projects WHERE projects.id=24), 1, 949, 949);
INSERT INTO supporting_packages(id, option_list, package_count, order_id, project_package_id, supporting_project_id) VALUES (949, '["영화 티켓"]', 6, 949, 24, 949);
INSERT INTO supporting_projects(supporting_project_id, supported_at, delivery_id, payment_id, project_id, user_id) VALUES (950, (SELECT projects.end_date - INTERVAL 38 DAY FROM projects WHERE projects.id=24), 950, 950, 24, 26);
INSERT INTO orders (order_id, created_at, delivery_id, payment_id, supporting_project_id) VALUES (950, (SELECT projects.end_date - INTERVAL 38 DAY FROM projects WHERE projects.id=24), 1, 950, 950);
INSERT INTO supporting_packages(id, option_list, package_count, order_id, project_package_id, supporting_project_id) VALUES (950, '["영화 티켓"]', 8, 950, 24, 950);
INSERT INTO supporting_projects(supporting_project_id, supported_at, delivery_id, payment_id, project_id, user_id) VALUES (951, (SELECT projects.end_date - INTERVAL 35 DAY FROM projects WHERE projects.id=25), 951, 951, 25, 6);
INSERT INTO orders (order_id, created_at, delivery_id, payment_id, supporting_project_id) VALUES (951, (SELECT projects.end_date - INTERVAL 35 DAY FROM projects WHERE projects.id=25), 1, 951, 951);
INSERT INTO supporting_packages(id, option_list, package_count, order_id, project_package_id, supporting_project_id) VALUES (951, '["대본 리딩 참관"]', 5, 951, 25, 951);
INSERT INTO supporting_projects(supporting_project_id, supported_at, delivery_id, payment_id, project_id, user_id) VALUES (952, (SELECT projects.end_date - INTERVAL 21 DAY FROM projects WHERE projects.id=25), 952, 952, 25, 36);
INSERT INTO orders (order_id, created_at, delivery_id, payment_id, supporting_project_id) VALUES (952, (SELECT projects.end_date - INTERVAL 21 DAY FROM projects WHERE projects.id=25), 1, 952, 952);
INSERT INTO supporting_packages(id, option_list, package_count, order_id, project_package_id, supporting_project_id) VALUES (952, '["대본 리딩 참관"]', 1, 952, 25, 952);
INSERT INTO supporting_projects(supporting_project_id, supported_at, delivery_id, payment_id, project_id, user_id) VALUES (953, (SELECT projects.end_date - INTERVAL 22 DAY FROM projects WHERE projects.id=25), 953, 953, 25, 30);
INSERT INTO orders (order_id, created_at, delivery_id, payment_id, supporting_project_id) VALUES (953, (SELECT projects.end_date - INTERVAL 22 DAY FROM projects WHERE projects.id=25), 1, 953, 953);
INSERT INTO supporting_packages(id, option_list, package_count, order_id, project_package_id, supporting_project_id) VALUES (953, '["대본 리딩 참관"]', 9, 953, 25, 953);
INSERT INTO supporting_projects(supporting_project_id, supported_at, delivery_id, payment_id, project_id, user_id) VALUES (954, (SELECT projects.end_date - INTERVAL 23 DAY FROM projects WHERE projects.id=25), 954, 954, 25, 36);
INSERT INTO orders (order_id, created_at, delivery_id, payment_id, supporting_project_id) VALUES (954, (SELECT projects.end_date - INTERVAL 23 DAY FROM projects WHERE projects.id=25), 1, 954, 954);
INSERT INTO supporting_packages(id, option_list, package_count, order_id, project_package_id, supporting_project_id) VALUES (954, '["대본 리딩 참관"]', 3, 954, 25, 954);
INSERT INTO supporting_projects(supporting_project_id, supported_at, delivery_id, payment_id, project_id, user_id) VALUES (955, (SELECT projects.end_date - INTERVAL 35 DAY FROM projects WHERE projects.id=25), 955, 955, 25, 39);
INSERT INTO orders (order_id, created_at, delivery_id, payment_id, supporting_project_id) VALUES (955, (SELECT projects.end_date - INTERVAL 35 DAY FROM projects WHERE projects.id=25), 1, 955, 955);
INSERT INTO supporting_packages(id, option_list, package_count, order_id, project_package_id, supporting_project_id) VALUES (955, '["대본 리딩 참관"]', 2, 955, 25, 955);
INSERT INTO supporting_projects(supporting_project_id, supported_at, delivery_id, payment_id, project_id, user_id) VALUES (956, (SELECT projects.end_date - INTERVAL 13 DAY FROM projects WHERE projects.id=25), 956, 956, 25, 21);
INSERT INTO orders (order_id, created_at, delivery_id, payment_id, supporting_project_id) VALUES (956, (SELECT projects.end_date - INTERVAL 13 DAY FROM projects WHERE projects.id=25), 1, 956, 956);
INSERT INTO supporting_packages(id, option_list, package_count, order_id, project_package_id, supporting_project_id) VALUES (956, '["대본 리딩 참관"]', 2, 956, 25, 956);
INSERT INTO supporting_projects(supporting_project_id, supported_at, delivery_id, payment_id, project_id, user_id) VALUES (957, (SELECT projects.end_date - INTERVAL 15 DAY FROM projects WHERE projects.id=25), 957, 957, 25, 1);
INSERT INTO orders (order_id, created_at, delivery_id, payment_id, supporting_project_id) VALUES (957, (SELECT projects.end_date - INTERVAL 15 DAY FROM projects WHERE projects.id=25), 1, 957, 957);
INSERT INTO supporting_packages(id, option_list, package_count, order_id, project_package_id, supporting_project_id) VALUES (957, '["대본 리딩 참관"]', 10, 957, 25, 957);
INSERT INTO supporting_projects(supporting_project_id, supported_at, delivery_id, payment_id, project_id, user_id) VALUES (958, (SELECT projects.end_date - INTERVAL 10 DAY FROM projects WHERE projects.id=25), 958, 958, 25, 10);
INSERT INTO orders (order_id, created_at, delivery_id, payment_id, supporting_project_id) VALUES (958, (SELECT projects.end_date - INTERVAL 10 DAY FROM projects WHERE projects.id=25), 1, 958, 958);
INSERT INTO supporting_packages(id, option_list, package_count, order_id, project_package_id, supporting_project_id) VALUES (958, '["촬영장 방문"]', 4, 958, 25, 958);
INSERT INTO supporting_projects(supporting_project_id, supported_at, delivery_id, payment_id, project_id, user_id) VALUES (959, (SELECT projects.end_date - INTERVAL 32 DAY FROM projects WHERE projects.id=25), 959, 959, 25, 25);
INSERT INTO orders (order_id, created_at, delivery_id, payment_id, supporting_project_id) VALUES (959, (SELECT projects.end_date - INTERVAL 32 DAY FROM projects WHERE projects.id=25), 1, 959, 959);
INSERT INTO supporting_packages(id, option_list, package_count, order_id, project_package_id, supporting_project_id) VALUES (959, '["배우 사인회"]', 1, 959, 25, 959);
INSERT INTO supporting_projects(supporting_project_id, supported_at, delivery_id, payment_id, project_id, user_id) VALUES (960, (SELECT projects.end_date - INTERVAL 20 DAY FROM projects WHERE projects.id=25), 960, 960, 25, 26);
INSERT INTO orders (order_id, created_at, delivery_id, payment_id, supporting_project_id) VALUES (960, (SELECT projects.end_date - INTERVAL 20 DAY FROM projects WHERE projects.id=25), 1, 960, 960);
INSERT INTO supporting_packages(id, option_list, package_count, order_id, project_package_id, supporting_project_id) VALUES (960, '["촬영장 방문"]', 7, 960, 25, 960);
INSERT INTO supporting_projects(supporting_project_id, supported_at, delivery_id, payment_id, project_id, user_id) VALUES (961, (SELECT projects.end_date - INTERVAL 17 DAY FROM projects WHERE projects.id=25), 961, 961, 25, 16);
INSERT INTO orders (order_id, created_at, delivery_id, payment_id, supporting_project_id) VALUES (961, (SELECT projects.end_date - INTERVAL 17 DAY FROM projects WHERE projects.id=25), 1, 961, 961);
INSERT INTO supporting_packages(id, option_list, package_count, order_id, project_package_id, supporting_project_id) VALUES (961, '["촬영장 방문"]', 8, 961, 25, 961);
INSERT INTO supporting_projects(supporting_project_id, supported_at, delivery_id, payment_id, project_id, user_id) VALUES (962, (SELECT projects.end_date - INTERVAL 50 DAY FROM projects WHERE projects.id=25), 962, 962, 25, 13);
INSERT INTO orders (order_id, created_at, delivery_id, payment_id, supporting_project_id) VALUES (962, (SELECT projects.end_date - INTERVAL 50 DAY FROM projects WHERE projects.id=25), 1, 962, 962);
INSERT INTO supporting_packages(id, option_list, package_count, order_id, project_package_id, supporting_project_id) VALUES (962, '["촬영장 방문"]', 9, 962, 25, 962);
INSERT INTO supporting_projects(supporting_project_id, supported_at, delivery_id, payment_id, project_id, user_id) VALUES (963, (SELECT projects.end_date - INTERVAL 7 DAY FROM projects WHERE projects.id=25), 963, 963, 25, 38);
INSERT INTO orders (order_id, created_at, delivery_id, payment_id, supporting_project_id) VALUES (963, (SELECT projects.end_date - INTERVAL 7 DAY FROM projects WHERE projects.id=25), 1, 963, 963);
INSERT INTO supporting_packages(id, option_list, package_count, order_id, project_package_id, supporting_project_id) VALUES (963, '["대본 리딩 참관"]', 10, 963, 25, 963);
INSERT INTO supporting_projects(supporting_project_id, supported_at, delivery_id, payment_id, project_id, user_id) VALUES (964, (SELECT projects.end_date - INTERVAL 25 DAY FROM projects WHERE projects.id=25), 964, 964, 25, 22);
INSERT INTO orders (order_id, created_at, delivery_id, payment_id, supporting_project_id) VALUES (964, (SELECT projects.end_date - INTERVAL 25 DAY FROM projects WHERE projects.id=25), 1, 964, 964);
INSERT INTO supporting_packages(id, option_list, package_count, order_id, project_package_id, supporting_project_id) VALUES (964, '["촬영장 방문"]', 1, 964, 25, 964);
INSERT INTO supporting_projects(supporting_project_id, supported_at, delivery_id, payment_id, project_id, user_id) VALUES (965, (SELECT projects.end_date - INTERVAL 23 DAY FROM projects WHERE projects.id=25), 965, 965, 25, 21);
INSERT INTO orders (order_id, created_at, delivery_id, payment_id, supporting_project_id) VALUES (965, (SELECT projects.end_date - INTERVAL 23 DAY FROM projects WHERE projects.id=25), 1, 965, 965);
INSERT INTO supporting_packages(id, option_list, package_count, order_id, project_package_id, supporting_project_id) VALUES (965, '["촬영장 방문"]', 4, 965, 25, 965);
INSERT INTO supporting_projects(supporting_project_id, supported_at, delivery_id, payment_id, project_id, user_id) VALUES (966, (SELECT projects.end_date - INTERVAL 25 DAY FROM projects WHERE projects.id=25), 966, 966, 25, 21);
INSERT INTO orders (order_id, created_at, delivery_id, payment_id, supporting_project_id) VALUES (966, (SELECT projects.end_date - INTERVAL 25 DAY FROM projects WHERE projects.id=25), 1, 966, 966);
INSERT INTO supporting_packages(id, option_list, package_count, order_id, project_package_id, supporting_project_id) VALUES (966, '["대본 리딩 참관"]', 2, 966, 25, 966);
INSERT INTO supporting_projects(supporting_project_id, supported_at, delivery_id, payment_id, project_id, user_id) VALUES (967, (SELECT projects.end_date - INTERVAL 24 DAY FROM projects WHERE projects.id=25), 967, 967, 25, 2);
INSERT INTO orders (order_id, created_at, delivery_id, payment_id, supporting_project_id) VALUES (967, (SELECT projects.end_date - INTERVAL 24 DAY FROM projects WHERE projects.id=25), 1, 967, 967);
INSERT INTO supporting_packages(id, option_list, package_count, order_id, project_package_id, supporting_project_id) VALUES (967, '["대본 리딩 참관"]', 8, 967, 25, 967);
INSERT INTO supporting_projects(supporting_project_id, supported_at, delivery_id, payment_id, project_id, user_id) VALUES (968, (SELECT projects.end_date - INTERVAL 40 DAY FROM projects WHERE projects.id=25), 968, 968, 25, 37);
INSERT INTO orders (order_id, created_at, delivery_id, payment_id, supporting_project_id) VALUES (968, (SELECT projects.end_date - INTERVAL 40 DAY FROM projects WHERE projects.id=25), 1, 968, 968);
INSERT INTO supporting_packages(id, option_list, package_count, order_id, project_package_id, supporting_project_id) VALUES (968, '["대본 리딩 참관"]', 10, 968, 25, 968);
INSERT INTO supporting_projects(supporting_project_id, supported_at, delivery_id, payment_id, project_id, user_id) VALUES (969, (SELECT projects.end_date - INTERVAL 43 DAY FROM projects WHERE projects.id=25), 969, 969, 25, 39);
INSERT INTO orders (order_id, created_at, delivery_id, payment_id, supporting_project_id) VALUES (969, (SELECT projects.end_date - INTERVAL 43 DAY FROM projects WHERE projects.id=25), 1, 969, 969);
INSERT INTO supporting_packages(id, option_list, package_count, order_id, project_package_id, supporting_project_id) VALUES (969, '["촬영장 방문"]', 10, 969, 25, 969);
INSERT INTO supporting_projects(supporting_project_id, supported_at, delivery_id, payment_id, project_id, user_id) VALUES (970, (SELECT projects.end_date - INTERVAL 28 DAY FROM projects WHERE projects.id=25), 970, 970, 25, 18);
INSERT INTO orders (order_id, created_at, delivery_id, payment_id, supporting_project_id) VALUES (970, (SELECT projects.end_date - INTERVAL 28 DAY FROM projects WHERE projects.id=25), 1, 970, 970);
INSERT INTO supporting_packages(id, option_list, package_count, order_id, project_package_id, supporting_project_id) VALUES (970, '["대본 리딩 참관"]', 3, 970, 25, 970);
INSERT INTO supporting_projects(supporting_project_id, supported_at, delivery_id, payment_id, project_id, user_id) VALUES (971, (SELECT projects.end_date - INTERVAL 19 DAY FROM projects WHERE projects.id=25), 971, 971, 25, 15);
INSERT INTO orders (order_id, created_at, delivery_id, payment_id, supporting_project_id) VALUES (971, (SELECT projects.end_date - INTERVAL 19 DAY FROM projects WHERE projects.id=25), 1, 971, 971);
INSERT INTO supporting_packages(id, option_list, package_count, order_id, project_package_id, supporting_project_id) VALUES (971, '["촬영장 방문"]', 2, 971, 25, 971);
INSERT INTO supporting_projects(supporting_project_id, supported_at, delivery_id, payment_id, project_id, user_id) VALUES (972, (SELECT projects.end_date - INTERVAL 33 DAY FROM projects WHERE projects.id=25), 972, 972, 25, 30);
INSERT INTO orders (order_id, created_at, delivery_id, payment_id, supporting_project_id) VALUES (972, (SELECT projects.end_date - INTERVAL 33 DAY FROM projects WHERE projects.id=25), 1, 972, 972);
INSERT INTO supporting_packages(id, option_list, package_count, order_id, project_package_id, supporting_project_id) VALUES (972, '["대본 리딩 참관"]', 5, 972, 25, 972);
INSERT INTO supporting_projects(supporting_project_id, supported_at, delivery_id, payment_id, project_id, user_id) VALUES (973, (SELECT projects.end_date - INTERVAL 14 DAY FROM projects WHERE projects.id=25), 973, 973, 25, 17);
INSERT INTO orders (order_id, created_at, delivery_id, payment_id, supporting_project_id) VALUES (973, (SELECT projects.end_date - INTERVAL 14 DAY FROM projects WHERE projects.id=25), 1, 973, 973);
INSERT INTO supporting_packages(id, option_list, package_count, order_id, project_package_id, supporting_project_id) VALUES (973, '["배우 사인회"]', 2, 973, 25, 973);
INSERT INTO supporting_projects(supporting_project_id, supported_at, delivery_id, payment_id, project_id, user_id) VALUES (974, (SELECT projects.end_date - INTERVAL 14 DAY FROM projects WHERE projects.id=25), 974, 974, 25, 23);
INSERT INTO orders (order_id, created_at, delivery_id, payment_id, supporting_project_id) VALUES (974, (SELECT projects.end_date - INTERVAL 14 DAY FROM projects WHERE projects.id=25), 1, 974, 974);
INSERT INTO supporting_packages(id, option_list, package_count, order_id, project_package_id, supporting_project_id) VALUES (974, '["촬영장 방문"]', 9, 974, 25, 974);
INSERT INTO supporting_projects(supporting_project_id, supported_at, delivery_id, payment_id, project_id, user_id) VALUES (975, (SELECT projects.end_date - INTERVAL 40 DAY FROM projects WHERE projects.id=25), 975, 975, 25, 13);
INSERT INTO orders (order_id, created_at, delivery_id, payment_id, supporting_project_id) VALUES (975, (SELECT projects.end_date - INTERVAL 40 DAY FROM projects WHERE projects.id=25), 1, 975, 975);
INSERT INTO supporting_packages(id, option_list, package_count, order_id, project_package_id, supporting_project_id) VALUES (975, '["촬영장 방문"]', 10, 975, 25, 975);
INSERT INTO supporting_projects(supporting_project_id, supported_at, delivery_id, payment_id, project_id, user_id) VALUES (976, (SELECT projects.end_date - INTERVAL 48 DAY FROM projects WHERE projects.id=25), 976, 976, 25, 31);
INSERT INTO orders (order_id, created_at, delivery_id, payment_id, supporting_project_id) VALUES (976, (SELECT projects.end_date - INTERVAL 48 DAY FROM projects WHERE projects.id=25), 1, 976, 976);
INSERT INTO supporting_packages(id, option_list, package_count, order_id, project_package_id, supporting_project_id) VALUES (976, '["배우 사인회"]', 3, 976, 25, 976);
INSERT INTO supporting_projects(supporting_project_id, supported_at, delivery_id, payment_id, project_id, user_id) VALUES (977, (SELECT projects.end_date - INTERVAL 39 DAY FROM projects WHERE projects.id=25), 977, 977, 25, 21);
INSERT INTO orders (order_id, created_at, delivery_id, payment_id, supporting_project_id) VALUES (977, (SELECT projects.end_date - INTERVAL 39 DAY FROM projects WHERE projects.id=25), 1, 977, 977);
INSERT INTO supporting_packages(id, option_list, package_count, order_id, project_package_id, supporting_project_id) VALUES (977, '["촬영장 방문"]', 8, 977, 25, 977);
INSERT INTO supporting_projects(supporting_project_id, supported_at, delivery_id, payment_id, project_id, user_id) VALUES (978, (SELECT projects.end_date - INTERVAL 35 DAY FROM projects WHERE projects.id=25), 978, 978, 25, 23);
INSERT INTO orders (order_id, created_at, delivery_id, payment_id, supporting_project_id) VALUES (978, (SELECT projects.end_date - INTERVAL 35 DAY FROM projects WHERE projects.id=25), 1, 978, 978);
INSERT INTO supporting_packages(id, option_list, package_count, order_id, project_package_id, supporting_project_id) VALUES (978, '["촬영장 방문"]', 1, 978, 25, 978);
INSERT INTO supporting_projects(supporting_project_id, supported_at, delivery_id, payment_id, project_id, user_id) VALUES (979, (SELECT projects.end_date - INTERVAL 32 DAY FROM projects WHERE projects.id=25), 979, 979, 25, 26);
INSERT INTO orders (order_id, created_at, delivery_id, payment_id, supporting_project_id) VALUES (979, (SELECT projects.end_date - INTERVAL 32 DAY FROM projects WHERE projects.id=25), 1, 979, 979);
INSERT INTO supporting_packages(id, option_list, package_count, order_id, project_package_id, supporting_project_id) VALUES (979, '["촬영장 방문"]', 3, 979, 25, 979);
INSERT INTO supporting_projects(supporting_project_id, supported_at, delivery_id, payment_id, project_id, user_id) VALUES (980, (SELECT projects.end_date - INTERVAL 34 DAY FROM projects WHERE projects.id=25), 980, 980, 25, 39);
INSERT INTO orders (order_id, created_at, delivery_id, payment_id, supporting_project_id) VALUES (980, (SELECT projects.end_date - INTERVAL 34 DAY FROM projects WHERE projects.id=25), 1, 980, 980);
INSERT INTO supporting_packages(id, option_list, package_count, order_id, project_package_id, supporting_project_id) VALUES (980, '["배우 사인회"]', 3, 980, 25, 980);
INSERT INTO supporting_projects(supporting_project_id, supported_at, delivery_id, payment_id, project_id, user_id) VALUES (981, (SELECT projects.end_date - INTERVAL 48 DAY FROM projects WHERE projects.id=25), 981, 981, 25, 31);
INSERT INTO orders (order_id, created_at, delivery_id, payment_id, supporting_project_id) VALUES (981, (SELECT projects.end_date - INTERVAL 48 DAY FROM projects WHERE projects.id=25), 1, 981, 981);
INSERT INTO supporting_packages(id, option_list, package_count, order_id, project_package_id, supporting_project_id) VALUES (981, '["대본 리딩 참관"]', 9, 981, 25, 981);
INSERT INTO supporting_projects(supporting_project_id, supported_at, delivery_id, payment_id, project_id, user_id) VALUES (982, (SELECT projects.end_date - INTERVAL 28 DAY FROM projects WHERE projects.id=25), 982, 982, 25, 31);
INSERT INTO orders (order_id, created_at, delivery_id, payment_id, supporting_project_id) VALUES (982, (SELECT projects.end_date - INTERVAL 28 DAY FROM projects WHERE projects.id=25), 1, 982, 982);
INSERT INTO supporting_packages(id, option_list, package_count, order_id, project_package_id, supporting_project_id) VALUES (982, '["배우 사인회"]', 7, 982, 25, 982);
INSERT INTO supporting_projects(supporting_project_id, supported_at, delivery_id, payment_id, project_id, user_id) VALUES (983, (SELECT projects.end_date - INTERVAL 12 DAY FROM projects WHERE projects.id=25), 983, 983, 25, 22);
INSERT INTO orders (order_id, created_at, delivery_id, payment_id, supporting_project_id) VALUES (983, (SELECT projects.end_date - INTERVAL 12 DAY FROM projects WHERE projects.id=25), 1, 983, 983);
INSERT INTO supporting_packages(id, option_list, package_count, order_id, project_package_id, supporting_project_id) VALUES (983, '["촬영장 방문"]', 10, 983, 25, 983);
INSERT INTO supporting_projects(supporting_project_id, supported_at, delivery_id, payment_id, project_id, user_id) VALUES (984, (SELECT projects.end_date - INTERVAL 34 DAY FROM projects WHERE projects.id=25), 984, 984, 25, 5);
INSERT INTO orders (order_id, created_at, delivery_id, payment_id, supporting_project_id) VALUES (984, (SELECT projects.end_date - INTERVAL 34 DAY FROM projects WHERE projects.id=25), 1, 984, 984);
INSERT INTO supporting_packages(id, option_list, package_count, order_id, project_package_id, supporting_project_id) VALUES (984, '["촬영장 방문"]', 1, 984, 25, 984);
INSERT INTO supporting_projects(supporting_project_id, supported_at, delivery_id, payment_id, project_id, user_id) VALUES (985, (SELECT projects.end_date - INTERVAL 26 DAY FROM projects WHERE projects.id=25), 985, 985, 25, 18);
INSERT INTO orders (order_id, created_at, delivery_id, payment_id, supporting_project_id) VALUES (985, (SELECT projects.end_date - INTERVAL 26 DAY FROM projects WHERE projects.id=25), 1, 985, 985);
INSERT INTO supporting_packages(id, option_list, package_count, order_id, project_package_id, supporting_project_id) VALUES (985, '["대본 리딩 참관"]', 3, 985, 25, 985);
INSERT INTO supporting_projects(supporting_project_id, supported_at, delivery_id, payment_id, project_id, user_id) VALUES (986, (SELECT projects.end_date - INTERVAL 11 DAY FROM projects WHERE projects.id=25), 986, 986, 25, 16);
INSERT INTO orders (order_id, created_at, delivery_id, payment_id, supporting_project_id) VALUES (986, (SELECT projects.end_date - INTERVAL 11 DAY FROM projects WHERE projects.id=25), 1, 986, 986);
INSERT INTO supporting_packages(id, option_list, package_count, order_id, project_package_id, supporting_project_id) VALUES (986, '["촬영장 방문"]', 4, 986, 25, 986);
INSERT INTO supporting_projects(supporting_project_id, supported_at, delivery_id, payment_id, project_id, user_id) VALUES (987, (SELECT projects.end_date - INTERVAL 27 DAY FROM projects WHERE projects.id=25), 987, 987, 25, 2);
INSERT INTO orders (order_id, created_at, delivery_id, payment_id, supporting_project_id) VALUES (987, (SELECT projects.end_date - INTERVAL 27 DAY FROM projects WHERE projects.id=25), 1, 987, 987);
INSERT INTO supporting_packages(id, option_list, package_count, order_id, project_package_id, supporting_project_id) VALUES (987, '["대본 리딩 참관"]', 1, 987, 25, 987);
INSERT INTO supporting_projects(supporting_project_id, supported_at, delivery_id, payment_id, project_id, user_id) VALUES (988, (SELECT projects.end_date - INTERVAL 7 DAY FROM projects WHERE projects.id=25), 988, 988, 25, 29);
INSERT INTO orders (order_id, created_at, delivery_id, payment_id, supporting_project_id) VALUES (988, (SELECT projects.end_date - INTERVAL 7 DAY FROM projects WHERE projects.id=25), 1, 988, 988);
INSERT INTO supporting_packages(id, option_list, package_count, order_id, project_package_id, supporting_project_id) VALUES (988, '["대본 리딩 참관"]', 7, 988, 25, 988);
INSERT INTO supporting_projects(supporting_project_id, supported_at, delivery_id, payment_id, project_id, user_id) VALUES (989, (SELECT projects.end_date - INTERVAL 13 DAY FROM projects WHERE projects.id=25), 989, 989, 25, 22);
INSERT INTO orders (order_id, created_at, delivery_id, payment_id, supporting_project_id) VALUES (989, (SELECT projects.end_date - INTERVAL 13 DAY FROM projects WHERE projects.id=25), 1, 989, 989);
INSERT INTO supporting_packages(id, option_list, package_count, order_id, project_package_id, supporting_project_id) VALUES (989, '["대본 리딩 참관"]', 8, 989, 25, 989);
INSERT INTO supporting_projects(supporting_project_id, supported_at, delivery_id, payment_id, project_id, user_id) VALUES (990, (SELECT projects.end_date - INTERVAL 41 DAY FROM projects WHERE projects.id=25), 990, 990, 25, 3);
INSERT INTO orders (order_id, created_at, delivery_id, payment_id, supporting_project_id) VALUES (990, (SELECT projects.end_date - INTERVAL 41 DAY FROM projects WHERE projects.id=25), 1, 990, 990);
INSERT INTO supporting_packages(id, option_list, package_count, order_id, project_package_id, supporting_project_id) VALUES (990, '["대본 리딩 참관"]', 3, 990, 25, 990);
INSERT INTO supporting_projects(supporting_project_id, supported_at, delivery_id, payment_id, project_id, user_id) VALUES (991, (SELECT projects.end_date - INTERVAL 47 DAY FROM projects WHERE projects.id=25), 991, 991, 25, 23);
INSERT INTO orders (order_id, created_at, delivery_id, payment_id, supporting_project_id) VALUES (991, (SELECT projects.end_date - INTERVAL 47 DAY FROM projects WHERE projects.id=25), 1, 991, 991);
INSERT INTO supporting_packages(id, option_list, package_count, order_id, project_package_id, supporting_project_id) VALUES (991, '["촬영장 방문"]', 10, 991, 25, 991);
INSERT INTO supporting_projects(supporting_project_id, supported_at, delivery_id, payment_id, project_id, user_id) VALUES (992, (SELECT projects.end_date - INTERVAL 9 DAY FROM projects WHERE projects.id=25), 992, 992, 25, 8);
INSERT INTO orders (order_id, created_at, delivery_id, payment_id, supporting_project_id) VALUES (992, (SELECT projects.end_date - INTERVAL 9 DAY FROM projects WHERE projects.id=25), 1, 992, 992);
INSERT INTO supporting_packages(id, option_list, package_count, order_id, project_package_id, supporting_project_id) VALUES (992, '["촬영장 방문"]', 6, 992, 25, 992);
INSERT INTO supporting_projects(supporting_project_id, supported_at, delivery_id, payment_id, project_id, user_id) VALUES (993, (SELECT projects.end_date - INTERVAL 48 DAY FROM projects WHERE projects.id=25), 993, 993, 25, 5);
INSERT INTO orders (order_id, created_at, delivery_id, payment_id, supporting_project_id) VALUES (993, (SELECT projects.end_date - INTERVAL 48 DAY FROM projects WHERE projects.id=25), 1, 993, 993);
INSERT INTO supporting_packages(id, option_list, package_count, order_id, project_package_id, supporting_project_id) VALUES (993, '["촬영장 방문"]', 6, 993, 25, 993);
INSERT INTO supporting_projects(supporting_project_id, supported_at, delivery_id, payment_id, project_id, user_id) VALUES (994, (SELECT projects.end_date - INTERVAL 29 DAY FROM projects WHERE projects.id=25), 994, 994, 25, 27);
INSERT INTO orders (order_id, created_at, delivery_id, payment_id, supporting_project_id) VALUES (994, (SELECT projects.end_date - INTERVAL 29 DAY FROM projects WHERE projects.id=25), 1, 994, 994);
INSERT INTO supporting_packages(id, option_list, package_count, order_id, project_package_id, supporting_project_id) VALUES (994, '["촬영장 방문"]', 9, 994, 25, 994);
INSERT INTO supporting_projects(supporting_project_id, supported_at, delivery_id, payment_id, project_id, user_id) VALUES (995, (SELECT projects.end_date - INTERVAL 36 DAY FROM projects WHERE projects.id=25), 995, 995, 25, 23);
INSERT INTO orders (order_id, created_at, delivery_id, payment_id, supporting_project_id) VALUES (995, (SELECT projects.end_date - INTERVAL 36 DAY FROM projects WHERE projects.id=25), 1, 995, 995);
INSERT INTO supporting_packages(id, option_list, package_count, order_id, project_package_id, supporting_project_id) VALUES (995, '["촬영장 방문"]', 5, 995, 25, 995);
INSERT INTO supporting_projects(supporting_project_id, supported_at, delivery_id, payment_id, project_id, user_id) VALUES (996, (SELECT projects.end_date - INTERVAL 18 DAY FROM projects WHERE projects.id=25), 996, 996, 25, 10);
INSERT INTO orders (order_id, created_at, delivery_id, payment_id, supporting_project_id) VALUES (996, (SELECT projects.end_date - INTERVAL 18 DAY FROM projects WHERE projects.id=25), 1, 996, 996);
INSERT INTO supporting_packages(id, option_list, package_count, order_id, project_package_id, supporting_project_id) VALUES (996, '["촬영장 방문"]', 7, 996, 25, 996);
INSERT INTO supporting_projects(supporting_project_id, supported_at, delivery_id, payment_id, project_id, user_id) VALUES (997, (SELECT projects.end_date - INTERVAL 10 DAY FROM projects WHERE projects.id=25), 997, 997, 25, 15);
INSERT INTO orders (order_id, created_at, delivery_id, payment_id, supporting_project_id) VALUES (997, (SELECT projects.end_date - INTERVAL 10 DAY FROM projects WHERE projects.id=25), 1, 997, 997);
INSERT INTO supporting_packages(id, option_list, package_count, order_id, project_package_id, supporting_project_id) VALUES (997, '["촬영장 방문"]', 10, 997, 25, 997);
INSERT INTO supporting_projects(supporting_project_id, supported_at, delivery_id, payment_id, project_id, user_id) VALUES (998, (SELECT projects.end_date - INTERVAL 8 DAY FROM projects WHERE projects.id=25), 998, 998, 25, 5);
INSERT INTO orders (order_id, created_at, delivery_id, payment_id, supporting_project_id) VALUES (998, (SELECT projects.end_date - INTERVAL 8 DAY FROM projects WHERE projects.id=25), 1, 998, 998);
INSERT INTO supporting_packages(id, option_list, package_count, order_id, project_package_id, supporting_project_id) VALUES (998, '["촬영장 방문"]', 6, 998, 25, 998);
INSERT INTO supporting_projects(supporting_project_id, supported_at, delivery_id, payment_id, project_id, user_id) VALUES (999, (SELECT projects.end_date - INTERVAL 30 DAY FROM projects WHERE projects.id=25), 999, 999, 25, 16);
INSERT INTO orders (order_id, created_at, delivery_id, payment_id, supporting_project_id) VALUES (999, (SELECT projects.end_date - INTERVAL 30 DAY FROM projects WHERE projects.id=25), 1, 999, 999);
INSERT INTO supporting_packages(id, option_list, package_count, order_id, project_package_id, supporting_project_id) VALUES (999, '["배우 사인회"]', 2, 999, 25, 999);
INSERT INTO supporting_projects(supporting_project_id, supported_at, delivery_id, payment_id, project_id, user_id) VALUES (1000, (SELECT projects.end_date - INTERVAL 19 DAY FROM projects WHERE projects.id=25), 1000, 1000, 25, 18);
INSERT INTO orders (order_id, created_at, delivery_id, payment_id, supporting_project_id) VALUES (1000, (SELECT projects.end_date - INTERVAL 19 DAY FROM projects WHERE projects.id=25), 1, 1000, 1000);
INSERT INTO supporting_packages(id, option_list, package_count, order_id, project_package_id, supporting_project_id) VALUES (1000, '["촬영장 방문"]', 5, 1000, 25, 1000);
INSERT INTO supporting_projects(supporting_project_id, supported_at, delivery_id, payment_id, project_id, user_id) VALUES (1001, (SELECT projects.end_date - INTERVAL 23 DAY FROM projects WHERE projects.id=25), 1001, 1001, 25, 25);
INSERT INTO orders (order_id, created_at, delivery_id, payment_id, supporting_project_id) VALUES (1001, (SELECT projects.end_date - INTERVAL 23 DAY FROM projects WHERE projects.id=25), 1, 1001, 1001);
INSERT INTO supporting_packages(id, option_list, package_count, order_id, project_package_id, supporting_project_id) VALUES (1001, '["배우 사인회"]', 7, 1001, 25, 1001);
INSERT INTO supporting_projects(supporting_project_id, supported_at, delivery_id, payment_id, project_id, user_id) VALUES (1002, (SELECT projects.end_date - INTERVAL 42 DAY FROM projects WHERE projects.id=25), 1002, 1002, 25, 18);
INSERT INTO orders (order_id, created_at, delivery_id, payment_id, supporting_project_id) VALUES (1002, (SELECT projects.end_date - INTERVAL 42 DAY FROM projects WHERE projects.id=25), 1, 1002, 1002);
INSERT INTO supporting_packages(id, option_list, package_count, order_id, project_package_id, supporting_project_id) VALUES (1002, '["배우 사인회"]', 3, 1002, 25, 1002);
INSERT INTO supporting_projects(supporting_project_id, supported_at, delivery_id, payment_id, project_id, user_id) VALUES (1003, (SELECT projects.end_date - INTERVAL 30 DAY FROM projects WHERE projects.id=25), 1003, 1003, 25, 5);
INSERT INTO orders (order_id, created_at, delivery_id, payment_id, supporting_project_id) VALUES (1003, (SELECT projects.end_date - INTERVAL 30 DAY FROM projects WHERE projects.id=25), 1, 1003, 1003);
INSERT INTO supporting_packages(id, option_list, package_count, order_id, project_package_id, supporting_project_id) VALUES (1003, '["촬영장 방문"]', 8, 1003, 25, 1003);
INSERT INTO supporting_projects(supporting_project_id, supported_at, delivery_id, payment_id, project_id, user_id) VALUES (1004, (SELECT projects.end_date - INTERVAL 48 DAY FROM projects WHERE projects.id=25), 1004, 1004, 25, 1);
INSERT INTO orders (order_id, created_at, delivery_id, payment_id, supporting_project_id) VALUES (1004, (SELECT projects.end_date - INTERVAL 48 DAY FROM projects WHERE projects.id=25), 1, 1004, 1004);
INSERT INTO supporting_packages(id, option_list, package_count, order_id, project_package_id, supporting_project_id) VALUES (1004, '["배우 사인회"]', 8, 1004, 25, 1004);
INSERT INTO supporting_projects(supporting_project_id, supported_at, delivery_id, payment_id, project_id, user_id) VALUES (1005, (SELECT projects.end_date - INTERVAL 10 DAY FROM projects WHERE projects.id=25), 1005, 1005, 25, 33);
INSERT INTO orders (order_id, created_at, delivery_id, payment_id, supporting_project_id) VALUES (1005, (SELECT projects.end_date - INTERVAL 10 DAY FROM projects WHERE projects.id=25), 1, 1005, 1005);
INSERT INTO supporting_packages(id, option_list, package_count, order_id, project_package_id, supporting_project_id) VALUES (1005, '["배우 사인회"]', 5, 1005, 25, 1005);
INSERT INTO supporting_projects(supporting_project_id, supported_at, delivery_id, payment_id, project_id, user_id) VALUES (1006, (SELECT projects.end_date - INTERVAL 34 DAY FROM projects WHERE projects.id=25), 1006, 1006, 25, 7);
INSERT INTO orders (order_id, created_at, delivery_id, payment_id, supporting_project_id) VALUES (1006, (SELECT projects.end_date - INTERVAL 34 DAY FROM projects WHERE projects.id=25), 1, 1006, 1006);
INSERT INTO supporting_packages(id, option_list, package_count, order_id, project_package_id, supporting_project_id) VALUES (1006, '["대본 리딩 참관"]', 6, 1006, 25, 1006);
INSERT INTO supporting_projects(supporting_project_id, supported_at, delivery_id, payment_id, project_id, user_id) VALUES (1007, (SELECT projects.end_date - INTERVAL 22 DAY FROM projects WHERE projects.id=25), 1007, 1007, 25, 29);
INSERT INTO orders (order_id, created_at, delivery_id, payment_id, supporting_project_id) VALUES (1007, (SELECT projects.end_date - INTERVAL 22 DAY FROM projects WHERE projects.id=25), 1, 1007, 1007);
INSERT INTO supporting_packages(id, option_list, package_count, order_id, project_package_id, supporting_project_id) VALUES (1007, '["대본 리딩 참관"]', 10, 1007, 25, 1007);
INSERT INTO supporting_projects(supporting_project_id, supported_at, delivery_id, payment_id, project_id, user_id) VALUES (1008, (SELECT projects.end_date - INTERVAL 9 DAY FROM projects WHERE projects.id=25), 1008, 1008, 25, 7);
INSERT INTO orders (order_id, created_at, delivery_id, payment_id, supporting_project_id) VALUES (1008, (SELECT projects.end_date - INTERVAL 9 DAY FROM projects WHERE projects.id=25), 1, 1008, 1008);
INSERT INTO supporting_packages(id, option_list, package_count, order_id, project_package_id, supporting_project_id) VALUES (1008, '["배우 사인회"]', 5, 1008, 25, 1008);
INSERT INTO supporting_projects(supporting_project_id, supported_at, delivery_id, payment_id, project_id, user_id) VALUES (1009, (SELECT projects.end_date - INTERVAL 38 DAY FROM projects WHERE projects.id=25), 1009, 1009, 25, 7);
INSERT INTO orders (order_id, created_at, delivery_id, payment_id, supporting_project_id) VALUES (1009, (SELECT projects.end_date - INTERVAL 38 DAY FROM projects WHERE projects.id=25), 1, 1009, 1009);
INSERT INTO supporting_packages(id, option_list, package_count, order_id, project_package_id, supporting_project_id) VALUES (1009, '["촬영장 방문"]', 3, 1009, 25, 1009);
INSERT INTO supporting_projects(supporting_project_id, supported_at, delivery_id, payment_id, project_id, user_id) VALUES (1010, (SELECT projects.end_date - INTERVAL 35 DAY FROM projects WHERE projects.id=25), 1010, 1010, 25, 4);
INSERT INTO orders (order_id, created_at, delivery_id, payment_id, supporting_project_id) VALUES (1010, (SELECT projects.end_date - INTERVAL 35 DAY FROM projects WHERE projects.id=25), 1, 1010, 1010);
INSERT INTO supporting_packages(id, option_list, package_count, order_id, project_package_id, supporting_project_id) VALUES (1010, '["대본 리딩 참관"]', 9, 1010, 25, 1010);
INSERT INTO supporting_projects(supporting_project_id, supported_at, delivery_id, payment_id, project_id, user_id) VALUES (1011, (SELECT projects.end_date - INTERVAL 14 DAY FROM projects WHERE projects.id=25), 1011, 1011, 25, 23);
INSERT INTO orders (order_id, created_at, delivery_id, payment_id, supporting_project_id) VALUES (1011, (SELECT projects.end_date - INTERVAL 14 DAY FROM projects WHERE projects.id=25), 1, 1011, 1011);
INSERT INTO supporting_packages(id, option_list, package_count, order_id, project_package_id, supporting_project_id) VALUES (1011, '["촬영장 방문"]', 4, 1011, 25, 1011);
INSERT INTO supporting_projects(supporting_project_id, supported_at, delivery_id, payment_id, project_id, user_id) VALUES (1012, (SELECT projects.end_date - INTERVAL 15 DAY FROM projects WHERE projects.id=25), 1012, 1012, 25, 6);
INSERT INTO orders (order_id, created_at, delivery_id, payment_id, supporting_project_id) VALUES (1012, (SELECT projects.end_date - INTERVAL 15 DAY FROM projects WHERE projects.id=25), 1, 1012, 1012);
INSERT INTO supporting_packages(id, option_list, package_count, order_id, project_package_id, supporting_project_id) VALUES (1012, '["배우 사인회"]', 1, 1012, 25, 1012);
INSERT INTO supporting_projects(supporting_project_id, supported_at, delivery_id, payment_id, project_id, user_id) VALUES (1013, (SELECT projects.end_date - INTERVAL 19 DAY FROM projects WHERE projects.id=25), 1013, 1013, 25, 16);
INSERT INTO orders (order_id, created_at, delivery_id, payment_id, supporting_project_id) VALUES (1013, (SELECT projects.end_date - INTERVAL 19 DAY FROM projects WHERE projects.id=25), 1, 1013, 1013);
INSERT INTO supporting_packages(id, option_list, package_count, order_id, project_package_id, supporting_project_id) VALUES (1013, '["대본 리딩 참관"]', 6, 1013, 25, 1013);
INSERT INTO supporting_projects(supporting_project_id, supported_at, delivery_id, payment_id, project_id, user_id) VALUES (1014, (SELECT projects.end_date - INTERVAL 16 DAY FROM projects WHERE projects.id=25), 1014, 1014, 25, 12);
INSERT INTO orders (order_id, created_at, delivery_id, payment_id, supporting_project_id) VALUES (1014, (SELECT projects.end_date - INTERVAL 16 DAY FROM projects WHERE projects.id=25), 1, 1014, 1014);
INSERT INTO supporting_packages(id, option_list, package_count, order_id, project_package_id, supporting_project_id) VALUES (1014, '["배우 사인회"]', 9, 1014, 25, 1014);
INSERT INTO supporting_projects(supporting_project_id, supported_at, delivery_id, payment_id, project_id, user_id) VALUES (1015, (SELECT projects.end_date - INTERVAL 22 DAY FROM projects WHERE projects.id=25), 1015, 1015, 25, 5);
INSERT INTO orders (order_id, created_at, delivery_id, payment_id, supporting_project_id) VALUES (1015, (SELECT projects.end_date - INTERVAL 22 DAY FROM projects WHERE projects.id=25), 1, 1015, 1015);
INSERT INTO supporting_packages(id, option_list, package_count, order_id, project_package_id, supporting_project_id) VALUES (1015, '["대본 리딩 참관"]', 8, 1015, 25, 1015);
INSERT INTO supporting_projects(supporting_project_id, supported_at, delivery_id, payment_id, project_id, user_id) VALUES (1016, (SELECT projects.end_date - INTERVAL 13 DAY FROM projects WHERE projects.id=25), 1016, 1016, 25, 4);
INSERT INTO orders (order_id, created_at, delivery_id, payment_id, supporting_project_id) VALUES (1016, (SELECT projects.end_date - INTERVAL 13 DAY FROM projects WHERE projects.id=25), 1, 1016, 1016);
INSERT INTO supporting_packages(id, option_list, package_count, order_id, project_package_id, supporting_project_id) VALUES (1016, '["배우 사인회"]', 7, 1016, 25, 1016);
INSERT INTO supporting_projects(supporting_project_id, supported_at, delivery_id, payment_id, project_id, user_id) VALUES (1017, (SELECT projects.end_date - INTERVAL 23 DAY FROM projects WHERE projects.id=25), 1017, 1017, 25, 31);
INSERT INTO orders (order_id, created_at, delivery_id, payment_id, supporting_project_id) VALUES (1017, (SELECT projects.end_date - INTERVAL 23 DAY FROM projects WHERE projects.id=25), 1, 1017, 1017);
INSERT INTO supporting_packages(id, option_list, package_count, order_id, project_package_id, supporting_project_id) VALUES (1017, '["촬영장 방문"]', 5, 1017, 25, 1017);
INSERT INTO supporting_projects(supporting_project_id, supported_at, delivery_id, payment_id, project_id, user_id) VALUES (1018, (SELECT projects.end_date - INTERVAL 21 DAY FROM projects WHERE projects.id=25), 1018, 1018, 25, 36);
INSERT INTO orders (order_id, created_at, delivery_id, payment_id, supporting_project_id) VALUES (1018, (SELECT projects.end_date - INTERVAL 21 DAY FROM projects WHERE projects.id=25), 1, 1018, 1018);
INSERT INTO supporting_packages(id, option_list, package_count, order_id, project_package_id, supporting_project_id) VALUES (1018, '["촬영장 방문"]', 7, 1018, 25, 1018);
INSERT INTO supporting_projects(supporting_project_id, supported_at, delivery_id, payment_id, project_id, user_id) VALUES (1019, (SELECT projects.end_date - INTERVAL 39 DAY FROM projects WHERE projects.id=25), 1019, 1019, 25, 1);
INSERT INTO orders (order_id, created_at, delivery_id, payment_id, supporting_project_id) VALUES (1019, (SELECT projects.end_date - INTERVAL 39 DAY FROM projects WHERE projects.id=25), 1, 1019, 1019);
INSERT INTO supporting_packages(id, option_list, package_count, order_id, project_package_id, supporting_project_id) VALUES (1019, '["배우 사인회"]', 8, 1019, 25, 1019);
INSERT INTO supporting_projects(supporting_project_id, supported_at, delivery_id, payment_id, project_id, user_id) VALUES (1020, (SELECT projects.end_date - INTERVAL 44 DAY FROM projects WHERE projects.id=25), 1020, 1020, 25, 35);
INSERT INTO orders (order_id, created_at, delivery_id, payment_id, supporting_project_id) VALUES (1020, (SELECT projects.end_date - INTERVAL 44 DAY FROM projects WHERE projects.id=25), 1, 1020, 1020);
INSERT INTO supporting_packages(id, option_list, package_count, order_id, project_package_id, supporting_project_id) VALUES (1020, '["촬영장 방문"]', 4, 1020, 25, 1020);
INSERT INTO supporting_projects(supporting_project_id, supported_at, delivery_id, payment_id, project_id, user_id) VALUES (1021, (SELECT projects.end_date - INTERVAL 49 DAY FROM projects WHERE projects.id=25), 1021, 1021, 25, 39);
INSERT INTO orders (order_id, created_at, delivery_id, payment_id, supporting_project_id) VALUES (1021, (SELECT projects.end_date - INTERVAL 49 DAY FROM projects WHERE projects.id=25), 1, 1021, 1021);
INSERT INTO supporting_packages(id, option_list, package_count, order_id, project_package_id, supporting_project_id) VALUES (1021, '["배우 사인회"]', 6, 1021, 25, 1021);
INSERT INTO supporting_projects(supporting_project_id, supported_at, delivery_id, payment_id, project_id, user_id) VALUES (1022, (SELECT projects.end_date - INTERVAL 49 DAY FROM projects WHERE projects.id=25), 1022, 1022, 25, 39);
INSERT INTO orders (order_id, created_at, delivery_id, payment_id, supporting_project_id) VALUES (1022, (SELECT projects.end_date - INTERVAL 49 DAY FROM projects WHERE projects.id=25), 1, 1022, 1022);
INSERT INTO supporting_packages(id, option_list, package_count, order_id, project_package_id, supporting_project_id) VALUES (1022, '["대본 리딩 참관"]', 4, 1022, 25, 1022);
INSERT INTO supporting_projects(supporting_project_id, supported_at, delivery_id, payment_id, project_id, user_id) VALUES (1023, (SELECT projects.end_date - INTERVAL 31 DAY FROM projects WHERE projects.id=25), 1023, 1023, 25, 27);
INSERT INTO orders (order_id, created_at, delivery_id, payment_id, supporting_project_id) VALUES (1023, (SELECT projects.end_date - INTERVAL 31 DAY FROM projects WHERE projects.id=25), 1, 1023, 1023);
INSERT INTO supporting_packages(id, option_list, package_count, order_id, project_package_id, supporting_project_id) VALUES (1023, '["촬영장 방문"]', 4, 1023, 25, 1023);
INSERT INTO supporting_projects(supporting_project_id, supported_at, delivery_id, payment_id, project_id, user_id) VALUES (1024, (SELECT projects.end_date - INTERVAL 32 DAY FROM projects WHERE projects.id=25), 1024, 1024, 25, 18);
INSERT INTO orders (order_id, created_at, delivery_id, payment_id, supporting_project_id) VALUES (1024, (SELECT projects.end_date - INTERVAL 32 DAY FROM projects WHERE projects.id=25), 1, 1024, 1024);
INSERT INTO supporting_packages(id, option_list, package_count, order_id, project_package_id, supporting_project_id) VALUES (1024, '["촬영장 방문"]', 3, 1024, 25, 1024);
INSERT INTO supporting_projects(supporting_project_id, supported_at, delivery_id, payment_id, project_id, user_id) VALUES (1025, (SELECT projects.end_date - INTERVAL 37 DAY FROM projects WHERE projects.id=25), 1025, 1025, 25, 4);
INSERT INTO orders (order_id, created_at, delivery_id, payment_id, supporting_project_id) VALUES (1025, (SELECT projects.end_date - INTERVAL 37 DAY FROM projects WHERE projects.id=25), 1, 1025, 1025);
INSERT INTO supporting_packages(id, option_list, package_count, order_id, project_package_id, supporting_project_id) VALUES (1025, '["촬영장 방문"]', 7, 1025, 25, 1025);
INSERT INTO supporting_projects(supporting_project_id, supported_at, delivery_id, payment_id, project_id, user_id) VALUES (1026, (SELECT projects.end_date - INTERVAL 28 DAY FROM projects WHERE projects.id=25), 1026, 1026, 25, 10);
INSERT INTO orders (order_id, created_at, delivery_id, payment_id, supporting_project_id) VALUES (1026, (SELECT projects.end_date - INTERVAL 28 DAY FROM projects WHERE projects.id=25), 1, 1026, 1026);
INSERT INTO supporting_packages(id, option_list, package_count, order_id, project_package_id, supporting_project_id) VALUES (1026, '["대본 리딩 참관"]', 8, 1026, 25, 1026);
INSERT INTO supporting_projects(supporting_project_id, supported_at, delivery_id, payment_id, project_id, user_id) VALUES (1027, (SELECT projects.end_date - INTERVAL 37 DAY FROM projects WHERE projects.id=25), 1027, 1027, 25, 38);
INSERT INTO orders (order_id, created_at, delivery_id, payment_id, supporting_project_id) VALUES (1027, (SELECT projects.end_date - INTERVAL 37 DAY FROM projects WHERE projects.id=25), 1, 1027, 1027);
INSERT INTO supporting_packages(id, option_list, package_count, order_id, project_package_id, supporting_project_id) VALUES (1027, '["배우 사인회"]', 8, 1027, 25, 1027);
INSERT INTO supporting_projects(supporting_project_id, supported_at, delivery_id, payment_id, project_id, user_id) VALUES (1028, (SELECT projects.end_date - INTERVAL 24 DAY FROM projects WHERE projects.id=25), 1028, 1028, 25, 19);
INSERT INTO orders (order_id, created_at, delivery_id, payment_id, supporting_project_id) VALUES (1028, (SELECT projects.end_date - INTERVAL 24 DAY FROM projects WHERE projects.id=25), 1, 1028, 1028);
INSERT INTO supporting_packages(id, option_list, package_count, order_id, project_package_id, supporting_project_id) VALUES (1028, '["대본 리딩 참관"]', 5, 1028, 25, 1028);
INSERT INTO supporting_projects(supporting_project_id, supported_at, delivery_id, payment_id, project_id, user_id) VALUES (1029, (SELECT projects.end_date - INTERVAL 21 DAY FROM projects WHERE projects.id=25), 1029, 1029, 25, 8);
INSERT INTO orders (order_id, created_at, delivery_id, payment_id, supporting_project_id) VALUES (1029, (SELECT projects.end_date - INTERVAL 21 DAY FROM projects WHERE projects.id=25), 1, 1029, 1029);
INSERT INTO supporting_packages(id, option_list, package_count, order_id, project_package_id, supporting_project_id) VALUES (1029, '["배우 사인회"]', 7, 1029, 25, 1029);
INSERT INTO supporting_projects(supporting_project_id, supported_at, delivery_id, payment_id, project_id, user_id) VALUES (1030, (SELECT projects.end_date - INTERVAL 33 DAY FROM projects WHERE projects.id=25), 1030, 1030, 25, 25);
INSERT INTO orders (order_id, created_at, delivery_id, payment_id, supporting_project_id) VALUES (1030, (SELECT projects.end_date - INTERVAL 33 DAY FROM projects WHERE projects.id=25), 1, 1030, 1030);
INSERT INTO supporting_packages(id, option_list, package_count, order_id, project_package_id, supporting_project_id) VALUES (1030, '["촬영장 방문"]', 7, 1030, 25, 1030);
INSERT INTO supporting_projects(supporting_project_id, supported_at, delivery_id, payment_id, project_id, user_id) VALUES (1031, (SELECT projects.end_date - INTERVAL 40 DAY FROM projects WHERE projects.id=25), 1031, 1031, 25, 12);
INSERT INTO orders (order_id, created_at, delivery_id, payment_id, supporting_project_id) VALUES (1031, (SELECT projects.end_date - INTERVAL 40 DAY FROM projects WHERE projects.id=25), 1, 1031, 1031);
INSERT INTO supporting_packages(id, option_list, package_count, order_id, project_package_id, supporting_project_id) VALUES (1031, '["배우 사인회"]', 2, 1031, 25, 1031);
INSERT INTO supporting_projects(supporting_project_id, supported_at, delivery_id, payment_id, project_id, user_id) VALUES (1032, (SELECT projects.end_date - INTERVAL 12 DAY FROM projects WHERE projects.id=25), 1032, 1032, 25, 36);
INSERT INTO orders (order_id, created_at, delivery_id, payment_id, supporting_project_id) VALUES (1032, (SELECT projects.end_date - INTERVAL 12 DAY FROM projects WHERE projects.id=25), 1, 1032, 1032);
INSERT INTO supporting_packages(id, option_list, package_count, order_id, project_package_id, supporting_project_id) VALUES (1032, '["촬영장 방문"]', 7, 1032, 25, 1032);
INSERT INTO supporting_projects(supporting_project_id, supported_at, delivery_id, payment_id, project_id, user_id) VALUES (1033, (SELECT projects.end_date - INTERVAL 25 DAY FROM projects WHERE projects.id=25), 1033, 1033, 25, 23);
INSERT INTO orders (order_id, created_at, delivery_id, payment_id, supporting_project_id) VALUES (1033, (SELECT projects.end_date - INTERVAL 25 DAY FROM projects WHERE projects.id=25), 1, 1033, 1033);
INSERT INTO supporting_packages(id, option_list, package_count, order_id, project_package_id, supporting_project_id) VALUES (1033, '["대본 리딩 참관"]', 2, 1033, 25, 1033);
INSERT INTO supporting_projects(supporting_project_id, supported_at, delivery_id, payment_id, project_id, user_id) VALUES (1034, (SELECT projects.end_date - INTERVAL 45 DAY FROM projects WHERE projects.id=25), 1034, 1034, 25, 26);
INSERT INTO orders (order_id, created_at, delivery_id, payment_id, supporting_project_id) VALUES (1034, (SELECT projects.end_date - INTERVAL 45 DAY FROM projects WHERE projects.id=25), 1, 1034, 1034);
INSERT INTO supporting_packages(id, option_list, package_count, order_id, project_package_id, supporting_project_id) VALUES (1034, '["대본 리딩 참관"]', 8, 1034, 25, 1034);
INSERT INTO supporting_projects(supporting_project_id, supported_at, delivery_id, payment_id, project_id, user_id) VALUES (1035, (SELECT projects.end_date - INTERVAL 11 DAY FROM projects WHERE projects.id=25), 1035, 1035, 25, 26);
INSERT INTO orders (order_id, created_at, delivery_id, payment_id, supporting_project_id) VALUES (1035, (SELECT projects.end_date - INTERVAL 11 DAY FROM projects WHERE projects.id=25), 1, 1035, 1035);
INSERT INTO supporting_packages(id, option_list, package_count, order_id, project_package_id, supporting_project_id) VALUES (1035, '["촬영장 방문"]', 5, 1035, 25, 1035);
INSERT INTO supporting_projects(supporting_project_id, supported_at, delivery_id, payment_id, project_id, user_id) VALUES (1036, (SELECT projects.end_date - INTERVAL 39 DAY FROM projects WHERE projects.id=25), 1036, 1036, 25, 33);
INSERT INTO orders (order_id, created_at, delivery_id, payment_id, supporting_project_id) VALUES (1036, (SELECT projects.end_date - INTERVAL 39 DAY FROM projects WHERE projects.id=25), 1, 1036, 1036);
INSERT INTO supporting_packages(id, option_list, package_count, order_id, project_package_id, supporting_project_id) VALUES (1036, '["촬영장 방문"]', 6, 1036, 25, 1036);
INSERT INTO supporting_projects(supporting_project_id, supported_at, delivery_id, payment_id, project_id, user_id) VALUES (1037, (SELECT projects.end_date - INTERVAL 44 DAY FROM projects WHERE projects.id=25), 1037, 1037, 25, 2);
INSERT INTO orders (order_id, created_at, delivery_id, payment_id, supporting_project_id) VALUES (1037, (SELECT projects.end_date - INTERVAL 44 DAY FROM projects WHERE projects.id=25), 1, 1037, 1037);
INSERT INTO supporting_packages(id, option_list, package_count, order_id, project_package_id, supporting_project_id) VALUES (1037, '["배우 사인회"]', 1, 1037, 25, 1037);
INSERT INTO supporting_projects(supporting_project_id, supported_at, delivery_id, payment_id, project_id, user_id) VALUES (1038, (SELECT projects.end_date - INTERVAL 32 DAY FROM projects WHERE projects.id=25), 1038, 1038, 25, 37);
INSERT INTO orders (order_id, created_at, delivery_id, payment_id, supporting_project_id) VALUES (1038, (SELECT projects.end_date - INTERVAL 32 DAY FROM projects WHERE projects.id=25), 1, 1038, 1038);
INSERT INTO supporting_packages(id, option_list, package_count, order_id, project_package_id, supporting_project_id) VALUES (1038, '["대본 리딩 참관"]', 10, 1038, 25, 1038);
INSERT INTO supporting_projects(supporting_project_id, supported_at, delivery_id, payment_id, project_id, user_id) VALUES (1039, (SELECT projects.end_date - INTERVAL 45 DAY FROM projects WHERE projects.id=25), 1039, 1039, 25, 21);
INSERT INTO orders (order_id, created_at, delivery_id, payment_id, supporting_project_id) VALUES (1039, (SELECT projects.end_date - INTERVAL 45 DAY FROM projects WHERE projects.id=25), 1, 1039, 1039);
INSERT INTO supporting_packages(id, option_list, package_count, order_id, project_package_id, supporting_project_id) VALUES (1039, '["배우 사인회"]', 4, 1039, 25, 1039);
INSERT INTO supporting_projects(supporting_project_id, supported_at, delivery_id, payment_id, project_id, user_id) VALUES (1040, (SELECT projects.end_date - INTERVAL 14 DAY FROM projects WHERE projects.id=25), 1040, 1040, 25, 20);
INSERT INTO orders (order_id, created_at, delivery_id, payment_id, supporting_project_id) VALUES (1040, (SELECT projects.end_date - INTERVAL 14 DAY FROM projects WHERE projects.id=25), 1, 1040, 1040);
INSERT INTO supporting_packages(id, option_list, package_count, order_id, project_package_id, supporting_project_id) VALUES (1040, '["대본 리딩 참관"]', 3, 1040, 25, 1040);
INSERT INTO supporting_projects(supporting_project_id, supported_at, delivery_id, payment_id, project_id, user_id) VALUES (1041, (SELECT projects.end_date - INTERVAL 8 DAY FROM projects WHERE projects.id=25), 1041, 1041, 25, 16);
INSERT INTO orders (order_id, created_at, delivery_id, payment_id, supporting_project_id) VALUES (1041, (SELECT projects.end_date - INTERVAL 8 DAY FROM projects WHERE projects.id=25), 1, 1041, 1041);
INSERT INTO supporting_packages(id, option_list, package_count, order_id, project_package_id, supporting_project_id) VALUES (1041, '["배우 사인회"]', 3, 1041, 25, 1041);
INSERT INTO supporting_projects(supporting_project_id, supported_at, delivery_id, payment_id, project_id, user_id) VALUES (1042, (SELECT projects.end_date - INTERVAL 36 DAY FROM projects WHERE projects.id=25), 1042, 1042, 25, 19);
INSERT INTO orders (order_id, created_at, delivery_id, payment_id, supporting_project_id) VALUES (1042, (SELECT projects.end_date - INTERVAL 36 DAY FROM projects WHERE projects.id=25), 1, 1042, 1042);
INSERT INTO supporting_packages(id, option_list, package_count, order_id, project_package_id, supporting_project_id) VALUES (1042, '["대본 리딩 참관"]', 3, 1042, 25, 1042);
INSERT INTO supporting_projects(supporting_project_id, supported_at, delivery_id, payment_id, project_id, user_id) VALUES (1043, (SELECT projects.end_date - INTERVAL 38 DAY FROM projects WHERE projects.id=25), 1043, 1043, 25, 11);
INSERT INTO orders (order_id, created_at, delivery_id, payment_id, supporting_project_id) VALUES (1043, (SELECT projects.end_date - INTERVAL 38 DAY FROM projects WHERE projects.id=25), 1, 1043, 1043);
INSERT INTO supporting_packages(id, option_list, package_count, order_id, project_package_id, supporting_project_id) VALUES (1043, '["배우 사인회"]', 6, 1043, 25, 1043);
INSERT INTO supporting_projects(supporting_project_id, supported_at, delivery_id, payment_id, project_id, user_id) VALUES (1044, (SELECT projects.end_date - INTERVAL 35 DAY FROM projects WHERE projects.id=25), 1044, 1044, 25, 21);
INSERT INTO orders (order_id, created_at, delivery_id, payment_id, supporting_project_id) VALUES (1044, (SELECT projects.end_date - INTERVAL 35 DAY FROM projects WHERE projects.id=25), 1, 1044, 1044);
INSERT INTO supporting_packages(id, option_list, package_count, order_id, project_package_id, supporting_project_id) VALUES (1044, '["대본 리딩 참관"]', 4, 1044, 25, 1044);
INSERT INTO supporting_projects(supporting_project_id, supported_at, delivery_id, payment_id, project_id, user_id) VALUES (1045, (SELECT projects.end_date - INTERVAL 32 DAY FROM projects WHERE projects.id=25), 1045, 1045, 25, 18);
INSERT INTO orders (order_id, created_at, delivery_id, payment_id, supporting_project_id) VALUES (1045, (SELECT projects.end_date - INTERVAL 32 DAY FROM projects WHERE projects.id=25), 1, 1045, 1045);
INSERT INTO supporting_packages(id, option_list, package_count, order_id, project_package_id, supporting_project_id) VALUES (1045, '["대본 리딩 참관"]', 10, 1045, 25, 1045);
INSERT INTO supporting_projects(supporting_project_id, supported_at, delivery_id, payment_id, project_id, user_id) VALUES (1046, (SELECT projects.end_date - INTERVAL 41 DAY FROM projects WHERE projects.id=25), 1046, 1046, 25, 34);
INSERT INTO orders (order_id, created_at, delivery_id, payment_id, supporting_project_id) VALUES (1046, (SELECT projects.end_date - INTERVAL 41 DAY FROM projects WHERE projects.id=25), 1, 1046, 1046);
INSERT INTO supporting_packages(id, option_list, package_count, order_id, project_package_id, supporting_project_id) VALUES (1046, '["대본 리딩 참관"]', 10, 1046, 25, 1046);
INSERT INTO supporting_projects(supporting_project_id, supported_at, delivery_id, payment_id, project_id, user_id) VALUES (1047, (SELECT projects.end_date - INTERVAL 39 DAY FROM projects WHERE projects.id=25), 1047, 1047, 25, 38);
INSERT INTO orders (order_id, created_at, delivery_id, payment_id, supporting_project_id) VALUES (1047, (SELECT projects.end_date - INTERVAL 39 DAY FROM projects WHERE projects.id=25), 1, 1047, 1047);
INSERT INTO supporting_packages(id, option_list, package_count, order_id, project_package_id, supporting_project_id) VALUES (1047, '["대본 리딩 참관"]', 7, 1047, 25, 1047);
INSERT INTO supporting_projects(supporting_project_id, supported_at, delivery_id, payment_id, project_id, user_id) VALUES (1048, (SELECT projects.end_date - INTERVAL 7 DAY FROM projects WHERE projects.id=25), 1048, 1048, 25, 31);
INSERT INTO orders (order_id, created_at, delivery_id, payment_id, supporting_project_id) VALUES (1048, (SELECT projects.end_date - INTERVAL 7 DAY FROM projects WHERE projects.id=25), 1, 1048, 1048);
INSERT INTO supporting_packages(id, option_list, package_count, order_id, project_package_id, supporting_project_id) VALUES (1048, '["촬영장 방문"]', 6, 1048, 25, 1048);
INSERT INTO supporting_projects(supporting_project_id, supported_at, delivery_id, payment_id, project_id, user_id) VALUES (1049, (SELECT projects.end_date - INTERVAL 33 DAY FROM projects WHERE projects.id=25), 1049, 1049, 25, 15);
INSERT INTO orders (order_id, created_at, delivery_id, payment_id, supporting_project_id) VALUES (1049, (SELECT projects.end_date - INTERVAL 33 DAY FROM projects WHERE projects.id=25), 1, 1049, 1049);
INSERT INTO supporting_packages(id, option_list, package_count, order_id, project_package_id, supporting_project_id) VALUES (1049, '["촬영장 방문"]', 1, 1049, 25, 1049);
INSERT INTO supporting_projects(supporting_project_id, supported_at, delivery_id, payment_id, project_id, user_id) VALUES (1050, (SELECT projects.end_date - INTERVAL 42 DAY FROM projects WHERE projects.id=25), 1050, 1050, 25, 14);
INSERT INTO orders (order_id, created_at, delivery_id, payment_id, supporting_project_id) VALUES (1050, (SELECT projects.end_date - INTERVAL 42 DAY FROM projects WHERE projects.id=25), 1, 1050, 1050);
INSERT INTO supporting_packages(id, option_list, package_count, order_id, project_package_id, supporting_project_id) VALUES (1050, '["대본 리딩 참관"]', 7, 1050, 25, 1050);
INSERT INTO supporting_projects(supporting_project_id, supported_at, delivery_id, payment_id, project_id, user_id) VALUES (1051, (SELECT projects.end_date - INTERVAL 19 DAY FROM projects WHERE projects.id=25), 1051, 1051, 25, 28);
INSERT INTO orders (order_id, created_at, delivery_id, payment_id, supporting_project_id) VALUES (1051, (SELECT projects.end_date - INTERVAL 19 DAY FROM projects WHERE projects.id=25), 1, 1051, 1051);
INSERT INTO supporting_packages(id, option_list, package_count, order_id, project_package_id, supporting_project_id) VALUES (1051, '["대본 리딩 참관"]', 7, 1051, 25, 1051);
INSERT INTO supporting_projects(supporting_project_id, supported_at, delivery_id, payment_id, project_id, user_id) VALUES (1052, (SELECT projects.end_date - INTERVAL 42 DAY FROM projects WHERE projects.id=25), 1052, 1052, 25, 35);
INSERT INTO orders (order_id, created_at, delivery_id, payment_id, supporting_project_id) VALUES (1052, (SELECT projects.end_date - INTERVAL 42 DAY FROM projects WHERE projects.id=25), 1, 1052, 1052);
INSERT INTO supporting_packages(id, option_list, package_count, order_id, project_package_id, supporting_project_id) VALUES (1052, '["대본 리딩 참관"]', 5, 1052, 25, 1052);
INSERT INTO supporting_projects(supporting_project_id, supported_at, delivery_id, payment_id, project_id, user_id) VALUES (1053, (SELECT projects.end_date - INTERVAL 38 DAY FROM projects WHERE projects.id=25), 1053, 1053, 25, 25);
INSERT INTO orders (order_id, created_at, delivery_id, payment_id, supporting_project_id) VALUES (1053, (SELECT projects.end_date - INTERVAL 38 DAY FROM projects WHERE projects.id=25), 1, 1053, 1053);
INSERT INTO supporting_packages(id, option_list, package_count, order_id, project_package_id, supporting_project_id) VALUES (1053, '["대본 리딩 참관"]', 4, 1053, 25, 1053);
INSERT INTO supporting_projects(supporting_project_id, supported_at, delivery_id, payment_id, project_id, user_id) VALUES (1054, (SELECT projects.end_date - INTERVAL 50 DAY FROM projects WHERE projects.id=25), 1054, 1054, 25, 38);
INSERT INTO orders (order_id, created_at, delivery_id, payment_id, supporting_project_id) VALUES (1054, (SELECT projects.end_date - INTERVAL 50 DAY FROM projects WHERE projects.id=25), 1, 1054, 1054);
INSERT INTO supporting_packages(id, option_list, package_count, order_id, project_package_id, supporting_project_id) VALUES (1054, '["대본 리딩 참관"]', 4, 1054, 25, 1054);
INSERT INTO supporting_projects(supporting_project_id, supported_at, delivery_id, payment_id, project_id, user_id) VALUES (1055, (SELECT projects.end_date - INTERVAL 41 DAY FROM projects WHERE projects.id=25), 1055, 1055, 25, 23);
INSERT INTO orders (order_id, created_at, delivery_id, payment_id, supporting_project_id) VALUES (1055, (SELECT projects.end_date - INTERVAL 41 DAY FROM projects WHERE projects.id=25), 1, 1055, 1055);
INSERT INTO supporting_packages(id, option_list, package_count, order_id, project_package_id, supporting_project_id) VALUES (1055, '["촬영장 방문"]', 2, 1055, 25, 1055);
INSERT INTO supporting_projects(supporting_project_id, supported_at, delivery_id, payment_id, project_id, user_id) VALUES (1056, (SELECT projects.end_date - INTERVAL 48 DAY FROM projects WHERE projects.id=25), 1056, 1056, 25, 17);
INSERT INTO orders (order_id, created_at, delivery_id, payment_id, supporting_project_id) VALUES (1056, (SELECT projects.end_date - INTERVAL 48 DAY FROM projects WHERE projects.id=25), 1, 1056, 1056);
INSERT INTO supporting_packages(id, option_list, package_count, order_id, project_package_id, supporting_project_id) VALUES (1056, '["촬영장 방문"]', 7, 1056, 25, 1056);
INSERT INTO supporting_projects(supporting_project_id, supported_at, delivery_id, payment_id, project_id, user_id) VALUES (1057, (SELECT projects.end_date - INTERVAL 7 DAY FROM projects WHERE projects.id=25), 1057, 1057, 25, 2);
INSERT INTO orders (order_id, created_at, delivery_id, payment_id, supporting_project_id) VALUES (1057, (SELECT projects.end_date - INTERVAL 7 DAY FROM projects WHERE projects.id=25), 1, 1057, 1057);
INSERT INTO supporting_packages(id, option_list, package_count, order_id, project_package_id, supporting_project_id) VALUES (1057, '["배우 사인회"]', 1, 1057, 25, 1057);
INSERT INTO supporting_projects(supporting_project_id, supported_at, delivery_id, payment_id, project_id, user_id) VALUES (1058, (SELECT projects.end_date - INTERVAL 41 DAY FROM projects WHERE projects.id=25), 1058, 1058, 25, 23);
INSERT INTO orders (order_id, created_at, delivery_id, payment_id, supporting_project_id) VALUES (1058, (SELECT projects.end_date - INTERVAL 41 DAY FROM projects WHERE projects.id=25), 1, 1058, 1058);
INSERT INTO supporting_packages(id, option_list, package_count, order_id, project_package_id, supporting_project_id) VALUES (1058, '["배우 사인회"]', 3, 1058, 25, 1058);
INSERT INTO supporting_projects(supporting_project_id, supported_at, delivery_id, payment_id, project_id, user_id) VALUES (1059, (SELECT projects.end_date - INTERVAL 29 DAY FROM projects WHERE projects.id=25), 1059, 1059, 25, 9);
INSERT INTO orders (order_id, created_at, delivery_id, payment_id, supporting_project_id) VALUES (1059, (SELECT projects.end_date - INTERVAL 29 DAY FROM projects WHERE projects.id=25), 1, 1059, 1059);
INSERT INTO supporting_packages(id, option_list, package_count, order_id, project_package_id, supporting_project_id) VALUES (1059, '["촬영장 방문"]', 5, 1059, 25, 1059);
INSERT INTO supporting_projects(supporting_project_id, supported_at, delivery_id, payment_id, project_id, user_id) VALUES (1060, (SELECT projects.end_date - INTERVAL 29 DAY FROM projects WHERE projects.id=25), 1060, 1060, 25, 29);
INSERT INTO orders (order_id, created_at, delivery_id, payment_id, supporting_project_id) VALUES (1060, (SELECT projects.end_date - INTERVAL 29 DAY FROM projects WHERE projects.id=25), 1, 1060, 1060);
INSERT INTO supporting_packages(id, option_list, package_count, order_id, project_package_id, supporting_project_id) VALUES (1060, '["배우 사인회"]', 7, 1060, 25, 1060);
INSERT INTO supporting_projects(supporting_project_id, supported_at, delivery_id, payment_id, project_id, user_id) VALUES (1061, (SELECT projects.end_date - INTERVAL 39 DAY FROM projects WHERE projects.id=25), 1061, 1061, 25, 13);
INSERT INTO orders (order_id, created_at, delivery_id, payment_id, supporting_project_id) VALUES (1061, (SELECT projects.end_date - INTERVAL 39 DAY FROM projects WHERE projects.id=25), 1, 1061, 1061);
INSERT INTO supporting_packages(id, option_list, package_count, order_id, project_package_id, supporting_project_id) VALUES (1061, '["촬영장 방문"]', 1, 1061, 25, 1061);
INSERT INTO supporting_projects(supporting_project_id, supported_at, delivery_id, payment_id, project_id, user_id) VALUES (1062, (SELECT projects.end_date - INTERVAL 11 DAY FROM projects WHERE projects.id=25), 1062, 1062, 25, 2);
INSERT INTO orders (order_id, created_at, delivery_id, payment_id, supporting_project_id) VALUES (1062, (SELECT projects.end_date - INTERVAL 11 DAY FROM projects WHERE projects.id=25), 1, 1062, 1062);
INSERT INTO supporting_packages(id, option_list, package_count, order_id, project_package_id, supporting_project_id) VALUES (1062, '["배우 사인회"]', 5, 1062, 25, 1062);
INSERT INTO supporting_projects(supporting_project_id, supported_at, delivery_id, payment_id, project_id, user_id) VALUES (1063, (SELECT projects.end_date - INTERVAL 7 DAY FROM projects WHERE projects.id=25), 1063, 1063, 25, 5);
INSERT INTO orders (order_id, created_at, delivery_id, payment_id, supporting_project_id) VALUES (1063, (SELECT projects.end_date - INTERVAL 7 DAY FROM projects WHERE projects.id=25), 1, 1063, 1063);
INSERT INTO supporting_packages(id, option_list, package_count, order_id, project_package_id, supporting_project_id) VALUES (1063, '["대본 리딩 참관"]', 1, 1063, 25, 1063);
INSERT INTO supporting_projects(supporting_project_id, supported_at, delivery_id, payment_id, project_id, user_id) VALUES (1064, (SELECT projects.end_date - INTERVAL 49 DAY FROM projects WHERE projects.id=27), 1064, 1064, 27, 19);
INSERT INTO orders (order_id, created_at, delivery_id, payment_id, supporting_project_id) VALUES (1064, (SELECT projects.end_date - INTERVAL 49 DAY FROM projects WHERE projects.id=27), 1, 1064, 1064);
INSERT INTO supporting_packages(id, option_list, package_count, order_id, project_package_id, supporting_project_id) VALUES (1064, '["폰케이스"]', 4, 1064, 27, 1064);
INSERT INTO supporting_projects(supporting_project_id, supported_at, delivery_id, payment_id, project_id, user_id) VALUES (1065, (SELECT projects.end_date - INTERVAL 28 DAY FROM projects WHERE projects.id=27), 1065, 1065, 27, 34);
INSERT INTO orders (order_id, created_at, delivery_id, payment_id, supporting_project_id) VALUES (1065, (SELECT projects.end_date - INTERVAL 28 DAY FROM projects WHERE projects.id=27), 1, 1065, 1065);
INSERT INTO supporting_packages(id, option_list, package_count, order_id, project_package_id, supporting_project_id) VALUES (1065, '["키링"]', 6, 1065, 27, 1065);
INSERT INTO supporting_projects(supporting_project_id, supported_at, delivery_id, payment_id, project_id, user_id) VALUES (1066, (SELECT projects.end_date - INTERVAL 42 DAY FROM projects WHERE projects.id=27), 1066, 1066, 27, 25);
INSERT INTO orders (order_id, created_at, delivery_id, payment_id, supporting_project_id) VALUES (1066, (SELECT projects.end_date - INTERVAL 42 DAY FROM projects WHERE projects.id=27), 1, 1066, 1066);
INSERT INTO supporting_packages(id, option_list, package_count, order_id, project_package_id, supporting_project_id) VALUES (1066, '["폰케이스"]', 10, 1066, 27, 1066);
INSERT INTO supporting_projects(supporting_project_id, supported_at, delivery_id, payment_id, project_id, user_id) VALUES (1067, (SELECT projects.end_date - INTERVAL 34 DAY FROM projects WHERE projects.id=27), 1067, 1067, 27, 9);
INSERT INTO orders (order_id, created_at, delivery_id, payment_id, supporting_project_id) VALUES (1067, (SELECT projects.end_date - INTERVAL 34 DAY FROM projects WHERE projects.id=27), 1, 1067, 1067);
INSERT INTO supporting_packages(id, option_list, package_count, order_id, project_package_id, supporting_project_id) VALUES (1067, '["키링"]', 7, 1067, 27, 1067);
INSERT INTO supporting_projects(supporting_project_id, supported_at, delivery_id, payment_id, project_id, user_id) VALUES (1068, (SELECT projects.end_date - INTERVAL 35 DAY FROM projects WHERE projects.id=27), 1068, 1068, 27, 31);
INSERT INTO orders (order_id, created_at, delivery_id, payment_id, supporting_project_id) VALUES (1068, (SELECT projects.end_date - INTERVAL 35 DAY FROM projects WHERE projects.id=27), 1, 1068, 1068);
INSERT INTO supporting_packages(id, option_list, package_count, order_id, project_package_id, supporting_project_id) VALUES (1068, '["키링"]', 1, 1068, 27, 1068);
INSERT INTO supporting_projects(supporting_project_id, supported_at, delivery_id, payment_id, project_id, user_id) VALUES (1069, (SELECT projects.end_date - INTERVAL 47 DAY FROM projects WHERE projects.id=27), 1069, 1069, 27, 36);
INSERT INTO orders (order_id, created_at, delivery_id, payment_id, supporting_project_id) VALUES (1069, (SELECT projects.end_date - INTERVAL 47 DAY FROM projects WHERE projects.id=27), 1, 1069, 1069);
INSERT INTO supporting_packages(id, option_list, package_count, order_id, project_package_id, supporting_project_id) VALUES (1069, '["키링"]', 7, 1069, 27, 1069);
INSERT INTO supporting_projects(supporting_project_id, supported_at, delivery_id, payment_id, project_id, user_id) VALUES (1070, (SELECT projects.end_date - INTERVAL 33 DAY FROM projects WHERE projects.id=27), 1070, 1070, 27, 4);
INSERT INTO orders (order_id, created_at, delivery_id, payment_id, supporting_project_id) VALUES (1070, (SELECT projects.end_date - INTERVAL 33 DAY FROM projects WHERE projects.id=27), 1, 1070, 1070);
INSERT INTO supporting_packages(id, option_list, package_count, order_id, project_package_id, supporting_project_id) VALUES (1070, '["키링"]', 2, 1070, 27, 1070);
INSERT INTO supporting_projects(supporting_project_id, supported_at, delivery_id, payment_id, project_id, user_id) VALUES (1071, (SELECT projects.end_date - INTERVAL 7 DAY FROM projects WHERE projects.id=27), 1071, 1071, 27, 15);
INSERT INTO orders (order_id, created_at, delivery_id, payment_id, supporting_project_id) VALUES (1071, (SELECT projects.end_date - INTERVAL 7 DAY FROM projects WHERE projects.id=27), 1, 1071, 1071);
INSERT INTO supporting_packages(id, option_list, package_count, order_id, project_package_id, supporting_project_id) VALUES (1071, '["키링"]', 1, 1071, 27, 1071);
INSERT INTO supporting_projects(supporting_project_id, supported_at, delivery_id, payment_id, project_id, user_id) VALUES (1072, (SELECT projects.end_date - INTERVAL 45 DAY FROM projects WHERE projects.id=27), 1072, 1072, 27, 40);
INSERT INTO orders (order_id, created_at, delivery_id, payment_id, supporting_project_id) VALUES (1072, (SELECT projects.end_date - INTERVAL 45 DAY FROM projects WHERE projects.id=27), 1, 1072, 1072);
INSERT INTO supporting_packages(id, option_list, package_count, order_id, project_package_id, supporting_project_id) VALUES (1072, '["폰케이스"]', 6, 1072, 27, 1072);
INSERT INTO supporting_projects(supporting_project_id, supported_at, delivery_id, payment_id, project_id, user_id) VALUES (1073, (SELECT projects.end_date - INTERVAL 13 DAY FROM projects WHERE projects.id=27), 1073, 1073, 27, 39);
INSERT INTO orders (order_id, created_at, delivery_id, payment_id, supporting_project_id) VALUES (1073, (SELECT projects.end_date - INTERVAL 13 DAY FROM projects WHERE projects.id=27), 1, 1073, 1073);
INSERT INTO supporting_packages(id, option_list, package_count, order_id, project_package_id, supporting_project_id) VALUES (1073, '["폰케이스"]', 3, 1073, 27, 1073);
INSERT INTO supporting_projects(supporting_project_id, supported_at, delivery_id, payment_id, project_id, user_id) VALUES (1074, (SELECT projects.end_date - INTERVAL 30 DAY FROM projects WHERE projects.id=27), 1074, 1074, 27, 18);
INSERT INTO orders (order_id, created_at, delivery_id, payment_id, supporting_project_id) VALUES (1074, (SELECT projects.end_date - INTERVAL 30 DAY FROM projects WHERE projects.id=27), 1, 1074, 1074);
INSERT INTO supporting_packages(id, option_list, package_count, order_id, project_package_id, supporting_project_id) VALUES (1074, '["포토카드"]', 9, 1074, 27, 1074);
INSERT INTO supporting_projects(supporting_project_id, supported_at, delivery_id, payment_id, project_id, user_id) VALUES (1075, (SELECT projects.end_date - INTERVAL 12 DAY FROM projects WHERE projects.id=27), 1075, 1075, 27, 38);
INSERT INTO orders (order_id, created_at, delivery_id, payment_id, supporting_project_id) VALUES (1075, (SELECT projects.end_date - INTERVAL 12 DAY FROM projects WHERE projects.id=27), 1, 1075, 1075);
INSERT INTO supporting_packages(id, option_list, package_count, order_id, project_package_id, supporting_project_id) VALUES (1075, '["키링"]', 10, 1075, 27, 1075);
INSERT INTO supporting_projects(supporting_project_id, supported_at, delivery_id, payment_id, project_id, user_id) VALUES (1076, (SELECT projects.end_date - INTERVAL 48 DAY FROM projects WHERE projects.id=27), 1076, 1076, 27, 37);
INSERT INTO orders (order_id, created_at, delivery_id, payment_id, supporting_project_id) VALUES (1076, (SELECT projects.end_date - INTERVAL 48 DAY FROM projects WHERE projects.id=27), 1, 1076, 1076);
INSERT INTO supporting_packages(id, option_list, package_count, order_id, project_package_id, supporting_project_id) VALUES (1076, '["키링"]', 10, 1076, 27, 1076);
INSERT INTO supporting_projects(supporting_project_id, supported_at, delivery_id, payment_id, project_id, user_id) VALUES (1077, (SELECT projects.end_date - INTERVAL 34 DAY FROM projects WHERE projects.id=27), 1077, 1077, 27, 1);
INSERT INTO orders (order_id, created_at, delivery_id, payment_id, supporting_project_id) VALUES (1077, (SELECT projects.end_date - INTERVAL 34 DAY FROM projects WHERE projects.id=27), 1, 1077, 1077);
INSERT INTO supporting_packages(id, option_list, package_count, order_id, project_package_id, supporting_project_id) VALUES (1077, '["키링"]', 4, 1077, 27, 1077);
INSERT INTO supporting_projects(supporting_project_id, supported_at, delivery_id, payment_id, project_id, user_id) VALUES (1078, (SELECT projects.end_date - INTERVAL 10 DAY FROM projects WHERE projects.id=27), 1078, 1078, 27, 21);
INSERT INTO orders (order_id, created_at, delivery_id, payment_id, supporting_project_id) VALUES (1078, (SELECT projects.end_date - INTERVAL 10 DAY FROM projects WHERE projects.id=27), 1, 1078, 1078);
INSERT INTO supporting_packages(id, option_list, package_count, order_id, project_package_id, supporting_project_id) VALUES (1078, '["키링"]', 9, 1078, 27, 1078);
INSERT INTO supporting_projects(supporting_project_id, supported_at, delivery_id, payment_id, project_id, user_id) VALUES (1079, (SELECT projects.end_date - INTERVAL 21 DAY FROM projects WHERE projects.id=27), 1079, 1079, 27, 24);
INSERT INTO orders (order_id, created_at, delivery_id, payment_id, supporting_project_id) VALUES (1079, (SELECT projects.end_date - INTERVAL 21 DAY FROM projects WHERE projects.id=27), 1, 1079, 1079);
INSERT INTO supporting_packages(id, option_list, package_count, order_id, project_package_id, supporting_project_id) VALUES (1079, '["폰케이스"]', 8, 1079, 27, 1079);
INSERT INTO supporting_projects(supporting_project_id, supported_at, delivery_id, payment_id, project_id, user_id) VALUES (1080, (SELECT projects.end_date - INTERVAL 43 DAY FROM projects WHERE projects.id=27), 1080, 1080, 27, 8);
INSERT INTO orders (order_id, created_at, delivery_id, payment_id, supporting_project_id) VALUES (1080, (SELECT projects.end_date - INTERVAL 43 DAY FROM projects WHERE projects.id=27), 1, 1080, 1080);
INSERT INTO supporting_packages(id, option_list, package_count, order_id, project_package_id, supporting_project_id) VALUES (1080, '["키링"]', 9, 1080, 27, 1080);
INSERT INTO supporting_projects(supporting_project_id, supported_at, delivery_id, payment_id, project_id, user_id) VALUES (1081, (SELECT projects.end_date - INTERVAL 23 DAY FROM projects WHERE projects.id=27), 1081, 1081, 27, 14);
INSERT INTO orders (order_id, created_at, delivery_id, payment_id, supporting_project_id) VALUES (1081, (SELECT projects.end_date - INTERVAL 23 DAY FROM projects WHERE projects.id=27), 1, 1081, 1081);
INSERT INTO supporting_packages(id, option_list, package_count, order_id, project_package_id, supporting_project_id) VALUES (1081, '["키링"]', 3, 1081, 27, 1081);
INSERT INTO supporting_projects(supporting_project_id, supported_at, delivery_id, payment_id, project_id, user_id) VALUES (1082, (SELECT projects.end_date - INTERVAL 49 DAY FROM projects WHERE projects.id=27), 1082, 1082, 27, 33);
INSERT INTO orders (order_id, created_at, delivery_id, payment_id, supporting_project_id) VALUES (1082, (SELECT projects.end_date - INTERVAL 49 DAY FROM projects WHERE projects.id=27), 1, 1082, 1082);
INSERT INTO supporting_packages(id, option_list, package_count, order_id, project_package_id, supporting_project_id) VALUES (1082, '["포토카드"]', 4, 1082, 27, 1082);
INSERT INTO supporting_projects(supporting_project_id, supported_at, delivery_id, payment_id, project_id, user_id) VALUES (1083, (SELECT projects.end_date - INTERVAL 24 DAY FROM projects WHERE projects.id=27), 1083, 1083, 27, 8);
INSERT INTO orders (order_id, created_at, delivery_id, payment_id, supporting_project_id) VALUES (1083, (SELECT projects.end_date - INTERVAL 24 DAY FROM projects WHERE projects.id=27), 1, 1083, 1083);
INSERT INTO supporting_packages(id, option_list, package_count, order_id, project_package_id, supporting_project_id) VALUES (1083, '["폰케이스"]', 2, 1083, 27, 1083);
INSERT INTO supporting_projects(supporting_project_id, supported_at, delivery_id, payment_id, project_id, user_id) VALUES (1084, (SELECT projects.end_date - INTERVAL 7 DAY FROM projects WHERE projects.id=27), 1084, 1084, 27, 9);
INSERT INTO orders (order_id, created_at, delivery_id, payment_id, supporting_project_id) VALUES (1084, (SELECT projects.end_date - INTERVAL 7 DAY FROM projects WHERE projects.id=27), 1, 1084, 1084);
INSERT INTO supporting_packages(id, option_list, package_count, order_id, project_package_id, supporting_project_id) VALUES (1084, '["키링"]', 5, 1084, 27, 1084);
INSERT INTO supporting_projects(supporting_project_id, supported_at, delivery_id, payment_id, project_id, user_id) VALUES (1085, (SELECT projects.end_date - INTERVAL 26 DAY FROM projects WHERE projects.id=27), 1085, 1085, 27, 24);
INSERT INTO orders (order_id, created_at, delivery_id, payment_id, supporting_project_id) VALUES (1085, (SELECT projects.end_date - INTERVAL 26 DAY FROM projects WHERE projects.id=27), 1, 1085, 1085);
INSERT INTO supporting_packages(id, option_list, package_count, order_id, project_package_id, supporting_project_id) VALUES (1085, '["폰케이스"]', 1, 1085, 27, 1085);
INSERT INTO supporting_projects(supporting_project_id, supported_at, delivery_id, payment_id, project_id, user_id) VALUES (1086, (SELECT projects.end_date - INTERVAL 15 DAY FROM projects WHERE projects.id=27), 1086, 1086, 27, 15);
INSERT INTO orders (order_id, created_at, delivery_id, payment_id, supporting_project_id) VALUES (1086, (SELECT projects.end_date - INTERVAL 15 DAY FROM projects WHERE projects.id=27), 1, 1086, 1086);
INSERT INTO supporting_packages(id, option_list, package_count, order_id, project_package_id, supporting_project_id) VALUES (1086, '["키링"]', 5, 1086, 27, 1086);
INSERT INTO supporting_projects(supporting_project_id, supported_at, delivery_id, payment_id, project_id, user_id) VALUES (1087, (SELECT projects.end_date - INTERVAL 50 DAY FROM projects WHERE projects.id=27), 1087, 1087, 27, 33);
INSERT INTO orders (order_id, created_at, delivery_id, payment_id, supporting_project_id) VALUES (1087, (SELECT projects.end_date - INTERVAL 50 DAY FROM projects WHERE projects.id=27), 1, 1087, 1087);
INSERT INTO supporting_packages(id, option_list, package_count, order_id, project_package_id, supporting_project_id) VALUES (1087, '["키링"]', 7, 1087, 27, 1087);
INSERT INTO supporting_projects(supporting_project_id, supported_at, delivery_id, payment_id, project_id, user_id) VALUES (1088, (SELECT projects.end_date - INTERVAL 25 DAY FROM projects WHERE projects.id=27), 1088, 1088, 27, 4);
INSERT INTO orders (order_id, created_at, delivery_id, payment_id, supporting_project_id) VALUES (1088, (SELECT projects.end_date - INTERVAL 25 DAY FROM projects WHERE projects.id=27), 1, 1088, 1088);
INSERT INTO supporting_packages(id, option_list, package_count, order_id, project_package_id, supporting_project_id) VALUES (1088, '["폰케이스"]', 3, 1088, 27, 1088);
INSERT INTO supporting_projects(supporting_project_id, supported_at, delivery_id, payment_id, project_id, user_id) VALUES (1089, (SELECT projects.end_date - INTERVAL 21 DAY FROM projects WHERE projects.id=27), 1089, 1089, 27, 9);
INSERT INTO orders (order_id, created_at, delivery_id, payment_id, supporting_project_id) VALUES (1089, (SELECT projects.end_date - INTERVAL 21 DAY FROM projects WHERE projects.id=27), 1, 1089, 1089);
INSERT INTO supporting_packages(id, option_list, package_count, order_id, project_package_id, supporting_project_id) VALUES (1089, '["폰케이스"]', 8, 1089, 27, 1089);
INSERT INTO supporting_projects(supporting_project_id, supported_at, delivery_id, payment_id, project_id, user_id) VALUES (1090, (SELECT projects.end_date - INTERVAL 32 DAY FROM projects WHERE projects.id=27), 1090, 1090, 27, 29);
INSERT INTO orders (order_id, created_at, delivery_id, payment_id, supporting_project_id) VALUES (1090, (SELECT projects.end_date - INTERVAL 32 DAY FROM projects WHERE projects.id=27), 1, 1090, 1090);
INSERT INTO supporting_packages(id, option_list, package_count, order_id, project_package_id, supporting_project_id) VALUES (1090, '["폰케이스"]', 4, 1090, 27, 1090);
INSERT INTO supporting_projects(supporting_project_id, supported_at, delivery_id, payment_id, project_id, user_id) VALUES (1091, (SELECT projects.end_date - INTERVAL 17 DAY FROM projects WHERE projects.id=27), 1091, 1091, 27, 16);
INSERT INTO orders (order_id, created_at, delivery_id, payment_id, supporting_project_id) VALUES (1091, (SELECT projects.end_date - INTERVAL 17 DAY FROM projects WHERE projects.id=27), 1, 1091, 1091);
INSERT INTO supporting_packages(id, option_list, package_count, order_id, project_package_id, supporting_project_id) VALUES (1091, '["폰케이스"]', 3, 1091, 27, 1091);
INSERT INTO supporting_projects(supporting_project_id, supported_at, delivery_id, payment_id, project_id, user_id) VALUES (1092, (SELECT projects.end_date - INTERVAL 39 DAY FROM projects WHERE projects.id=27), 1092, 1092, 27, 2);
INSERT INTO orders (order_id, created_at, delivery_id, payment_id, supporting_project_id) VALUES (1092, (SELECT projects.end_date - INTERVAL 39 DAY FROM projects WHERE projects.id=27), 1, 1092, 1092);
INSERT INTO supporting_packages(id, option_list, package_count, order_id, project_package_id, supporting_project_id) VALUES (1092, '["포토카드"]', 6, 1092, 27, 1092);
INSERT INTO supporting_projects(supporting_project_id, supported_at, delivery_id, payment_id, project_id, user_id) VALUES (1093, (SELECT projects.end_date - INTERVAL 33 DAY FROM projects WHERE projects.id=27), 1093, 1093, 27, 10);
INSERT INTO orders (order_id, created_at, delivery_id, payment_id, supporting_project_id) VALUES (1093, (SELECT projects.end_date - INTERVAL 33 DAY FROM projects WHERE projects.id=27), 1, 1093, 1093);
INSERT INTO supporting_packages(id, option_list, package_count, order_id, project_package_id, supporting_project_id) VALUES (1093, '["포토카드"]', 7, 1093, 27, 1093);
INSERT INTO supporting_projects(supporting_project_id, supported_at, delivery_id, payment_id, project_id, user_id) VALUES (1094, (SELECT projects.end_date - INTERVAL 10 DAY FROM projects WHERE projects.id=27), 1094, 1094, 27, 35);
INSERT INTO orders (order_id, created_at, delivery_id, payment_id, supporting_project_id) VALUES (1094, (SELECT projects.end_date - INTERVAL 10 DAY FROM projects WHERE projects.id=27), 1, 1094, 1094);
INSERT INTO supporting_packages(id, option_list, package_count, order_id, project_package_id, supporting_project_id) VALUES (1094, '["키링"]', 5, 1094, 27, 1094);
INSERT INTO supporting_projects(supporting_project_id, supported_at, delivery_id, payment_id, project_id, user_id) VALUES (1095, (SELECT projects.end_date - INTERVAL 14 DAY FROM projects WHERE projects.id=27), 1095, 1095, 27, 8);
INSERT INTO orders (order_id, created_at, delivery_id, payment_id, supporting_project_id) VALUES (1095, (SELECT projects.end_date - INTERVAL 14 DAY FROM projects WHERE projects.id=27), 1, 1095, 1095);
INSERT INTO supporting_packages(id, option_list, package_count, order_id, project_package_id, supporting_project_id) VALUES (1095, '["키링"]', 5, 1095, 27, 1095);
INSERT INTO supporting_projects(supporting_project_id, supported_at, delivery_id, payment_id, project_id, user_id) VALUES (1096, (SELECT projects.end_date - INTERVAL 49 DAY FROM projects WHERE projects.id=27), 1096, 1096, 27, 7);
INSERT INTO orders (order_id, created_at, delivery_id, payment_id, supporting_project_id) VALUES (1096, (SELECT projects.end_date - INTERVAL 49 DAY FROM projects WHERE projects.id=27), 1, 1096, 1096);
INSERT INTO supporting_packages(id, option_list, package_count, order_id, project_package_id, supporting_project_id) VALUES (1096, '["폰케이스"]', 7, 1096, 27, 1096);
INSERT INTO supporting_projects(supporting_project_id, supported_at, delivery_id, payment_id, project_id, user_id) VALUES (1097, (SELECT projects.end_date - INTERVAL 34 DAY FROM projects WHERE projects.id=27), 1097, 1097, 27, 14);
INSERT INTO orders (order_id, created_at, delivery_id, payment_id, supporting_project_id) VALUES (1097, (SELECT projects.end_date - INTERVAL 34 DAY FROM projects WHERE projects.id=27), 1, 1097, 1097);
INSERT INTO supporting_packages(id, option_list, package_count, order_id, project_package_id, supporting_project_id) VALUES (1097, '["키링"]', 3, 1097, 27, 1097);
INSERT INTO supporting_projects(supporting_project_id, supported_at, delivery_id, payment_id, project_id, user_id) VALUES (1098, (SELECT projects.end_date - INTERVAL 11 DAY FROM projects WHERE projects.id=27), 1098, 1098, 27, 11);
INSERT INTO orders (order_id, created_at, delivery_id, payment_id, supporting_project_id) VALUES (1098, (SELECT projects.end_date - INTERVAL 11 DAY FROM projects WHERE projects.id=27), 1, 1098, 1098);
INSERT INTO supporting_packages(id, option_list, package_count, order_id, project_package_id, supporting_project_id) VALUES (1098, '["포토카드"]', 10, 1098, 27, 1098);
INSERT INTO supporting_projects(supporting_project_id, supported_at, delivery_id, payment_id, project_id, user_id) VALUES (1099, (SELECT projects.end_date - INTERVAL 50 DAY FROM projects WHERE projects.id=27), 1099, 1099, 27, 7);
INSERT INTO orders (order_id, created_at, delivery_id, payment_id, supporting_project_id) VALUES (1099, (SELECT projects.end_date - INTERVAL 50 DAY FROM projects WHERE projects.id=27), 1, 1099, 1099);
INSERT INTO supporting_packages(id, option_list, package_count, order_id, project_package_id, supporting_project_id) VALUES (1099, '["키링"]', 9, 1099, 27, 1099);
INSERT INTO supporting_projects(supporting_project_id, supported_at, delivery_id, payment_id, project_id, user_id) VALUES (1100, (SELECT projects.end_date - INTERVAL 9 DAY FROM projects WHERE projects.id=27), 1100, 1100, 27, 22);
INSERT INTO orders (order_id, created_at, delivery_id, payment_id, supporting_project_id) VALUES (1100, (SELECT projects.end_date - INTERVAL 9 DAY FROM projects WHERE projects.id=27), 1, 1100, 1100);
INSERT INTO supporting_packages(id, option_list, package_count, order_id, project_package_id, supporting_project_id) VALUES (1100, '["포토카드"]', 9, 1100, 27, 1100);
INSERT INTO supporting_projects(supporting_project_id, supported_at, delivery_id, payment_id, project_id, user_id) VALUES (1101, (SELECT projects.end_date - INTERVAL 37 DAY FROM projects WHERE projects.id=27), 1101, 1101, 27, 39);
INSERT INTO orders (order_id, created_at, delivery_id, payment_id, supporting_project_id) VALUES (1101, (SELECT projects.end_date - INTERVAL 37 DAY FROM projects WHERE projects.id=27), 1, 1101, 1101);
INSERT INTO supporting_packages(id, option_list, package_count, order_id, project_package_id, supporting_project_id) VALUES (1101, '["포토카드"]', 8, 1101, 27, 1101);
INSERT INTO supporting_projects(supporting_project_id, supported_at, delivery_id, payment_id, project_id, user_id) VALUES (1102, (SELECT projects.end_date - INTERVAL 50 DAY FROM projects WHERE projects.id=27), 1102, 1102, 27, 35);
INSERT INTO orders (order_id, created_at, delivery_id, payment_id, supporting_project_id) VALUES (1102, (SELECT projects.end_date - INTERVAL 50 DAY FROM projects WHERE projects.id=27), 1, 1102, 1102);
INSERT INTO supporting_packages(id, option_list, package_count, order_id, project_package_id, supporting_project_id) VALUES (1102, '["폰케이스"]', 1, 1102, 27, 1102);
INSERT INTO supporting_projects(supporting_project_id, supported_at, delivery_id, payment_id, project_id, user_id) VALUES (1103, (SELECT projects.end_date - INTERVAL 42 DAY FROM projects WHERE projects.id=27), 1103, 1103, 27, 11);
INSERT INTO orders (order_id, created_at, delivery_id, payment_id, supporting_project_id) VALUES (1103, (SELECT projects.end_date - INTERVAL 42 DAY FROM projects WHERE projects.id=27), 1, 1103, 1103);
INSERT INTO supporting_packages(id, option_list, package_count, order_id, project_package_id, supporting_project_id) VALUES (1103, '["폰케이스"]', 10, 1103, 27, 1103);
INSERT INTO supporting_projects(supporting_project_id, supported_at, delivery_id, payment_id, project_id, user_id) VALUES (1104, (SELECT projects.end_date - INTERVAL 44 DAY FROM projects WHERE projects.id=27), 1104, 1104, 27, 30);
INSERT INTO orders (order_id, created_at, delivery_id, payment_id, supporting_project_id) VALUES (1104, (SELECT projects.end_date - INTERVAL 44 DAY FROM projects WHERE projects.id=27), 1, 1104, 1104);
INSERT INTO supporting_packages(id, option_list, package_count, order_id, project_package_id, supporting_project_id) VALUES (1104, '["포토카드"]', 1, 1104, 27, 1104);
INSERT INTO supporting_projects(supporting_project_id, supported_at, delivery_id, payment_id, project_id, user_id) VALUES (1105, (SELECT projects.end_date - INTERVAL 16 DAY FROM projects WHERE projects.id=27), 1105, 1105, 27, 39);
INSERT INTO orders (order_id, created_at, delivery_id, payment_id, supporting_project_id) VALUES (1105, (SELECT projects.end_date - INTERVAL 16 DAY FROM projects WHERE projects.id=27), 1, 1105, 1105);
INSERT INTO supporting_packages(id, option_list, package_count, order_id, project_package_id, supporting_project_id) VALUES (1105, '["키링"]', 6, 1105, 27, 1105);
INSERT INTO supporting_projects(supporting_project_id, supported_at, delivery_id, payment_id, project_id, user_id) VALUES (1106, (SELECT projects.end_date - INTERVAL 37 DAY FROM projects WHERE projects.id=27), 1106, 1106, 27, 18);
INSERT INTO orders (order_id, created_at, delivery_id, payment_id, supporting_project_id) VALUES (1106, (SELECT projects.end_date - INTERVAL 37 DAY FROM projects WHERE projects.id=27), 1, 1106, 1106);
INSERT INTO supporting_packages(id, option_list, package_count, order_id, project_package_id, supporting_project_id) VALUES (1106, '["포토카드"]', 9, 1106, 27, 1106);
INSERT INTO supporting_projects(supporting_project_id, supported_at, delivery_id, payment_id, project_id, user_id) VALUES (1107, (SELECT projects.end_date - INTERVAL 10 DAY FROM projects WHERE projects.id=30), 1107, 1107, 30, 39);
INSERT INTO orders (order_id, created_at, delivery_id, payment_id, supporting_project_id) VALUES (1107, (SELECT projects.end_date - INTERVAL 10 DAY FROM projects WHERE projects.id=30), 1, 1107, 1107);
INSERT INTO supporting_packages(id, option_list, package_count, order_id, project_package_id, supporting_project_id) VALUES (1107, '["팝콘"]', 9, 1107, 30, 1107);
INSERT INTO supporting_projects(supporting_project_id, supported_at, delivery_id, payment_id, project_id, user_id) VALUES (1108, (SELECT projects.end_date - INTERVAL 35 DAY FROM projects WHERE projects.id=30), 1108, 1108, 30, 32);
INSERT INTO orders (order_id, created_at, delivery_id, payment_id, supporting_project_id) VALUES (1108, (SELECT projects.end_date - INTERVAL 35 DAY FROM projects WHERE projects.id=30), 1, 1108, 1108);
INSERT INTO supporting_packages(id, option_list, package_count, order_id, project_package_id, supporting_project_id) VALUES (1108, '["팝콘"]', 10, 1108, 30, 1108);
INSERT INTO supporting_projects(supporting_project_id, supported_at, delivery_id, payment_id, project_id, user_id) VALUES (1109, (SELECT projects.end_date - INTERVAL 24 DAY FROM projects WHERE projects.id=30), 1109, 1109, 30, 13);
INSERT INTO orders (order_id, created_at, delivery_id, payment_id, supporting_project_id) VALUES (1109, (SELECT projects.end_date - INTERVAL 24 DAY FROM projects WHERE projects.id=30), 1, 1109, 1109);
INSERT INTO supporting_packages(id, option_list, package_count, order_id, project_package_id, supporting_project_id) VALUES (1109, '["기념 포스터"]', 5, 1109, 30, 1109);
INSERT INTO supporting_projects(supporting_project_id, supported_at, delivery_id, payment_id, project_id, user_id) VALUES (1110, (SELECT projects.end_date - INTERVAL 32 DAY FROM projects WHERE projects.id=30), 1110, 1110, 30, 33);
INSERT INTO orders (order_id, created_at, delivery_id, payment_id, supporting_project_id) VALUES (1110, (SELECT projects.end_date - INTERVAL 32 DAY FROM projects WHERE projects.id=30), 1, 1110, 1110);
INSERT INTO supporting_packages(id, option_list, package_count, order_id, project_package_id, supporting_project_id) VALUES (1110, '["기념 포스터"]', 7, 1110, 30, 1110);
INSERT INTO supporting_projects(supporting_project_id, supported_at, delivery_id, payment_id, project_id, user_id) VALUES (1111, (SELECT projects.end_date - INTERVAL 21 DAY FROM projects WHERE projects.id=30), 1111, 1111, 30, 22);
INSERT INTO orders (order_id, created_at, delivery_id, payment_id, supporting_project_id) VALUES (1111, (SELECT projects.end_date - INTERVAL 21 DAY FROM projects WHERE projects.id=30), 1, 1111, 1111);
INSERT INTO supporting_packages(id, option_list, package_count, order_id, project_package_id, supporting_project_id) VALUES (1111, '["기념 포스터"]', 2, 1111, 30, 1111);
INSERT INTO supporting_projects(supporting_project_id, supported_at, delivery_id, payment_id, project_id, user_id) VALUES (1112, (SELECT projects.end_date - INTERVAL 18 DAY FROM projects WHERE projects.id=30), 1112, 1112, 30, 10);
INSERT INTO orders (order_id, created_at, delivery_id, payment_id, supporting_project_id) VALUES (1112, (SELECT projects.end_date - INTERVAL 18 DAY FROM projects WHERE projects.id=30), 1, 1112, 1112);
INSERT INTO supporting_packages(id, option_list, package_count, order_id, project_package_id, supporting_project_id) VALUES (1112, '["기념 포스터"]', 7, 1112, 30, 1112);
INSERT INTO supporting_projects(supporting_project_id, supported_at, delivery_id, payment_id, project_id, user_id) VALUES (1113, (SELECT projects.end_date - INTERVAL 18 DAY FROM projects WHERE projects.id=30), 1113, 1113, 30, 11);
INSERT INTO orders (order_id, created_at, delivery_id, payment_id, supporting_project_id) VALUES (1113, (SELECT projects.end_date - INTERVAL 18 DAY FROM projects WHERE projects.id=30), 1, 1113, 1113);
INSERT INTO supporting_packages(id, option_list, package_count, order_id, project_package_id, supporting_project_id) VALUES (1113, '["기념 포스터"]', 7, 1113, 30, 1113);
INSERT INTO supporting_projects(supporting_project_id, supported_at, delivery_id, payment_id, project_id, user_id) VALUES (1114, (SELECT projects.end_date - INTERVAL 14 DAY FROM projects WHERE projects.id=30), 1114, 1114, 30, 6);
INSERT INTO orders (order_id, created_at, delivery_id, payment_id, supporting_project_id) VALUES (1114, (SELECT projects.end_date - INTERVAL 14 DAY FROM projects WHERE projects.id=30), 1, 1114, 1114);
INSERT INTO supporting_packages(id, option_list, package_count, order_id, project_package_id, supporting_project_id) VALUES (1114, '["영화 티켓"]', 8, 1114, 30, 1114);
INSERT INTO supporting_projects(supporting_project_id, supported_at, delivery_id, payment_id, project_id, user_id) VALUES (1115, (SELECT projects.end_date - INTERVAL 16 DAY FROM projects WHERE projects.id=30), 1115, 1115, 30, 23);
INSERT INTO orders (order_id, created_at, delivery_id, payment_id, supporting_project_id) VALUES (1115, (SELECT projects.end_date - INTERVAL 16 DAY FROM projects WHERE projects.id=30), 1, 1115, 1115);
INSERT INTO supporting_packages(id, option_list, package_count, order_id, project_package_id, supporting_project_id) VALUES (1115, '["영화 티켓"]', 9, 1115, 30, 1115);
INSERT INTO supporting_projects(supporting_project_id, supported_at, delivery_id, payment_id, project_id, user_id) VALUES (1116, (SELECT projects.end_date - INTERVAL 11 DAY FROM projects WHERE projects.id=30), 1116, 1116, 30, 17);
INSERT INTO orders (order_id, created_at, delivery_id, payment_id, supporting_project_id) VALUES (1116, (SELECT projects.end_date - INTERVAL 11 DAY FROM projects WHERE projects.id=30), 1, 1116, 1116);
INSERT INTO supporting_packages(id, option_list, package_count, order_id, project_package_id, supporting_project_id) VALUES (1116, '["영화 티켓"]', 3, 1116, 30, 1116);
INSERT INTO supporting_projects(supporting_project_id, supported_at, delivery_id, payment_id, project_id, user_id) VALUES (1117, (SELECT projects.end_date - INTERVAL 32 DAY FROM projects WHERE projects.id=30), 1117, 1117, 30, 37);
INSERT INTO orders (order_id, created_at, delivery_id, payment_id, supporting_project_id) VALUES (1117, (SELECT projects.end_date - INTERVAL 32 DAY FROM projects WHERE projects.id=30), 1, 1117, 1117);
INSERT INTO supporting_packages(id, option_list, package_count, order_id, project_package_id, supporting_project_id) VALUES (1117, '["영화 티켓"]', 6, 1117, 30, 1117);
INSERT INTO supporting_projects(supporting_project_id, supported_at, delivery_id, payment_id, project_id, user_id) VALUES (1118, (SELECT projects.end_date - INTERVAL 11 DAY FROM projects WHERE projects.id=30), 1118, 1118, 30, 40);
INSERT INTO orders (order_id, created_at, delivery_id, payment_id, supporting_project_id) VALUES (1118, (SELECT projects.end_date - INTERVAL 11 DAY FROM projects WHERE projects.id=30), 1, 1118, 1118);
INSERT INTO supporting_packages(id, option_list, package_count, order_id, project_package_id, supporting_project_id) VALUES (1118, '["영화 티켓"]', 3, 1118, 30, 1118);
INSERT INTO supporting_projects(supporting_project_id, supported_at, delivery_id, payment_id, project_id, user_id) VALUES (1119, (SELECT projects.end_date - INTERVAL 31 DAY FROM projects WHERE projects.id=30), 1119, 1119, 30, 4);
INSERT INTO orders (order_id, created_at, delivery_id, payment_id, supporting_project_id) VALUES (1119, (SELECT projects.end_date - INTERVAL 31 DAY FROM projects WHERE projects.id=30), 1, 1119, 1119);
INSERT INTO supporting_packages(id, option_list, package_count, order_id, project_package_id, supporting_project_id) VALUES (1119, '["팝콘"]', 3, 1119, 30, 1119);
INSERT INTO supporting_projects(supporting_project_id, supported_at, delivery_id, payment_id, project_id, user_id) VALUES (1120, (SELECT projects.end_date - INTERVAL 27 DAY FROM projects WHERE projects.id=30), 1120, 1120, 30, 8);
INSERT INTO orders (order_id, created_at, delivery_id, payment_id, supporting_project_id) VALUES (1120, (SELECT projects.end_date - INTERVAL 27 DAY FROM projects WHERE projects.id=30), 1, 1120, 1120);
INSERT INTO supporting_packages(id, option_list, package_count, order_id, project_package_id, supporting_project_id) VALUES (1120, '["영화 티켓"]', 7, 1120, 30, 1120);
INSERT INTO supporting_projects(supporting_project_id, supported_at, delivery_id, payment_id, project_id, user_id) VALUES (1121, (SELECT projects.end_date - INTERVAL 32 DAY FROM projects WHERE projects.id=30), 1121, 1121, 30, 10);
INSERT INTO orders (order_id, created_at, delivery_id, payment_id, supporting_project_id) VALUES (1121, (SELECT projects.end_date - INTERVAL 32 DAY FROM projects WHERE projects.id=30), 1, 1121, 1121);
INSERT INTO supporting_packages(id, option_list, package_count, order_id, project_package_id, supporting_project_id) VALUES (1121, '["기념 포스터"]', 3, 1121, 30, 1121);
INSERT INTO supporting_projects(supporting_project_id, supported_at, delivery_id, payment_id, project_id, user_id) VALUES (1122, (SELECT projects.end_date - INTERVAL 11 DAY FROM projects WHERE projects.id=30), 1122, 1122, 30, 40);
INSERT INTO orders (order_id, created_at, delivery_id, payment_id, supporting_project_id) VALUES (1122, (SELECT projects.end_date - INTERVAL 11 DAY FROM projects WHERE projects.id=30), 1, 1122, 1122);
INSERT INTO supporting_packages(id, option_list, package_count, order_id, project_package_id, supporting_project_id) VALUES (1122, '["영화 티켓"]', 7, 1122, 30, 1122);
INSERT INTO supporting_projects(supporting_project_id, supported_at, delivery_id, payment_id, project_id, user_id) VALUES (1123, (SELECT projects.end_date - INTERVAL 29 DAY FROM projects WHERE projects.id=30), 1123, 1123, 30, 5);
INSERT INTO orders (order_id, created_at, delivery_id, payment_id, supporting_project_id) VALUES (1123, (SELECT projects.end_date - INTERVAL 29 DAY FROM projects WHERE projects.id=30), 1, 1123, 1123);
INSERT INTO supporting_packages(id, option_list, package_count, order_id, project_package_id, supporting_project_id) VALUES (1123, '["영화 티켓"]', 7, 1123, 30, 1123);
INSERT INTO supporting_projects(supporting_project_id, supported_at, delivery_id, payment_id, project_id, user_id) VALUES (1124, (SELECT projects.end_date - INTERVAL 30 DAY FROM projects WHERE projects.id=30), 1124, 1124, 30, 30);
INSERT INTO orders (order_id, created_at, delivery_id, payment_id, supporting_project_id) VALUES (1124, (SELECT projects.end_date - INTERVAL 30 DAY FROM projects WHERE projects.id=30), 1, 1124, 1124);
INSERT INTO supporting_packages(id, option_list, package_count, order_id, project_package_id, supporting_project_id) VALUES (1124, '["기념 포스터"]', 1, 1124, 30, 1124);
INSERT INTO supporting_projects(supporting_project_id, supported_at, delivery_id, payment_id, project_id, user_id) VALUES (1125, (SELECT projects.end_date - INTERVAL 48 DAY FROM projects WHERE projects.id=30), 1125, 1125, 30, 23);
INSERT INTO orders (order_id, created_at, delivery_id, payment_id, supporting_project_id) VALUES (1125, (SELECT projects.end_date - INTERVAL 48 DAY FROM projects WHERE projects.id=30), 1, 1125, 1125);
INSERT INTO supporting_packages(id, option_list, package_count, order_id, project_package_id, supporting_project_id) VALUES (1125, '["영화 티켓"]', 1, 1125, 30, 1125);
INSERT INTO supporting_projects(supporting_project_id, supported_at, delivery_id, payment_id, project_id, user_id) VALUES (1126, (SELECT projects.end_date - INTERVAL 36 DAY FROM projects WHERE projects.id=30), 1126, 1126, 30, 11);
INSERT INTO orders (order_id, created_at, delivery_id, payment_id, supporting_project_id) VALUES (1126, (SELECT projects.end_date - INTERVAL 36 DAY FROM projects WHERE projects.id=30), 1, 1126, 1126);
INSERT INTO supporting_packages(id, option_list, package_count, order_id, project_package_id, supporting_project_id) VALUES (1126, '["영화 티켓"]', 1, 1126, 30, 1126);
INSERT INTO supporting_projects(supporting_project_id, supported_at, delivery_id, payment_id, project_id, user_id) VALUES (1127, (SELECT projects.end_date - INTERVAL 43 DAY FROM projects WHERE projects.id=30), 1127, 1127, 30, 14);
INSERT INTO orders (order_id, created_at, delivery_id, payment_id, supporting_project_id) VALUES (1127, (SELECT projects.end_date - INTERVAL 43 DAY FROM projects WHERE projects.id=30), 1, 1127, 1127);
INSERT INTO supporting_packages(id, option_list, package_count, order_id, project_package_id, supporting_project_id) VALUES (1127, '["팝콘"]', 7, 1127, 30, 1127);
INSERT INTO supporting_projects(supporting_project_id, supported_at, delivery_id, payment_id, project_id, user_id) VALUES (1128, (SELECT projects.end_date - INTERVAL 19 DAY FROM projects WHERE projects.id=30), 1128, 1128, 30, 20);
INSERT INTO orders (order_id, created_at, delivery_id, payment_id, supporting_project_id) VALUES (1128, (SELECT projects.end_date - INTERVAL 19 DAY FROM projects WHERE projects.id=30), 1, 1128, 1128);
INSERT INTO supporting_packages(id, option_list, package_count, order_id, project_package_id, supporting_project_id) VALUES (1128, '["기념 포스터"]', 7, 1128, 30, 1128);
INSERT INTO supporting_projects(supporting_project_id, supported_at, delivery_id, payment_id, project_id, user_id) VALUES (1129, (SELECT projects.end_date - INTERVAL 25 DAY FROM projects WHERE projects.id=30), 1129, 1129, 30, 12);
INSERT INTO orders (order_id, created_at, delivery_id, payment_id, supporting_project_id) VALUES (1129, (SELECT projects.end_date - INTERVAL 25 DAY FROM projects WHERE projects.id=30), 1, 1129, 1129);
INSERT INTO supporting_packages(id, option_list, package_count, order_id, project_package_id, supporting_project_id) VALUES (1129, '["기념 포스터"]', 8, 1129, 30, 1129);
INSERT INTO supporting_projects(supporting_project_id, supported_at, delivery_id, payment_id, project_id, user_id) VALUES (1130, (SELECT projects.end_date - INTERVAL 39 DAY FROM projects WHERE projects.id=30), 1130, 1130, 30, 6);
INSERT INTO orders (order_id, created_at, delivery_id, payment_id, supporting_project_id) VALUES (1130, (SELECT projects.end_date - INTERVAL 39 DAY FROM projects WHERE projects.id=30), 1, 1130, 1130);
INSERT INTO supporting_packages(id, option_list, package_count, order_id, project_package_id, supporting_project_id) VALUES (1130, '["영화 티켓"]', 2, 1130, 30, 1130);
INSERT INTO supporting_projects(supporting_project_id, supported_at, delivery_id, payment_id, project_id, user_id) VALUES (1131, (SELECT projects.end_date - INTERVAL 27 DAY FROM projects WHERE projects.id=30), 1131, 1131, 30, 10);
INSERT INTO orders (order_id, created_at, delivery_id, payment_id, supporting_project_id) VALUES (1131, (SELECT projects.end_date - INTERVAL 27 DAY FROM projects WHERE projects.id=30), 1, 1131, 1131);
INSERT INTO supporting_packages(id, option_list, package_count, order_id, project_package_id, supporting_project_id) VALUES (1131, '["기념 포스터"]', 1, 1131, 30, 1131);
INSERT INTO supporting_projects(supporting_project_id, supported_at, delivery_id, payment_id, project_id, user_id) VALUES (1132, (SELECT projects.end_date - INTERVAL 23 DAY FROM projects WHERE projects.id=31), 1132, 1132, 31, 3);
INSERT INTO orders (order_id, created_at, delivery_id, payment_id, supporting_project_id) VALUES (1132, (SELECT projects.end_date - INTERVAL 23 DAY FROM projects WHERE projects.id=31), 1, 1132, 1132);
INSERT INTO supporting_packages(id, option_list, package_count, order_id, project_package_id, supporting_project_id) VALUES (1132, '["깍두기"]', 4, 1132, 31, 1132);
INSERT INTO supporting_projects(supporting_project_id, supported_at, delivery_id, payment_id, project_id, user_id) VALUES (1133, (SELECT projects.end_date - INTERVAL 12 DAY FROM projects WHERE projects.id=31), 1133, 1133, 31, 38);
INSERT INTO orders (order_id, created_at, delivery_id, payment_id, supporting_project_id) VALUES (1133, (SELECT projects.end_date - INTERVAL 12 DAY FROM projects WHERE projects.id=31), 1, 1133, 1133);
INSERT INTO supporting_packages(id, option_list, package_count, order_id, project_package_id, supporting_project_id) VALUES (1133, '["파김치"]', 3, 1133, 31, 1133);
INSERT INTO supporting_projects(supporting_project_id, supported_at, delivery_id, payment_id, project_id, user_id) VALUES (1134, (SELECT projects.end_date - INTERVAL 42 DAY FROM projects WHERE projects.id=31), 1134, 1134, 31, 34);
INSERT INTO orders (order_id, created_at, delivery_id, payment_id, supporting_project_id) VALUES (1134, (SELECT projects.end_date - INTERVAL 42 DAY FROM projects WHERE projects.id=31), 1, 1134, 1134);
INSERT INTO supporting_packages(id, option_list, package_count, order_id, project_package_id, supporting_project_id) VALUES (1134, '["깍두기"]', 2, 1134, 31, 1134);
INSERT INTO supporting_projects(supporting_project_id, supported_at, delivery_id, payment_id, project_id, user_id) VALUES (1135, (SELECT projects.end_date - INTERVAL 31 DAY FROM projects WHERE projects.id=31), 1135, 1135, 31, 26);
INSERT INTO orders (order_id, created_at, delivery_id, payment_id, supporting_project_id) VALUES (1135, (SELECT projects.end_date - INTERVAL 31 DAY FROM projects WHERE projects.id=31), 1, 1135, 1135);
INSERT INTO supporting_packages(id, option_list, package_count, order_id, project_package_id, supporting_project_id) VALUES (1135, '["깍두기"]', 7, 1135, 31, 1135);
INSERT INTO supporting_projects(supporting_project_id, supported_at, delivery_id, payment_id, project_id, user_id) VALUES (1136, (SELECT projects.end_date - INTERVAL 15 DAY FROM projects WHERE projects.id=31), 1136, 1136, 31, 1);
INSERT INTO orders (order_id, created_at, delivery_id, payment_id, supporting_project_id) VALUES (1136, (SELECT projects.end_date - INTERVAL 15 DAY FROM projects WHERE projects.id=31), 1, 1136, 1136);
INSERT INTO supporting_packages(id, option_list, package_count, order_id, project_package_id, supporting_project_id) VALUES (1136, '["깍두기"]', 9, 1136, 31, 1136);
INSERT INTO supporting_projects(supporting_project_id, supported_at, delivery_id, payment_id, project_id, user_id) VALUES (1137, (SELECT projects.end_date - INTERVAL 13 DAY FROM projects WHERE projects.id=31), 1137, 1137, 31, 28);
INSERT INTO orders (order_id, created_at, delivery_id, payment_id, supporting_project_id) VALUES (1137, (SELECT projects.end_date - INTERVAL 13 DAY FROM projects WHERE projects.id=31), 1, 1137, 1137);
INSERT INTO supporting_packages(id, option_list, package_count, order_id, project_package_id, supporting_project_id) VALUES (1137, '["배추김치"]', 1, 1137, 31, 1137);
INSERT INTO supporting_projects(supporting_project_id, supported_at, delivery_id, payment_id, project_id, user_id) VALUES (1138, (SELECT projects.end_date - INTERVAL 21 DAY FROM projects WHERE projects.id=31), 1138, 1138, 31, 16);
INSERT INTO orders (order_id, created_at, delivery_id, payment_id, supporting_project_id) VALUES (1138, (SELECT projects.end_date - INTERVAL 21 DAY FROM projects WHERE projects.id=31), 1, 1138, 1138);
INSERT INTO supporting_packages(id, option_list, package_count, order_id, project_package_id, supporting_project_id) VALUES (1138, '["파김치"]', 1, 1138, 31, 1138);
INSERT INTO supporting_projects(supporting_project_id, supported_at, delivery_id, payment_id, project_id, user_id) VALUES (1139, (SELECT projects.end_date - INTERVAL 17 DAY FROM projects WHERE projects.id=31), 1139, 1139, 31, 39);
INSERT INTO orders (order_id, created_at, delivery_id, payment_id, supporting_project_id) VALUES (1139, (SELECT projects.end_date - INTERVAL 17 DAY FROM projects WHERE projects.id=31), 1, 1139, 1139);
INSERT INTO supporting_packages(id, option_list, package_count, order_id, project_package_id, supporting_project_id) VALUES (1139, '["파김치"]', 3, 1139, 31, 1139);
INSERT INTO supporting_projects(supporting_project_id, supported_at, delivery_id, payment_id, project_id, user_id) VALUES (1140, (SELECT projects.end_date - INTERVAL 31 DAY FROM projects WHERE projects.id=31), 1140, 1140, 31, 33);
INSERT INTO orders (order_id, created_at, delivery_id, payment_id, supporting_project_id) VALUES (1140, (SELECT projects.end_date - INTERVAL 31 DAY FROM projects WHERE projects.id=31), 1, 1140, 1140);
INSERT INTO supporting_packages(id, option_list, package_count, order_id, project_package_id, supporting_project_id) VALUES (1140, '["깍두기"]', 8, 1140, 31, 1140);
INSERT INTO supporting_projects(supporting_project_id, supported_at, delivery_id, payment_id, project_id, user_id) VALUES (1141, (SELECT projects.end_date - INTERVAL 47 DAY FROM projects WHERE projects.id=31), 1141, 1141, 31, 10);
INSERT INTO orders (order_id, created_at, delivery_id, payment_id, supporting_project_id) VALUES (1141, (SELECT projects.end_date - INTERVAL 47 DAY FROM projects WHERE projects.id=31), 1, 1141, 1141);
INSERT INTO supporting_packages(id, option_list, package_count, order_id, project_package_id, supporting_project_id) VALUES (1141, '["파김치"]', 5, 1141, 31, 1141);
INSERT INTO supporting_projects(supporting_project_id, supported_at, delivery_id, payment_id, project_id, user_id) VALUES (1142, (SELECT projects.end_date - INTERVAL 7 DAY FROM projects WHERE projects.id=31), 1142, 1142, 31, 32);
INSERT INTO orders (order_id, created_at, delivery_id, payment_id, supporting_project_id) VALUES (1142, (SELECT projects.end_date - INTERVAL 7 DAY FROM projects WHERE projects.id=31), 1, 1142, 1142);
INSERT INTO supporting_packages(id, option_list, package_count, order_id, project_package_id, supporting_project_id) VALUES (1142, '["배추김치"]', 4, 1142, 31, 1142);
INSERT INTO supporting_projects(supporting_project_id, supported_at, delivery_id, payment_id, project_id, user_id) VALUES (1143, (SELECT projects.end_date - INTERVAL 24 DAY FROM projects WHERE projects.id=31), 1143, 1143, 31, 32);
INSERT INTO orders (order_id, created_at, delivery_id, payment_id, supporting_project_id) VALUES (1143, (SELECT projects.end_date - INTERVAL 24 DAY FROM projects WHERE projects.id=31), 1, 1143, 1143);
INSERT INTO supporting_packages(id, option_list, package_count, order_id, project_package_id, supporting_project_id) VALUES (1143, '["배추김치"]', 4, 1143, 31, 1143);
INSERT INTO supporting_projects(supporting_project_id, supported_at, delivery_id, payment_id, project_id, user_id) VALUES (1144, (SELECT projects.end_date - INTERVAL 33 DAY FROM projects WHERE projects.id=31), 1144, 1144, 31, 28);
INSERT INTO orders (order_id, created_at, delivery_id, payment_id, supporting_project_id) VALUES (1144, (SELECT projects.end_date - INTERVAL 33 DAY FROM projects WHERE projects.id=31), 1, 1144, 1144);
INSERT INTO supporting_packages(id, option_list, package_count, order_id, project_package_id, supporting_project_id) VALUES (1144, '["파김치"]', 6, 1144, 31, 1144);
INSERT INTO supporting_projects(supporting_project_id, supported_at, delivery_id, payment_id, project_id, user_id) VALUES (1145, (SELECT projects.end_date - INTERVAL 32 DAY FROM projects WHERE projects.id=31), 1145, 1145, 31, 16);
INSERT INTO orders (order_id, created_at, delivery_id, payment_id, supporting_project_id) VALUES (1145, (SELECT projects.end_date - INTERVAL 32 DAY FROM projects WHERE projects.id=31), 1, 1145, 1145);
INSERT INTO supporting_packages(id, option_list, package_count, order_id, project_package_id, supporting_project_id) VALUES (1145, '["파김치"]', 7, 1145, 31, 1145);
INSERT INTO supporting_projects(supporting_project_id, supported_at, delivery_id, payment_id, project_id, user_id) VALUES (1146, (SELECT projects.end_date - INTERVAL 45 DAY FROM projects WHERE projects.id=31), 1146, 1146, 31, 36);
INSERT INTO orders (order_id, created_at, delivery_id, payment_id, supporting_project_id) VALUES (1146, (SELECT projects.end_date - INTERVAL 45 DAY FROM projects WHERE projects.id=31), 1, 1146, 1146);
INSERT INTO supporting_packages(id, option_list, package_count, order_id, project_package_id, supporting_project_id) VALUES (1146, '["배추김치"]', 10, 1146, 31, 1146);
INSERT INTO supporting_projects(supporting_project_id, supported_at, delivery_id, payment_id, project_id, user_id) VALUES (1147, (SELECT projects.end_date - INTERVAL 29 DAY FROM projects WHERE projects.id=31), 1147, 1147, 31, 29);
INSERT INTO orders (order_id, created_at, delivery_id, payment_id, supporting_project_id) VALUES (1147, (SELECT projects.end_date - INTERVAL 29 DAY FROM projects WHERE projects.id=31), 1, 1147, 1147);
INSERT INTO supporting_packages(id, option_list, package_count, order_id, project_package_id, supporting_project_id) VALUES (1147, '["배추김치"]', 3, 1147, 31, 1147);
INSERT INTO supporting_projects(supporting_project_id, supported_at, delivery_id, payment_id, project_id, user_id) VALUES (1148, (SELECT projects.end_date - INTERVAL 32 DAY FROM projects WHERE projects.id=31), 1148, 1148, 31, 5);
INSERT INTO orders (order_id, created_at, delivery_id, payment_id, supporting_project_id) VALUES (1148, (SELECT projects.end_date - INTERVAL 32 DAY FROM projects WHERE projects.id=31), 1, 1148, 1148);
INSERT INTO supporting_packages(id, option_list, package_count, order_id, project_package_id, supporting_project_id) VALUES (1148, '["깍두기"]', 3, 1148, 31, 1148);
INSERT INTO supporting_projects(supporting_project_id, supported_at, delivery_id, payment_id, project_id, user_id) VALUES (1149, (SELECT projects.end_date - INTERVAL 9 DAY FROM projects WHERE projects.id=31), 1149, 1149, 31, 6);
INSERT INTO orders (order_id, created_at, delivery_id, payment_id, supporting_project_id) VALUES (1149, (SELECT projects.end_date - INTERVAL 9 DAY FROM projects WHERE projects.id=31), 1, 1149, 1149);
INSERT INTO supporting_packages(id, option_list, package_count, order_id, project_package_id, supporting_project_id) VALUES (1149, '["깍두기"]', 9, 1149, 31, 1149);
INSERT INTO supporting_projects(supporting_project_id, supported_at, delivery_id, payment_id, project_id, user_id) VALUES (1150, (SELECT projects.end_date - INTERVAL 16 DAY FROM projects WHERE projects.id=31), 1150, 1150, 31, 12);
INSERT INTO orders (order_id, created_at, delivery_id, payment_id, supporting_project_id) VALUES (1150, (SELECT projects.end_date - INTERVAL 16 DAY FROM projects WHERE projects.id=31), 1, 1150, 1150);
INSERT INTO supporting_packages(id, option_list, package_count, order_id, project_package_id, supporting_project_id) VALUES (1150, '["배추김치"]', 2, 1150, 31, 1150);
INSERT INTO supporting_projects(supporting_project_id, supported_at, delivery_id, payment_id, project_id, user_id) VALUES (1151, (SELECT projects.end_date - INTERVAL 15 DAY FROM projects WHERE projects.id=31), 1151, 1151, 31, 13);
INSERT INTO orders (order_id, created_at, delivery_id, payment_id, supporting_project_id) VALUES (1151, (SELECT projects.end_date - INTERVAL 15 DAY FROM projects WHERE projects.id=31), 1, 1151, 1151);
INSERT INTO supporting_packages(id, option_list, package_count, order_id, project_package_id, supporting_project_id) VALUES (1151, '["배추김치"]', 4, 1151, 31, 1151);
INSERT INTO supporting_projects(supporting_project_id, supported_at, delivery_id, payment_id, project_id, user_id) VALUES (1152, (SELECT projects.end_date - INTERVAL 28 DAY FROM projects WHERE projects.id=31), 1152, 1152, 31, 23);
INSERT INTO orders (order_id, created_at, delivery_id, payment_id, supporting_project_id) VALUES (1152, (SELECT projects.end_date - INTERVAL 28 DAY FROM projects WHERE projects.id=31), 1, 1152, 1152);
INSERT INTO supporting_packages(id, option_list, package_count, order_id, project_package_id, supporting_project_id) VALUES (1152, '["파김치"]', 8, 1152, 31, 1152);
INSERT INTO supporting_projects(supporting_project_id, supported_at, delivery_id, payment_id, project_id, user_id) VALUES (1153, (SELECT projects.end_date - INTERVAL 47 DAY FROM projects WHERE projects.id=31), 1153, 1153, 31, 8);
INSERT INTO orders (order_id, created_at, delivery_id, payment_id, supporting_project_id) VALUES (1153, (SELECT projects.end_date - INTERVAL 47 DAY FROM projects WHERE projects.id=31), 1, 1153, 1153);
INSERT INTO supporting_packages(id, option_list, package_count, order_id, project_package_id, supporting_project_id) VALUES (1153, '["파김치"]', 2, 1153, 31, 1153);
INSERT INTO supporting_projects(supporting_project_id, supported_at, delivery_id, payment_id, project_id, user_id) VALUES (1154, (SELECT projects.end_date - INTERVAL 41 DAY FROM projects WHERE projects.id=31), 1154, 1154, 31, 39);
INSERT INTO orders (order_id, created_at, delivery_id, payment_id, supporting_project_id) VALUES (1154, (SELECT projects.end_date - INTERVAL 41 DAY FROM projects WHERE projects.id=31), 1, 1154, 1154);
INSERT INTO supporting_packages(id, option_list, package_count, order_id, project_package_id, supporting_project_id) VALUES (1154, '["깍두기"]', 8, 1154, 31, 1154);
INSERT INTO supporting_projects(supporting_project_id, supported_at, delivery_id, payment_id, project_id, user_id) VALUES (1155, (SELECT projects.end_date - INTERVAL 11 DAY FROM projects WHERE projects.id=31), 1155, 1155, 31, 15);
INSERT INTO orders (order_id, created_at, delivery_id, payment_id, supporting_project_id) VALUES (1155, (SELECT projects.end_date - INTERVAL 11 DAY FROM projects WHERE projects.id=31), 1, 1155, 1155);
INSERT INTO supporting_packages(id, option_list, package_count, order_id, project_package_id, supporting_project_id) VALUES (1155, '["깍두기"]', 1, 1155, 31, 1155);
INSERT INTO supporting_projects(supporting_project_id, supported_at, delivery_id, payment_id, project_id, user_id) VALUES (1156, (SELECT projects.end_date - INTERVAL 27 DAY FROM projects WHERE projects.id=31), 1156, 1156, 31, 40);
INSERT INTO orders (order_id, created_at, delivery_id, payment_id, supporting_project_id) VALUES (1156, (SELECT projects.end_date - INTERVAL 27 DAY FROM projects WHERE projects.id=31), 1, 1156, 1156);
INSERT INTO supporting_packages(id, option_list, package_count, order_id, project_package_id, supporting_project_id) VALUES (1156, '["파김치"]', 8, 1156, 31, 1156);
INSERT INTO supporting_projects(supporting_project_id, supported_at, delivery_id, payment_id, project_id, user_id) VALUES (1157, (SELECT projects.end_date - INTERVAL 23 DAY FROM projects WHERE projects.id=31), 1157, 1157, 31, 37);
INSERT INTO orders (order_id, created_at, delivery_id, payment_id, supporting_project_id) VALUES (1157, (SELECT projects.end_date - INTERVAL 23 DAY FROM projects WHERE projects.id=31), 1, 1157, 1157);
INSERT INTO supporting_packages(id, option_list, package_count, order_id, project_package_id, supporting_project_id) VALUES (1157, '["배추김치"]', 5, 1157, 31, 1157);
INSERT INTO supporting_projects(supporting_project_id, supported_at, delivery_id, payment_id, project_id, user_id) VALUES (1158, (SELECT projects.end_date - INTERVAL 44 DAY FROM projects WHERE projects.id=31), 1158, 1158, 31, 39);
INSERT INTO orders (order_id, created_at, delivery_id, payment_id, supporting_project_id) VALUES (1158, (SELECT projects.end_date - INTERVAL 44 DAY FROM projects WHERE projects.id=31), 1, 1158, 1158);
INSERT INTO supporting_packages(id, option_list, package_count, order_id, project_package_id, supporting_project_id) VALUES (1158, '["배추김치"]', 7, 1158, 31, 1158);
INSERT INTO supporting_projects(supporting_project_id, supported_at, delivery_id, payment_id, project_id, user_id) VALUES (1159, (SELECT projects.end_date - INTERVAL 15 DAY FROM projects WHERE projects.id=31), 1159, 1159, 31, 35);
INSERT INTO orders (order_id, created_at, delivery_id, payment_id, supporting_project_id) VALUES (1159, (SELECT projects.end_date - INTERVAL 15 DAY FROM projects WHERE projects.id=31), 1, 1159, 1159);
INSERT INTO supporting_packages(id, option_list, package_count, order_id, project_package_id, supporting_project_id) VALUES (1159, '["파김치"]', 8, 1159, 31, 1159);
INSERT INTO supporting_projects(supporting_project_id, supported_at, delivery_id, payment_id, project_id, user_id) VALUES (1160, (SELECT projects.end_date - INTERVAL 27 DAY FROM projects WHERE projects.id=31), 1160, 1160, 31, 40);
INSERT INTO orders (order_id, created_at, delivery_id, payment_id, supporting_project_id) VALUES (1160, (SELECT projects.end_date - INTERVAL 27 DAY FROM projects WHERE projects.id=31), 1, 1160, 1160);
INSERT INTO supporting_packages(id, option_list, package_count, order_id, project_package_id, supporting_project_id) VALUES (1160, '["깍두기"]', 9, 1160, 31, 1160);
INSERT INTO supporting_projects(supporting_project_id, supported_at, delivery_id, payment_id, project_id, user_id) VALUES (1161, (SELECT projects.end_date - INTERVAL 8 DAY FROM projects WHERE projects.id=31), 1161, 1161, 31, 24);
INSERT INTO orders (order_id, created_at, delivery_id, payment_id, supporting_project_id) VALUES (1161, (SELECT projects.end_date - INTERVAL 8 DAY FROM projects WHERE projects.id=31), 1, 1161, 1161);
INSERT INTO supporting_packages(id, option_list, package_count, order_id, project_package_id, supporting_project_id) VALUES (1161, '["파김치"]', 3, 1161, 31, 1161);
INSERT INTO supporting_projects(supporting_project_id, supported_at, delivery_id, payment_id, project_id, user_id) VALUES (1162, (SELECT projects.end_date - INTERVAL 36 DAY FROM projects WHERE projects.id=31), 1162, 1162, 31, 31);
INSERT INTO orders (order_id, created_at, delivery_id, payment_id, supporting_project_id) VALUES (1162, (SELECT projects.end_date - INTERVAL 36 DAY FROM projects WHERE projects.id=31), 1, 1162, 1162);
INSERT INTO supporting_packages(id, option_list, package_count, order_id, project_package_id, supporting_project_id) VALUES (1162, '["파김치"]', 10, 1162, 31, 1162);
INSERT INTO supporting_projects(supporting_project_id, supported_at, delivery_id, payment_id, project_id, user_id) VALUES (1163, (SELECT projects.end_date - INTERVAL 30 DAY FROM projects WHERE projects.id=31), 1163, 1163, 31, 30);
INSERT INTO orders (order_id, created_at, delivery_id, payment_id, supporting_project_id) VALUES (1163, (SELECT projects.end_date - INTERVAL 30 DAY FROM projects WHERE projects.id=31), 1, 1163, 1163);
INSERT INTO supporting_packages(id, option_list, package_count, order_id, project_package_id, supporting_project_id) VALUES (1163, '["배추김치"]', 4, 1163, 31, 1163);
INSERT INTO supporting_projects(supporting_project_id, supported_at, delivery_id, payment_id, project_id, user_id) VALUES (1164, (SELECT projects.end_date - INTERVAL 33 DAY FROM projects WHERE projects.id=31), 1164, 1164, 31, 3);
INSERT INTO orders (order_id, created_at, delivery_id, payment_id, supporting_project_id) VALUES (1164, (SELECT projects.end_date - INTERVAL 33 DAY FROM projects WHERE projects.id=31), 1, 1164, 1164);
INSERT INTO supporting_packages(id, option_list, package_count, order_id, project_package_id, supporting_project_id) VALUES (1164, '["파김치"]', 10, 1164, 31, 1164);
INSERT INTO supporting_projects(supporting_project_id, supported_at, delivery_id, payment_id, project_id, user_id) VALUES (1165, (SELECT projects.end_date - INTERVAL 9 DAY FROM projects WHERE projects.id=31), 1165, 1165, 31, 39);
INSERT INTO orders (order_id, created_at, delivery_id, payment_id, supporting_project_id) VALUES (1165, (SELECT projects.end_date - INTERVAL 9 DAY FROM projects WHERE projects.id=31), 1, 1165, 1165);
INSERT INTO supporting_packages(id, option_list, package_count, order_id, project_package_id, supporting_project_id) VALUES (1165, '["파김치"]', 10, 1165, 31, 1165);
INSERT INTO supporting_projects(supporting_project_id, supported_at, delivery_id, payment_id, project_id, user_id) VALUES (1166, (SELECT projects.end_date - INTERVAL 48 DAY FROM projects WHERE projects.id=31), 1166, 1166, 31, 18);
INSERT INTO orders (order_id, created_at, delivery_id, payment_id, supporting_project_id) VALUES (1166, (SELECT projects.end_date - INTERVAL 48 DAY FROM projects WHERE projects.id=31), 1, 1166, 1166);
INSERT INTO supporting_packages(id, option_list, package_count, order_id, project_package_id, supporting_project_id) VALUES (1166, '["배추김치"]', 2, 1166, 31, 1166);
INSERT INTO supporting_projects(supporting_project_id, supported_at, delivery_id, payment_id, project_id, user_id) VALUES (1167, (SELECT projects.end_date - INTERVAL 16 DAY FROM projects WHERE projects.id=31), 1167, 1167, 31, 15);
INSERT INTO orders (order_id, created_at, delivery_id, payment_id, supporting_project_id) VALUES (1167, (SELECT projects.end_date - INTERVAL 16 DAY FROM projects WHERE projects.id=31), 1, 1167, 1167);
INSERT INTO supporting_packages(id, option_list, package_count, order_id, project_package_id, supporting_project_id) VALUES (1167, '["배추김치"]', 4, 1167, 31, 1167);
INSERT INTO supporting_projects(supporting_project_id, supported_at, delivery_id, payment_id, project_id, user_id) VALUES (1168, (SELECT projects.end_date - INTERVAL 19 DAY FROM projects WHERE projects.id=31), 1168, 1168, 31, 8);
INSERT INTO orders (order_id, created_at, delivery_id, payment_id, supporting_project_id) VALUES (1168, (SELECT projects.end_date - INTERVAL 19 DAY FROM projects WHERE projects.id=31), 1, 1168, 1168);
INSERT INTO supporting_packages(id, option_list, package_count, order_id, project_package_id, supporting_project_id) VALUES (1168, '["파김치"]', 8, 1168, 31, 1168);
INSERT INTO supporting_projects(supporting_project_id, supported_at, delivery_id, payment_id, project_id, user_id) VALUES (1169, (SELECT projects.end_date - INTERVAL 30 DAY FROM projects WHERE projects.id=31), 1169, 1169, 31, 29);
INSERT INTO orders (order_id, created_at, delivery_id, payment_id, supporting_project_id) VALUES (1169, (SELECT projects.end_date - INTERVAL 30 DAY FROM projects WHERE projects.id=31), 1, 1169, 1169);
INSERT INTO supporting_packages(id, option_list, package_count, order_id, project_package_id, supporting_project_id) VALUES (1169, '["배추김치"]', 2, 1169, 31, 1169);
INSERT INTO supporting_projects(supporting_project_id, supported_at, delivery_id, payment_id, project_id, user_id) VALUES (1170, (SELECT projects.end_date - INTERVAL 47 DAY FROM projects WHERE projects.id=31), 1170, 1170, 31, 18);
INSERT INTO orders (order_id, created_at, delivery_id, payment_id, supporting_project_id) VALUES (1170, (SELECT projects.end_date - INTERVAL 47 DAY FROM projects WHERE projects.id=31), 1, 1170, 1170);
INSERT INTO supporting_packages(id, option_list, package_count, order_id, project_package_id, supporting_project_id) VALUES (1170, '["파김치"]', 10, 1170, 31, 1170);
INSERT INTO supporting_projects(supporting_project_id, supported_at, delivery_id, payment_id, project_id, user_id) VALUES (1171, (SELECT projects.end_date - INTERVAL 42 DAY FROM projects WHERE projects.id=31), 1171, 1171, 31, 1);
INSERT INTO orders (order_id, created_at, delivery_id, payment_id, supporting_project_id) VALUES (1171, (SELECT projects.end_date - INTERVAL 42 DAY FROM projects WHERE projects.id=31), 1, 1171, 1171);
INSERT INTO supporting_packages(id, option_list, package_count, order_id, project_package_id, supporting_project_id) VALUES (1171, '["배추김치"]', 10, 1171, 31, 1171);
INSERT INTO supporting_projects(supporting_project_id, supported_at, delivery_id, payment_id, project_id, user_id) VALUES (1172, (SELECT projects.end_date - INTERVAL 12 DAY FROM projects WHERE projects.id=31), 1172, 1172, 31, 32);
INSERT INTO orders (order_id, created_at, delivery_id, payment_id, supporting_project_id) VALUES (1172, (SELECT projects.end_date - INTERVAL 12 DAY FROM projects WHERE projects.id=31), 1, 1172, 1172);
INSERT INTO supporting_packages(id, option_list, package_count, order_id, project_package_id, supporting_project_id) VALUES (1172, '["깍두기"]', 8, 1172, 31, 1172);
INSERT INTO supporting_projects(supporting_project_id, supported_at, delivery_id, payment_id, project_id, user_id) VALUES (1173, (SELECT projects.end_date - INTERVAL 34 DAY FROM projects WHERE projects.id=31), 1173, 1173, 31, 3);
INSERT INTO orders (order_id, created_at, delivery_id, payment_id, supporting_project_id) VALUES (1173, (SELECT projects.end_date - INTERVAL 34 DAY FROM projects WHERE projects.id=31), 1, 1173, 1173);
INSERT INTO supporting_packages(id, option_list, package_count, order_id, project_package_id, supporting_project_id) VALUES (1173, '["깍두기"]', 9, 1173, 31, 1173);
INSERT INTO supporting_projects(supporting_project_id, supported_at, delivery_id, payment_id, project_id, user_id) VALUES (1174, (SELECT projects.end_date - INTERVAL 42 DAY FROM projects WHERE projects.id=31), 1174, 1174, 31, 37);
INSERT INTO orders (order_id, created_at, delivery_id, payment_id, supporting_project_id) VALUES (1174, (SELECT projects.end_date - INTERVAL 42 DAY FROM projects WHERE projects.id=31), 1, 1174, 1174);
INSERT INTO supporting_packages(id, option_list, package_count, order_id, project_package_id, supporting_project_id) VALUES (1174, '["깍두기"]', 4, 1174, 31, 1174);
INSERT INTO supporting_projects(supporting_project_id, supported_at, delivery_id, payment_id, project_id, user_id) VALUES (1175, (SELECT projects.end_date - INTERVAL 22 DAY FROM projects WHERE projects.id=31), 1175, 1175, 31, 39);
INSERT INTO orders (order_id, created_at, delivery_id, payment_id, supporting_project_id) VALUES (1175, (SELECT projects.end_date - INTERVAL 22 DAY FROM projects WHERE projects.id=31), 1, 1175, 1175);
INSERT INTO supporting_packages(id, option_list, package_count, order_id, project_package_id, supporting_project_id) VALUES (1175, '["깍두기"]', 4, 1175, 31, 1175);
INSERT INTO supporting_projects(supporting_project_id, supported_at, delivery_id, payment_id, project_id, user_id) VALUES (1176, (SELECT projects.end_date - INTERVAL 39 DAY FROM projects WHERE projects.id=31), 1176, 1176, 31, 37);
INSERT INTO orders (order_id, created_at, delivery_id, payment_id, supporting_project_id) VALUES (1176, (SELECT projects.end_date - INTERVAL 39 DAY FROM projects WHERE projects.id=31), 1, 1176, 1176);
INSERT INTO supporting_packages(id, option_list, package_count, order_id, project_package_id, supporting_project_id) VALUES (1176, '["배추김치"]', 4, 1176, 31, 1176);
INSERT INTO supporting_projects(supporting_project_id, supported_at, delivery_id, payment_id, project_id, user_id) VALUES (1177, (SELECT projects.end_date - INTERVAL 46 DAY FROM projects WHERE projects.id=31), 1177, 1177, 31, 1);
INSERT INTO orders (order_id, created_at, delivery_id, payment_id, supporting_project_id) VALUES (1177, (SELECT projects.end_date - INTERVAL 46 DAY FROM projects WHERE projects.id=31), 1, 1177, 1177);
INSERT INTO supporting_packages(id, option_list, package_count, order_id, project_package_id, supporting_project_id) VALUES (1177, '["깍두기"]', 4, 1177, 31, 1177);
INSERT INTO supporting_projects(supporting_project_id, supported_at, delivery_id, payment_id, project_id, user_id) VALUES (1178, (SELECT projects.end_date - INTERVAL 36 DAY FROM projects WHERE projects.id=31), 1178, 1178, 31, 2);
INSERT INTO orders (order_id, created_at, delivery_id, payment_id, supporting_project_id) VALUES (1178, (SELECT projects.end_date - INTERVAL 36 DAY FROM projects WHERE projects.id=31), 1, 1178, 1178);
INSERT INTO supporting_packages(id, option_list, package_count, order_id, project_package_id, supporting_project_id) VALUES (1178, '["파김치"]', 9, 1178, 31, 1178);
INSERT INTO supporting_projects(supporting_project_id, supported_at, delivery_id, payment_id, project_id, user_id) VALUES (1179, (SELECT projects.end_date - INTERVAL 38 DAY FROM projects WHERE projects.id=31), 1179, 1179, 31, 40);
INSERT INTO orders (order_id, created_at, delivery_id, payment_id, supporting_project_id) VALUES (1179, (SELECT projects.end_date - INTERVAL 38 DAY FROM projects WHERE projects.id=31), 1, 1179, 1179);
INSERT INTO supporting_packages(id, option_list, package_count, order_id, project_package_id, supporting_project_id) VALUES (1179, '["파김치"]', 10, 1179, 31, 1179);
INSERT INTO supporting_projects(supporting_project_id, supported_at, delivery_id, payment_id, project_id, user_id) VALUES (1180, (SELECT projects.end_date - INTERVAL 42 DAY FROM projects WHERE projects.id=31), 1180, 1180, 31, 29);
INSERT INTO orders (order_id, created_at, delivery_id, payment_id, supporting_project_id) VALUES (1180, (SELECT projects.end_date - INTERVAL 42 DAY FROM projects WHERE projects.id=31), 1, 1180, 1180);
INSERT INTO supporting_packages(id, option_list, package_count, order_id, project_package_id, supporting_project_id) VALUES (1180, '["깍두기"]', 8, 1180, 31, 1180);
INSERT INTO supporting_projects(supporting_project_id, supported_at, delivery_id, payment_id, project_id, user_id) VALUES (1181, (SELECT projects.end_date - INTERVAL 38 DAY FROM projects WHERE projects.id=31), 1181, 1181, 31, 18);
INSERT INTO orders (order_id, created_at, delivery_id, payment_id, supporting_project_id) VALUES (1181, (SELECT projects.end_date - INTERVAL 38 DAY FROM projects WHERE projects.id=31), 1, 1181, 1181);
INSERT INTO supporting_packages(id, option_list, package_count, order_id, project_package_id, supporting_project_id) VALUES (1181, '["배추김치"]', 6, 1181, 31, 1181);
INSERT INTO supporting_projects(supporting_project_id, supported_at, delivery_id, payment_id, project_id, user_id) VALUES (1182, (SELECT projects.end_date - INTERVAL 30 DAY FROM projects WHERE projects.id=31), 1182, 1182, 31, 6);
INSERT INTO orders (order_id, created_at, delivery_id, payment_id, supporting_project_id) VALUES (1182, (SELECT projects.end_date - INTERVAL 30 DAY FROM projects WHERE projects.id=31), 1, 1182, 1182);
INSERT INTO supporting_packages(id, option_list, package_count, order_id, project_package_id, supporting_project_id) VALUES (1182, '["배추김치"]', 9, 1182, 31, 1182);
INSERT INTO supporting_projects(supporting_project_id, supported_at, delivery_id, payment_id, project_id, user_id) VALUES (1183, (SELECT projects.end_date - INTERVAL 19 DAY FROM projects WHERE projects.id=31), 1183, 1183, 31, 31);
INSERT INTO orders (order_id, created_at, delivery_id, payment_id, supporting_project_id) VALUES (1183, (SELECT projects.end_date - INTERVAL 19 DAY FROM projects WHERE projects.id=31), 1, 1183, 1183);
INSERT INTO supporting_packages(id, option_list, package_count, order_id, project_package_id, supporting_project_id) VALUES (1183, '["배추김치"]', 1, 1183, 31, 1183);
INSERT INTO supporting_projects(supporting_project_id, supported_at, delivery_id, payment_id, project_id, user_id) VALUES (1184, (SELECT projects.end_date - INTERVAL 26 DAY FROM projects WHERE projects.id=31), 1184, 1184, 31, 12);
INSERT INTO orders (order_id, created_at, delivery_id, payment_id, supporting_project_id) VALUES (1184, (SELECT projects.end_date - INTERVAL 26 DAY FROM projects WHERE projects.id=31), 1, 1184, 1184);
INSERT INTO supporting_packages(id, option_list, package_count, order_id, project_package_id, supporting_project_id) VALUES (1184, '["파김치"]', 4, 1184, 31, 1184);
INSERT INTO supporting_projects(supporting_project_id, supported_at, delivery_id, payment_id, project_id, user_id) VALUES (1185, (SELECT projects.end_date - INTERVAL 9 DAY FROM projects WHERE projects.id=31), 1185, 1185, 31, 13);
INSERT INTO orders (order_id, created_at, delivery_id, payment_id, supporting_project_id) VALUES (1185, (SELECT projects.end_date - INTERVAL 9 DAY FROM projects WHERE projects.id=31), 1, 1185, 1185);
INSERT INTO supporting_packages(id, option_list, package_count, order_id, project_package_id, supporting_project_id) VALUES (1185, '["배추김치"]', 4, 1185, 31, 1185);
INSERT INTO supporting_projects(supporting_project_id, supported_at, delivery_id, payment_id, project_id, user_id) VALUES (1186, (SELECT projects.end_date - INTERVAL 32 DAY FROM projects WHERE projects.id=31), 1186, 1186, 31, 23);
INSERT INTO orders (order_id, created_at, delivery_id, payment_id, supporting_project_id) VALUES (1186, (SELECT projects.end_date - INTERVAL 32 DAY FROM projects WHERE projects.id=31), 1, 1186, 1186);
INSERT INTO supporting_packages(id, option_list, package_count, order_id, project_package_id, supporting_project_id) VALUES (1186, '["배추김치"]', 8, 1186, 31, 1186);
INSERT INTO supporting_projects(supporting_project_id, supported_at, delivery_id, payment_id, project_id, user_id) VALUES (1187, (SELECT projects.end_date - INTERVAL 47 DAY FROM projects WHERE projects.id=31), 1187, 1187, 31, 39);
INSERT INTO orders (order_id, created_at, delivery_id, payment_id, supporting_project_id) VALUES (1187, (SELECT projects.end_date - INTERVAL 47 DAY FROM projects WHERE projects.id=31), 1, 1187, 1187);
INSERT INTO supporting_packages(id, option_list, package_count, order_id, project_package_id, supporting_project_id) VALUES (1187, '["배추김치"]', 3, 1187, 31, 1187);
INSERT INTO supporting_projects(supporting_project_id, supported_at, delivery_id, payment_id, project_id, user_id) VALUES (1188, (SELECT projects.end_date - INTERVAL 31 DAY FROM projects WHERE projects.id=31), 1188, 1188, 31, 31);
INSERT INTO orders (order_id, created_at, delivery_id, payment_id, supporting_project_id) VALUES (1188, (SELECT projects.end_date - INTERVAL 31 DAY FROM projects WHERE projects.id=31), 1, 1188, 1188);
INSERT INTO supporting_packages(id, option_list, package_count, order_id, project_package_id, supporting_project_id) VALUES (1188, '["파김치"]', 6, 1188, 31, 1188);
INSERT INTO supporting_projects(supporting_project_id, supported_at, delivery_id, payment_id, project_id, user_id) VALUES (1189, (SELECT projects.end_date - INTERVAL 20 DAY FROM projects WHERE projects.id=32), 1189, 1189, 32, 22);
INSERT INTO orders (order_id, created_at, delivery_id, payment_id, supporting_project_id) VALUES (1189, (SELECT projects.end_date - INTERVAL 20 DAY FROM projects WHERE projects.id=32), 1, 1189, 1189);
INSERT INTO supporting_packages(id, option_list, package_count, order_id, project_package_id, supporting_project_id) VALUES (1189, '["원데이클래스"]', 10, 1189, 32, 1189);
INSERT INTO supporting_projects(supporting_project_id, supported_at, delivery_id, payment_id, project_id, user_id) VALUES (1190, (SELECT projects.end_date - INTERVAL 9 DAY FROM projects WHERE projects.id=32), 1190, 1190, 32, 8);
INSERT INTO orders (order_id, created_at, delivery_id, payment_id, supporting_project_id) VALUES (1190, (SELECT projects.end_date - INTERVAL 9 DAY FROM projects WHERE projects.id=32), 1, 1190, 1190);
INSERT INTO supporting_packages(id, option_list, package_count, order_id, project_package_id, supporting_project_id) VALUES (1190, '["원데이클래스"]', 5, 1190, 32, 1190);
INSERT INTO supporting_projects(supporting_project_id, supported_at, delivery_id, payment_id, project_id, user_id) VALUES (1191, (SELECT projects.end_date - INTERVAL 30 DAY FROM projects WHERE projects.id=32), 1191, 1191, 32, 9);
INSERT INTO orders (order_id, created_at, delivery_id, payment_id, supporting_project_id) VALUES (1191, (SELECT projects.end_date - INTERVAL 30 DAY FROM projects WHERE projects.id=32), 1, 1191, 1191);
INSERT INTO supporting_packages(id, option_list, package_count, order_id, project_package_id, supporting_project_id) VALUES (1191, '["프로페셔널 클래스"]', 1, 1191, 32, 1191);
INSERT INTO supporting_projects(supporting_project_id, supported_at, delivery_id, payment_id, project_id, user_id) VALUES (1192, (SELECT projects.end_date - INTERVAL 30 DAY FROM projects WHERE projects.id=32), 1192, 1192, 32, 23);
INSERT INTO orders (order_id, created_at, delivery_id, payment_id, supporting_project_id) VALUES (1192, (SELECT projects.end_date - INTERVAL 30 DAY FROM projects WHERE projects.id=32), 1, 1192, 1192);
INSERT INTO supporting_packages(id, option_list, package_count, order_id, project_package_id, supporting_project_id) VALUES (1192, '["원데이클래스"]', 7, 1192, 32, 1192);
INSERT INTO supporting_projects(supporting_project_id, supported_at, delivery_id, payment_id, project_id, user_id) VALUES (1193, (SELECT projects.end_date - INTERVAL 31 DAY FROM projects WHERE projects.id=32), 1193, 1193, 32, 29);
INSERT INTO orders (order_id, created_at, delivery_id, payment_id, supporting_project_id) VALUES (1193, (SELECT projects.end_date - INTERVAL 31 DAY FROM projects WHERE projects.id=32), 1, 1193, 1193);
INSERT INTO supporting_packages(id, option_list, package_count, order_id, project_package_id, supporting_project_id) VALUES (1193, '["프로페셔널 클래스"]', 8, 1193, 32, 1193);
INSERT INTO supporting_projects(supporting_project_id, supported_at, delivery_id, payment_id, project_id, user_id) VALUES (1194, (SELECT projects.end_date - INTERVAL 18 DAY FROM projects WHERE projects.id=32), 1194, 1194, 32, 30);
INSERT INTO orders (order_id, created_at, delivery_id, payment_id, supporting_project_id) VALUES (1194, (SELECT projects.end_date - INTERVAL 18 DAY FROM projects WHERE projects.id=32), 1, 1194, 1194);
INSERT INTO supporting_packages(id, option_list, package_count, order_id, project_package_id, supporting_project_id) VALUES (1194, '["중급 클래스"]', 8, 1194, 32, 1194);
INSERT INTO supporting_projects(supporting_project_id, supported_at, delivery_id, payment_id, project_id, user_id) VALUES (1195, (SELECT projects.end_date - INTERVAL 23 DAY FROM projects WHERE projects.id=32), 1195, 1195, 32, 10);
INSERT INTO orders (order_id, created_at, delivery_id, payment_id, supporting_project_id) VALUES (1195, (SELECT projects.end_date - INTERVAL 23 DAY FROM projects WHERE projects.id=32), 1, 1195, 1195);
INSERT INTO supporting_packages(id, option_list, package_count, order_id, project_package_id, supporting_project_id) VALUES (1195, '["프로페셔널 클래스"]', 2, 1195, 32, 1195);
INSERT INTO supporting_projects(supporting_project_id, supported_at, delivery_id, payment_id, project_id, user_id) VALUES (1196, (SELECT projects.end_date - INTERVAL 7 DAY FROM projects WHERE projects.id=32), 1196, 1196, 32, 9);
INSERT INTO orders (order_id, created_at, delivery_id, payment_id, supporting_project_id) VALUES (1196, (SELECT projects.end_date - INTERVAL 7 DAY FROM projects WHERE projects.id=32), 1, 1196, 1196);
INSERT INTO supporting_packages(id, option_list, package_count, order_id, project_package_id, supporting_project_id) VALUES (1196, '["프로페셔널 클래스"]', 1, 1196, 32, 1196);
INSERT INTO supporting_projects(supporting_project_id, supported_at, delivery_id, payment_id, project_id, user_id) VALUES (1197, (SELECT projects.end_date - INTERVAL 33 DAY FROM projects WHERE projects.id=32), 1197, 1197, 32, 8);
INSERT INTO orders (order_id, created_at, delivery_id, payment_id, supporting_project_id) VALUES (1197, (SELECT projects.end_date - INTERVAL 33 DAY FROM projects WHERE projects.id=32), 1, 1197, 1197);
INSERT INTO supporting_packages(id, option_list, package_count, order_id, project_package_id, supporting_project_id) VALUES (1197, '["프로페셔널 클래스"]', 2, 1197, 32, 1197);
INSERT INTO supporting_projects(supporting_project_id, supported_at, delivery_id, payment_id, project_id, user_id) VALUES (1198, (SELECT projects.end_date - INTERVAL 49 DAY FROM projects WHERE projects.id=32), 1198, 1198, 32, 37);
INSERT INTO orders (order_id, created_at, delivery_id, payment_id, supporting_project_id) VALUES (1198, (SELECT projects.end_date - INTERVAL 49 DAY FROM projects WHERE projects.id=32), 1, 1198, 1198);
INSERT INTO supporting_packages(id, option_list, package_count, order_id, project_package_id, supporting_project_id) VALUES (1198, '["프로페셔널 클래스"]', 4, 1198, 32, 1198);
INSERT INTO supporting_projects(supporting_project_id, supported_at, delivery_id, payment_id, project_id, user_id) VALUES (1199, (SELECT projects.end_date - INTERVAL 48 DAY FROM projects WHERE projects.id=32), 1199, 1199, 32, 30);
INSERT INTO orders (order_id, created_at, delivery_id, payment_id, supporting_project_id) VALUES (1199, (SELECT projects.end_date - INTERVAL 48 DAY FROM projects WHERE projects.id=32), 1, 1199, 1199);
INSERT INTO supporting_packages(id, option_list, package_count, order_id, project_package_id, supporting_project_id) VALUES (1199, '["프로페셔널 클래스"]', 3, 1199, 32, 1199);
INSERT INTO supporting_projects(supporting_project_id, supported_at, delivery_id, payment_id, project_id, user_id) VALUES (1200, (SELECT projects.end_date - INTERVAL 34 DAY FROM projects WHERE projects.id=32), 1200, 1200, 32, 20);
INSERT INTO orders (order_id, created_at, delivery_id, payment_id, supporting_project_id) VALUES (1200, (SELECT projects.end_date - INTERVAL 34 DAY FROM projects WHERE projects.id=32), 1, 1200, 1200);
INSERT INTO supporting_packages(id, option_list, package_count, order_id, project_package_id, supporting_project_id) VALUES (1200, '["프로페셔널 클래스"]', 8, 1200, 32, 1200);
INSERT INTO supporting_projects(supporting_project_id, supported_at, delivery_id, payment_id, project_id, user_id) VALUES (1201, (SELECT projects.end_date - INTERVAL 42 DAY FROM projects WHERE projects.id=32), 1201, 1201, 32, 31);
INSERT INTO orders (order_id, created_at, delivery_id, payment_id, supporting_project_id) VALUES (1201, (SELECT projects.end_date - INTERVAL 42 DAY FROM projects WHERE projects.id=32), 1, 1201, 1201);
INSERT INTO supporting_packages(id, option_list, package_count, order_id, project_package_id, supporting_project_id) VALUES (1201, '["중급 클래스"]', 4, 1201, 32, 1201);
INSERT INTO supporting_projects(supporting_project_id, supported_at, delivery_id, payment_id, project_id, user_id) VALUES (1202, (SELECT projects.end_date - INTERVAL 38 DAY FROM projects WHERE projects.id=32), 1202, 1202, 32, 32);
INSERT INTO orders (order_id, created_at, delivery_id, payment_id, supporting_project_id) VALUES (1202, (SELECT projects.end_date - INTERVAL 38 DAY FROM projects WHERE projects.id=32), 1, 1202, 1202);
INSERT INTO supporting_packages(id, option_list, package_count, order_id, project_package_id, supporting_project_id) VALUES (1202, '["원데이클래스"]', 6, 1202, 32, 1202);
INSERT INTO supporting_projects(supporting_project_id, supported_at, delivery_id, payment_id, project_id, user_id) VALUES (1203, (SELECT projects.end_date - INTERVAL 8 DAY FROM projects WHERE projects.id=32), 1203, 1203, 32, 2);
INSERT INTO orders (order_id, created_at, delivery_id, payment_id, supporting_project_id) VALUES (1203, (SELECT projects.end_date - INTERVAL 8 DAY FROM projects WHERE projects.id=32), 1, 1203, 1203);
INSERT INTO supporting_packages(id, option_list, package_count, order_id, project_package_id, supporting_project_id) VALUES (1203, '["원데이클래스"]', 6, 1203, 32, 1203);
INSERT INTO supporting_projects(supporting_project_id, supported_at, delivery_id, payment_id, project_id, user_id) VALUES (1204, (SELECT projects.end_date - INTERVAL 45 DAY FROM projects WHERE projects.id=32), 1204, 1204, 32, 40);
INSERT INTO orders (order_id, created_at, delivery_id, payment_id, supporting_project_id) VALUES (1204, (SELECT projects.end_date - INTERVAL 45 DAY FROM projects WHERE projects.id=32), 1, 1204, 1204);
INSERT INTO supporting_packages(id, option_list, package_count, order_id, project_package_id, supporting_project_id) VALUES (1204, '["원데이클래스"]', 6, 1204, 32, 1204);
INSERT INTO supporting_projects(supporting_project_id, supported_at, delivery_id, payment_id, project_id, user_id) VALUES (1205, (SELECT projects.end_date - INTERVAL 10 DAY FROM projects WHERE projects.id=32), 1205, 1205, 32, 33);
INSERT INTO orders (order_id, created_at, delivery_id, payment_id, supporting_project_id) VALUES (1205, (SELECT projects.end_date - INTERVAL 10 DAY FROM projects WHERE projects.id=32), 1, 1205, 1205);
INSERT INTO supporting_packages(id, option_list, package_count, order_id, project_package_id, supporting_project_id) VALUES (1205, '["원데이클래스"]', 7, 1205, 32, 1205);
INSERT INTO supporting_projects(supporting_project_id, supported_at, delivery_id, payment_id, project_id, user_id) VALUES (1206, (SELECT projects.end_date - INTERVAL 49 DAY FROM projects WHERE projects.id=32), 1206, 1206, 32, 25);
INSERT INTO orders (order_id, created_at, delivery_id, payment_id, supporting_project_id) VALUES (1206, (SELECT projects.end_date - INTERVAL 49 DAY FROM projects WHERE projects.id=32), 1, 1206, 1206);
INSERT INTO supporting_packages(id, option_list, package_count, order_id, project_package_id, supporting_project_id) VALUES (1206, '["원데이클래스"]', 8, 1206, 32, 1206);
INSERT INTO supporting_projects(supporting_project_id, supported_at, delivery_id, payment_id, project_id, user_id) VALUES (1207, (SELECT projects.end_date - INTERVAL 33 DAY FROM projects WHERE projects.id=32), 1207, 1207, 32, 30);
INSERT INTO orders (order_id, created_at, delivery_id, payment_id, supporting_project_id) VALUES (1207, (SELECT projects.end_date - INTERVAL 33 DAY FROM projects WHERE projects.id=32), 1, 1207, 1207);
INSERT INTO supporting_packages(id, option_list, package_count, order_id, project_package_id, supporting_project_id) VALUES (1207, '["중급 클래스"]', 9, 1207, 32, 1207);
INSERT INTO supporting_projects(supporting_project_id, supported_at, delivery_id, payment_id, project_id, user_id) VALUES (1208, (SELECT projects.end_date - INTERVAL 40 DAY FROM projects WHERE projects.id=32), 1208, 1208, 32, 21);
INSERT INTO orders (order_id, created_at, delivery_id, payment_id, supporting_project_id) VALUES (1208, (SELECT projects.end_date - INTERVAL 40 DAY FROM projects WHERE projects.id=32), 1, 1208, 1208);
INSERT INTO supporting_packages(id, option_list, package_count, order_id, project_package_id, supporting_project_id) VALUES (1208, '["원데이클래스"]', 2, 1208, 32, 1208);
INSERT INTO supporting_projects(supporting_project_id, supported_at, delivery_id, payment_id, project_id, user_id) VALUES (1209, (SELECT projects.end_date - INTERVAL 18 DAY FROM projects WHERE projects.id=32), 1209, 1209, 32, 5);
INSERT INTO orders (order_id, created_at, delivery_id, payment_id, supporting_project_id) VALUES (1209, (SELECT projects.end_date - INTERVAL 18 DAY FROM projects WHERE projects.id=32), 1, 1209, 1209);
INSERT INTO supporting_packages(id, option_list, package_count, order_id, project_package_id, supporting_project_id) VALUES (1209, '["원데이클래스"]', 5, 1209, 32, 1209);
INSERT INTO supporting_projects(supporting_project_id, supported_at, delivery_id, payment_id, project_id, user_id) VALUES (1210, (SELECT projects.end_date - INTERVAL 46 DAY FROM projects WHERE projects.id=32), 1210, 1210, 32, 17);
INSERT INTO orders (order_id, created_at, delivery_id, payment_id, supporting_project_id) VALUES (1210, (SELECT projects.end_date - INTERVAL 46 DAY FROM projects WHERE projects.id=32), 1, 1210, 1210);
INSERT INTO supporting_packages(id, option_list, package_count, order_id, project_package_id, supporting_project_id) VALUES (1210, '["원데이클래스"]', 4, 1210, 32, 1210);
INSERT INTO supporting_projects(supporting_project_id, supported_at, delivery_id, payment_id, project_id, user_id) VALUES (1211, (SELECT projects.end_date - INTERVAL 44 DAY FROM projects WHERE projects.id=32), 1211, 1211, 32, 25);
INSERT INTO orders (order_id, created_at, delivery_id, payment_id, supporting_project_id) VALUES (1211, (SELECT projects.end_date - INTERVAL 44 DAY FROM projects WHERE projects.id=32), 1, 1211, 1211);
INSERT INTO supporting_packages(id, option_list, package_count, order_id, project_package_id, supporting_project_id) VALUES (1211, '["프로페셔널 클래스"]', 7, 1211, 32, 1211);
INSERT INTO supporting_projects(supporting_project_id, supported_at, delivery_id, payment_id, project_id, user_id) VALUES (1212, (SELECT projects.end_date - INTERVAL 27 DAY FROM projects WHERE projects.id=32), 1212, 1212, 32, 24);
INSERT INTO orders (order_id, created_at, delivery_id, payment_id, supporting_project_id) VALUES (1212, (SELECT projects.end_date - INTERVAL 27 DAY FROM projects WHERE projects.id=32), 1, 1212, 1212);
INSERT INTO supporting_packages(id, option_list, package_count, order_id, project_package_id, supporting_project_id) VALUES (1212, '["프로페셔널 클래스"]', 3, 1212, 32, 1212);
INSERT INTO supporting_projects(supporting_project_id, supported_at, delivery_id, payment_id, project_id, user_id) VALUES (1213, (SELECT projects.end_date - INTERVAL 29 DAY FROM projects WHERE projects.id=32), 1213, 1213, 32, 35);
INSERT INTO orders (order_id, created_at, delivery_id, payment_id, supporting_project_id) VALUES (1213, (SELECT projects.end_date - INTERVAL 29 DAY FROM projects WHERE projects.id=32), 1, 1213, 1213);
INSERT INTO supporting_packages(id, option_list, package_count, order_id, project_package_id, supporting_project_id) VALUES (1213, '["원데이클래스"]', 3, 1213, 32, 1213);
INSERT INTO supporting_projects(supporting_project_id, supported_at, delivery_id, payment_id, project_id, user_id) VALUES (1214, (SELECT projects.end_date - INTERVAL 47 DAY FROM projects WHERE projects.id=32), 1214, 1214, 32, 17);
INSERT INTO orders (order_id, created_at, delivery_id, payment_id, supporting_project_id) VALUES (1214, (SELECT projects.end_date - INTERVAL 47 DAY FROM projects WHERE projects.id=32), 1, 1214, 1214);
INSERT INTO supporting_packages(id, option_list, package_count, order_id, project_package_id, supporting_project_id) VALUES (1214, '["중급 클래스"]', 6, 1214, 32, 1214);
INSERT INTO supporting_projects(supporting_project_id, supported_at, delivery_id, payment_id, project_id, user_id) VALUES (1215, (SELECT projects.end_date - INTERVAL 12 DAY FROM projects WHERE projects.id=32), 1215, 1215, 32, 24);
INSERT INTO orders (order_id, created_at, delivery_id, payment_id, supporting_project_id) VALUES (1215, (SELECT projects.end_date - INTERVAL 12 DAY FROM projects WHERE projects.id=32), 1, 1215, 1215);
INSERT INTO supporting_packages(id, option_list, package_count, order_id, project_package_id, supporting_project_id) VALUES (1215, '["중급 클래스"]', 8, 1215, 32, 1215);
INSERT INTO supporting_projects(supporting_project_id, supported_at, delivery_id, payment_id, project_id, user_id) VALUES (1216, (SELECT projects.end_date - INTERVAL 46 DAY FROM projects WHERE projects.id=32), 1216, 1216, 32, 15);
INSERT INTO orders (order_id, created_at, delivery_id, payment_id, supporting_project_id) VALUES (1216, (SELECT projects.end_date - INTERVAL 46 DAY FROM projects WHERE projects.id=32), 1, 1216, 1216);
INSERT INTO supporting_packages(id, option_list, package_count, order_id, project_package_id, supporting_project_id) VALUES (1216, '["중급 클래스"]', 5, 1216, 32, 1216);
INSERT INTO supporting_projects(supporting_project_id, supported_at, delivery_id, payment_id, project_id, user_id) VALUES (1217, (SELECT projects.end_date - INTERVAL 46 DAY FROM projects WHERE projects.id=32), 1217, 1217, 32, 14);
INSERT INTO orders (order_id, created_at, delivery_id, payment_id, supporting_project_id) VALUES (1217, (SELECT projects.end_date - INTERVAL 46 DAY FROM projects WHERE projects.id=32), 1, 1217, 1217);
INSERT INTO supporting_packages(id, option_list, package_count, order_id, project_package_id, supporting_project_id) VALUES (1217, '["프로페셔널 클래스"]', 4, 1217, 32, 1217);
INSERT INTO supporting_projects(supporting_project_id, supported_at, delivery_id, payment_id, project_id, user_id) VALUES (1218, (SELECT projects.end_date - INTERVAL 14 DAY FROM projects WHERE projects.id=32), 1218, 1218, 32, 1);
INSERT INTO orders (order_id, created_at, delivery_id, payment_id, supporting_project_id) VALUES (1218, (SELECT projects.end_date - INTERVAL 14 DAY FROM projects WHERE projects.id=32), 1, 1218, 1218);
INSERT INTO supporting_packages(id, option_list, package_count, order_id, project_package_id, supporting_project_id) VALUES (1218, '["중급 클래스"]', 7, 1218, 32, 1218);
INSERT INTO supporting_projects(supporting_project_id, supported_at, delivery_id, payment_id, project_id, user_id) VALUES (1219, (SELECT projects.end_date - INTERVAL 33 DAY FROM projects WHERE projects.id=32), 1219, 1219, 32, 11);
INSERT INTO orders (order_id, created_at, delivery_id, payment_id, supporting_project_id) VALUES (1219, (SELECT projects.end_date - INTERVAL 33 DAY FROM projects WHERE projects.id=32), 1, 1219, 1219);
INSERT INTO supporting_packages(id, option_list, package_count, order_id, project_package_id, supporting_project_id) VALUES (1219, '["프로페셔널 클래스"]', 4, 1219, 32, 1219);
INSERT INTO supporting_projects(supporting_project_id, supported_at, delivery_id, payment_id, project_id, user_id) VALUES (1220, (SELECT projects.end_date - INTERVAL 38 DAY FROM projects WHERE projects.id=32), 1220, 1220, 32, 4);
INSERT INTO orders (order_id, created_at, delivery_id, payment_id, supporting_project_id) VALUES (1220, (SELECT projects.end_date - INTERVAL 38 DAY FROM projects WHERE projects.id=32), 1, 1220, 1220);
INSERT INTO supporting_packages(id, option_list, package_count, order_id, project_package_id, supporting_project_id) VALUES (1220, '["프로페셔널 클래스"]', 2, 1220, 32, 1220);
INSERT INTO supporting_projects(supporting_project_id, supported_at, delivery_id, payment_id, project_id, user_id) VALUES (1221, (SELECT projects.end_date - INTERVAL 31 DAY FROM projects WHERE projects.id=32), 1221, 1221, 32, 6);
INSERT INTO orders (order_id, created_at, delivery_id, payment_id, supporting_project_id) VALUES (1221, (SELECT projects.end_date - INTERVAL 31 DAY FROM projects WHERE projects.id=32), 1, 1221, 1221);
INSERT INTO supporting_packages(id, option_list, package_count, order_id, project_package_id, supporting_project_id) VALUES (1221, '["중급 클래스"]', 5, 1221, 32, 1221);
INSERT INTO supporting_projects(supporting_project_id, supported_at, delivery_id, payment_id, project_id, user_id) VALUES (1222, (SELECT projects.end_date - INTERVAL 18 DAY FROM projects WHERE projects.id=32), 1222, 1222, 32, 21);
INSERT INTO orders (order_id, created_at, delivery_id, payment_id, supporting_project_id) VALUES (1222, (SELECT projects.end_date - INTERVAL 18 DAY FROM projects WHERE projects.id=32), 1, 1222, 1222);
INSERT INTO supporting_packages(id, option_list, package_count, order_id, project_package_id, supporting_project_id) VALUES (1222, '["중급 클래스"]', 7, 1222, 32, 1222);
INSERT INTO supporting_projects(supporting_project_id, supported_at, delivery_id, payment_id, project_id, user_id) VALUES (1223, (SELECT projects.end_date - INTERVAL 7 DAY FROM projects WHERE projects.id=32), 1223, 1223, 32, 6);
INSERT INTO orders (order_id, created_at, delivery_id, payment_id, supporting_project_id) VALUES (1223, (SELECT projects.end_date - INTERVAL 7 DAY FROM projects WHERE projects.id=32), 1, 1223, 1223);
INSERT INTO supporting_packages(id, option_list, package_count, order_id, project_package_id, supporting_project_id) VALUES (1223, '["원데이클래스"]', 5, 1223, 32, 1223);
INSERT INTO supporting_projects(supporting_project_id, supported_at, delivery_id, payment_id, project_id, user_id) VALUES (1224, (SELECT projects.end_date - INTERVAL 50 DAY FROM projects WHERE projects.id=32), 1224, 1224, 32, 15);
INSERT INTO orders (order_id, created_at, delivery_id, payment_id, supporting_project_id) VALUES (1224, (SELECT projects.end_date - INTERVAL 50 DAY FROM projects WHERE projects.id=32), 1, 1224, 1224);
INSERT INTO supporting_packages(id, option_list, package_count, order_id, project_package_id, supporting_project_id) VALUES (1224, '["중급 클래스"]', 3, 1224, 32, 1224);
INSERT INTO supporting_projects(supporting_project_id, supported_at, delivery_id, payment_id, project_id, user_id) VALUES (1225, (SELECT projects.end_date - INTERVAL 33 DAY FROM projects WHERE projects.id=32), 1225, 1225, 32, 3);
INSERT INTO orders (order_id, created_at, delivery_id, payment_id, supporting_project_id) VALUES (1225, (SELECT projects.end_date - INTERVAL 33 DAY FROM projects WHERE projects.id=32), 1, 1225, 1225);
INSERT INTO supporting_packages(id, option_list, package_count, order_id, project_package_id, supporting_project_id) VALUES (1225, '["중급 클래스"]', 6, 1225, 32, 1225);
INSERT INTO supporting_projects(supporting_project_id, supported_at, delivery_id, payment_id, project_id, user_id) VALUES (1226, (SELECT projects.end_date - INTERVAL 24 DAY FROM projects WHERE projects.id=32), 1226, 1226, 32, 3);
INSERT INTO orders (order_id, created_at, delivery_id, payment_id, supporting_project_id) VALUES (1226, (SELECT projects.end_date - INTERVAL 24 DAY FROM projects WHERE projects.id=32), 1, 1226, 1226);
INSERT INTO supporting_packages(id, option_list, package_count, order_id, project_package_id, supporting_project_id) VALUES (1226, '["원데이클래스"]', 7, 1226, 32, 1226);
INSERT INTO supporting_projects(supporting_project_id, supported_at, delivery_id, payment_id, project_id, user_id) VALUES (1227, (SELECT projects.end_date - INTERVAL 9 DAY FROM projects WHERE projects.id=32), 1227, 1227, 32, 4);
INSERT INTO orders (order_id, created_at, delivery_id, payment_id, supporting_project_id) VALUES (1227, (SELECT projects.end_date - INTERVAL 9 DAY FROM projects WHERE projects.id=32), 1, 1227, 1227);
INSERT INTO supporting_packages(id, option_list, package_count, order_id, project_package_id, supporting_project_id) VALUES (1227, '["중급 클래스"]', 9, 1227, 32, 1227);
INSERT INTO supporting_projects(supporting_project_id, supported_at, delivery_id, payment_id, project_id, user_id) VALUES (1228, (SELECT projects.end_date - INTERVAL 35 DAY FROM projects WHERE projects.id=32), 1228, 1228, 32, 35);
INSERT INTO orders (order_id, created_at, delivery_id, payment_id, supporting_project_id) VALUES (1228, (SELECT projects.end_date - INTERVAL 35 DAY FROM projects WHERE projects.id=32), 1, 1228, 1228);
INSERT INTO supporting_packages(id, option_list, package_count, order_id, project_package_id, supporting_project_id) VALUES (1228, '["프로페셔널 클래스"]', 9, 1228, 32, 1228);
INSERT INTO supporting_projects(supporting_project_id, supported_at, delivery_id, payment_id, project_id, user_id) VALUES (1229, (SELECT projects.end_date - INTERVAL 48 DAY FROM projects WHERE projects.id=32), 1229, 1229, 32, 35);
INSERT INTO orders (order_id, created_at, delivery_id, payment_id, supporting_project_id) VALUES (1229, (SELECT projects.end_date - INTERVAL 48 DAY FROM projects WHERE projects.id=32), 1, 1229, 1229);
INSERT INTO supporting_packages(id, option_list, package_count, order_id, project_package_id, supporting_project_id) VALUES (1229, '["원데이클래스"]', 6, 1229, 32, 1229);
INSERT INTO supporting_projects(supporting_project_id, supported_at, delivery_id, payment_id, project_id, user_id) VALUES (1230, (SELECT projects.end_date - INTERVAL 31 DAY FROM projects WHERE projects.id=32), 1230, 1230, 32, 22);
INSERT INTO orders (order_id, created_at, delivery_id, payment_id, supporting_project_id) VALUES (1230, (SELECT projects.end_date - INTERVAL 31 DAY FROM projects WHERE projects.id=32), 1, 1230, 1230);
INSERT INTO supporting_packages(id, option_list, package_count, order_id, project_package_id, supporting_project_id) VALUES (1230, '["중급 클래스"]', 6, 1230, 32, 1230);
INSERT INTO supporting_projects(supporting_project_id, supported_at, delivery_id, payment_id, project_id, user_id) VALUES (1231, (SELECT projects.end_date - INTERVAL 36 DAY FROM projects WHERE projects.id=32), 1231, 1231, 32, 31);
INSERT INTO orders (order_id, created_at, delivery_id, payment_id, supporting_project_id) VALUES (1231, (SELECT projects.end_date - INTERVAL 36 DAY FROM projects WHERE projects.id=32), 1, 1231, 1231);
INSERT INTO supporting_packages(id, option_list, package_count, order_id, project_package_id, supporting_project_id) VALUES (1231, '["프로페셔널 클래스"]', 6, 1231, 32, 1231);
INSERT INTO supporting_projects(supporting_project_id, supported_at, delivery_id, payment_id, project_id, user_id) VALUES (1232, (SELECT projects.end_date - INTERVAL 24 DAY FROM projects WHERE projects.id=32), 1232, 1232, 32, 40);
INSERT INTO orders (order_id, created_at, delivery_id, payment_id, supporting_project_id) VALUES (1232, (SELECT projects.end_date - INTERVAL 24 DAY FROM projects WHERE projects.id=32), 1, 1232, 1232);
INSERT INTO supporting_packages(id, option_list, package_count, order_id, project_package_id, supporting_project_id) VALUES (1232, '["중급 클래스"]', 7, 1232, 32, 1232);
INSERT INTO supporting_projects(supporting_project_id, supported_at, delivery_id, payment_id, project_id, user_id) VALUES (1233, (SELECT projects.end_date - INTERVAL 16 DAY FROM projects WHERE projects.id=32), 1233, 1233, 32, 32);
INSERT INTO orders (order_id, created_at, delivery_id, payment_id, supporting_project_id) VALUES (1233, (SELECT projects.end_date - INTERVAL 16 DAY FROM projects WHERE projects.id=32), 1, 1233, 1233);
INSERT INTO supporting_packages(id, option_list, package_count, order_id, project_package_id, supporting_project_id) VALUES (1233, '["원데이클래스"]', 3, 1233, 32, 1233);
INSERT INTO supporting_projects(supporting_project_id, supported_at, delivery_id, payment_id, project_id, user_id) VALUES (1234, (SELECT projects.end_date - INTERVAL 16 DAY FROM projects WHERE projects.id=32), 1234, 1234, 32, 2);
INSERT INTO orders (order_id, created_at, delivery_id, payment_id, supporting_project_id) VALUES (1234, (SELECT projects.end_date - INTERVAL 16 DAY FROM projects WHERE projects.id=32), 1, 1234, 1234);
INSERT INTO supporting_packages(id, option_list, package_count, order_id, project_package_id, supporting_project_id) VALUES (1234, '["프로페셔널 클래스"]', 3, 1234, 32, 1234);
INSERT INTO supporting_projects(supporting_project_id, supported_at, delivery_id, payment_id, project_id, user_id) VALUES (1235, (SELECT projects.end_date - INTERVAL 32 DAY FROM projects WHERE projects.id=32), 1235, 1235, 32, 10);
INSERT INTO orders (order_id, created_at, delivery_id, payment_id, supporting_project_id) VALUES (1235, (SELECT projects.end_date - INTERVAL 32 DAY FROM projects WHERE projects.id=32), 1, 1235, 1235);
INSERT INTO supporting_packages(id, option_list, package_count, order_id, project_package_id, supporting_project_id) VALUES (1235, '["프로페셔널 클래스"]', 10, 1235, 32, 1235);
INSERT INTO supporting_projects(supporting_project_id, supported_at, delivery_id, payment_id, project_id, user_id) VALUES (1236, (SELECT projects.end_date - INTERVAL 35 DAY FROM projects WHERE projects.id=32), 1236, 1236, 32, 9);
INSERT INTO orders (order_id, created_at, delivery_id, payment_id, supporting_project_id) VALUES (1236, (SELECT projects.end_date - INTERVAL 35 DAY FROM projects WHERE projects.id=32), 1, 1236, 1236);
INSERT INTO supporting_packages(id, option_list, package_count, order_id, project_package_id, supporting_project_id) VALUES (1236, '["원데이클래스"]', 5, 1236, 32, 1236);
INSERT INTO supporting_projects(supporting_project_id, supported_at, delivery_id, payment_id, project_id, user_id) VALUES (1237, (SELECT projects.end_date - INTERVAL 36 DAY FROM projects WHERE projects.id=32), 1237, 1237, 32, 7);
INSERT INTO orders (order_id, created_at, delivery_id, payment_id, supporting_project_id) VALUES (1237, (SELECT projects.end_date - INTERVAL 36 DAY FROM projects WHERE projects.id=32), 1, 1237, 1237);
INSERT INTO supporting_packages(id, option_list, package_count, order_id, project_package_id, supporting_project_id) VALUES (1237, '["원데이클래스"]', 9, 1237, 32, 1237);
INSERT INTO supporting_projects(supporting_project_id, supported_at, delivery_id, payment_id, project_id, user_id) VALUES (1238, (SELECT projects.end_date - INTERVAL 50 DAY FROM projects WHERE projects.id=32), 1238, 1238, 32, 26);
INSERT INTO orders (order_id, created_at, delivery_id, payment_id, supporting_project_id) VALUES (1238, (SELECT projects.end_date - INTERVAL 50 DAY FROM projects WHERE projects.id=32), 1, 1238, 1238);
INSERT INTO supporting_packages(id, option_list, package_count, order_id, project_package_id, supporting_project_id) VALUES (1238, '["원데이클래스"]', 4, 1238, 32, 1238);
INSERT INTO supporting_projects(supporting_project_id, supported_at, delivery_id, payment_id, project_id, user_id) VALUES (1239, (SELECT projects.end_date - INTERVAL 33 DAY FROM projects WHERE projects.id=32), 1239, 1239, 32, 30);
INSERT INTO orders (order_id, created_at, delivery_id, payment_id, supporting_project_id) VALUES (1239, (SELECT projects.end_date - INTERVAL 33 DAY FROM projects WHERE projects.id=32), 1, 1239, 1239);
INSERT INTO supporting_packages(id, option_list, package_count, order_id, project_package_id, supporting_project_id) VALUES (1239, '["원데이클래스"]', 6, 1239, 32, 1239);
INSERT INTO supporting_projects(supporting_project_id, supported_at, delivery_id, payment_id, project_id, user_id) VALUES (1240, (SELECT projects.end_date - INTERVAL 12 DAY FROM projects WHERE projects.id=32), 1240, 1240, 32, 32);
INSERT INTO orders (order_id, created_at, delivery_id, payment_id, supporting_project_id) VALUES (1240, (SELECT projects.end_date - INTERVAL 12 DAY FROM projects WHERE projects.id=32), 1, 1240, 1240);
INSERT INTO supporting_packages(id, option_list, package_count, order_id, project_package_id, supporting_project_id) VALUES (1240, '["프로페셔널 클래스"]', 5, 1240, 32, 1240);
INSERT INTO supporting_projects(supporting_project_id, supported_at, delivery_id, payment_id, project_id, user_id) VALUES (1241, (SELECT projects.end_date - INTERVAL 35 DAY FROM projects WHERE projects.id=32), 1241, 1241, 32, 8);
INSERT INTO orders (order_id, created_at, delivery_id, payment_id, supporting_project_id) VALUES (1241, (SELECT projects.end_date - INTERVAL 35 DAY FROM projects WHERE projects.id=32), 1, 1241, 1241);
INSERT INTO supporting_packages(id, option_list, package_count, order_id, project_package_id, supporting_project_id) VALUES (1241, '["프로페셔널 클래스"]', 1, 1241, 32, 1241);
INSERT INTO supporting_projects(supporting_project_id, supported_at, delivery_id, payment_id, project_id, user_id) VALUES (1242, (SELECT projects.end_date - INTERVAL 23 DAY FROM projects WHERE projects.id=32), 1242, 1242, 32, 14);
INSERT INTO orders (order_id, created_at, delivery_id, payment_id, supporting_project_id) VALUES (1242, (SELECT projects.end_date - INTERVAL 23 DAY FROM projects WHERE projects.id=32), 1, 1242, 1242);
INSERT INTO supporting_packages(id, option_list, package_count, order_id, project_package_id, supporting_project_id) VALUES (1242, '["중급 클래스"]', 7, 1242, 32, 1242);
INSERT INTO supporting_projects(supporting_project_id, supported_at, delivery_id, payment_id, project_id, user_id) VALUES (1243, (SELECT projects.end_date - INTERVAL 40 DAY FROM projects WHERE projects.id=32), 1243, 1243, 32, 33);
INSERT INTO orders (order_id, created_at, delivery_id, payment_id, supporting_project_id) VALUES (1243, (SELECT projects.end_date - INTERVAL 40 DAY FROM projects WHERE projects.id=32), 1, 1243, 1243);
INSERT INTO supporting_packages(id, option_list, package_count, order_id, project_package_id, supporting_project_id) VALUES (1243, '["프로페셔널 클래스"]', 9, 1243, 32, 1243);
INSERT INTO supporting_projects(supporting_project_id, supported_at, delivery_id, payment_id, project_id, user_id) VALUES (1244, (SELECT projects.end_date - INTERVAL 16 DAY FROM projects WHERE projects.id=32), 1244, 1244, 32, 17);
INSERT INTO orders (order_id, created_at, delivery_id, payment_id, supporting_project_id) VALUES (1244, (SELECT projects.end_date - INTERVAL 16 DAY FROM projects WHERE projects.id=32), 1, 1244, 1244);
INSERT INTO supporting_packages(id, option_list, package_count, order_id, project_package_id, supporting_project_id) VALUES (1244, '["중급 클래스"]', 4, 1244, 32, 1244);
INSERT INTO supporting_projects(supporting_project_id, supported_at, delivery_id, payment_id, project_id, user_id) VALUES (1245, (SELECT projects.end_date - INTERVAL 22 DAY FROM projects WHERE projects.id=32), 1245, 1245, 32, 12);
INSERT INTO orders (order_id, created_at, delivery_id, payment_id, supporting_project_id) VALUES (1245, (SELECT projects.end_date - INTERVAL 22 DAY FROM projects WHERE projects.id=32), 1, 1245, 1245);
INSERT INTO supporting_packages(id, option_list, package_count, order_id, project_package_id, supporting_project_id) VALUES (1245, '["원데이클래스"]', 1, 1245, 32, 1245);
INSERT INTO supporting_projects(supporting_project_id, supported_at, delivery_id, payment_id, project_id, user_id) VALUES (1246, (SELECT projects.end_date - INTERVAL 11 DAY FROM projects WHERE projects.id=32), 1246, 1246, 32, 37);
INSERT INTO orders (order_id, created_at, delivery_id, payment_id, supporting_project_id) VALUES (1246, (SELECT projects.end_date - INTERVAL 11 DAY FROM projects WHERE projects.id=32), 1, 1246, 1246);
INSERT INTO supporting_packages(id, option_list, package_count, order_id, project_package_id, supporting_project_id) VALUES (1246, '["중급 클래스"]', 1, 1246, 32, 1246);
INSERT INTO supporting_projects(supporting_project_id, supported_at, delivery_id, payment_id, project_id, user_id) VALUES (1247, (SELECT projects.end_date - INTERVAL 45 DAY FROM projects WHERE projects.id=32), 1247, 1247, 32, 6);
INSERT INTO orders (order_id, created_at, delivery_id, payment_id, supporting_project_id) VALUES (1247, (SELECT projects.end_date - INTERVAL 45 DAY FROM projects WHERE projects.id=32), 1, 1247, 1247);
INSERT INTO supporting_packages(id, option_list, package_count, order_id, project_package_id, supporting_project_id) VALUES (1247, '["프로페셔널 클래스"]', 3, 1247, 32, 1247);
INSERT INTO supporting_projects(supporting_project_id, supported_at, delivery_id, payment_id, project_id, user_id) VALUES (1248, (SELECT projects.end_date - INTERVAL 26 DAY FROM projects WHERE projects.id=32), 1248, 1248, 32, 4);
INSERT INTO orders (order_id, created_at, delivery_id, payment_id, supporting_project_id) VALUES (1248, (SELECT projects.end_date - INTERVAL 26 DAY FROM projects WHERE projects.id=32), 1, 1248, 1248);
INSERT INTO supporting_packages(id, option_list, package_count, order_id, project_package_id, supporting_project_id) VALUES (1248, '["원데이클래스"]', 9, 1248, 32, 1248);
INSERT INTO supporting_projects(supporting_project_id, supported_at, delivery_id, payment_id, project_id, user_id) VALUES (1249, (SELECT projects.end_date - INTERVAL 49 DAY FROM projects WHERE projects.id=32), 1249, 1249, 32, 35);
INSERT INTO orders (order_id, created_at, delivery_id, payment_id, supporting_project_id) VALUES (1249, (SELECT projects.end_date - INTERVAL 49 DAY FROM projects WHERE projects.id=32), 1, 1249, 1249);
INSERT INTO supporting_packages(id, option_list, package_count, order_id, project_package_id, supporting_project_id) VALUES (1249, '["중급 클래스"]', 6, 1249, 32, 1249);
INSERT INTO supporting_projects(supporting_project_id, supported_at, delivery_id, payment_id, project_id, user_id) VALUES (1250, (SELECT projects.end_date - INTERVAL 47 DAY FROM projects WHERE projects.id=33), 1250, 1250, 33, 18);
INSERT INTO orders (order_id, created_at, delivery_id, payment_id, supporting_project_id) VALUES (1250, (SELECT projects.end_date - INTERVAL 47 DAY FROM projects WHERE projects.id=33), 1, 1250, 1250);
INSERT INTO supporting_packages(id, option_list, package_count, order_id, project_package_id, supporting_project_id) VALUES (1250, '["기본"]', 3, 1250, 33, 1250);
INSERT INTO supporting_projects(supporting_project_id, supported_at, delivery_id, payment_id, project_id, user_id) VALUES (1251, (SELECT projects.end_date - INTERVAL 30 DAY FROM projects WHERE projects.id=33), 1251, 1251, 33, 22);
INSERT INTO orders (order_id, created_at, delivery_id, payment_id, supporting_project_id) VALUES (1251, (SELECT projects.end_date - INTERVAL 30 DAY FROM projects WHERE projects.id=33), 1, 1251, 1251);
INSERT INTO supporting_packages(id, option_list, package_count, order_id, project_package_id, supporting_project_id) VALUES (1251, '["기본"]', 1, 1251, 33, 1251);
INSERT INTO supporting_projects(supporting_project_id, supported_at, delivery_id, payment_id, project_id, user_id) VALUES (1252, (SELECT projects.end_date - INTERVAL 27 DAY FROM projects WHERE projects.id=33), 1252, 1252, 33, 40);
INSERT INTO orders (order_id, created_at, delivery_id, payment_id, supporting_project_id) VALUES (1252, (SELECT projects.end_date - INTERVAL 27 DAY FROM projects WHERE projects.id=33), 1, 1252, 1252);
INSERT INTO supporting_packages(id, option_list, package_count, order_id, project_package_id, supporting_project_id) VALUES (1252, '["스페셜"]', 3, 1252, 33, 1252);
INSERT INTO supporting_projects(supporting_project_id, supported_at, delivery_id, payment_id, project_id, user_id) VALUES (1253, (SELECT projects.end_date - INTERVAL 47 DAY FROM projects WHERE projects.id=33), 1253, 1253, 33, 40);
INSERT INTO orders (order_id, created_at, delivery_id, payment_id, supporting_project_id) VALUES (1253, (SELECT projects.end_date - INTERVAL 47 DAY FROM projects WHERE projects.id=33), 1, 1253, 1253);
INSERT INTO supporting_packages(id, option_list, package_count, order_id, project_package_id, supporting_project_id) VALUES (1253, '["프리미엄"]', 3, 1253, 33, 1253);
INSERT INTO supporting_projects(supporting_project_id, supported_at, delivery_id, payment_id, project_id, user_id) VALUES (1254, (SELECT projects.end_date - INTERVAL 23 DAY FROM projects WHERE projects.id=33), 1254, 1254, 33, 1);
INSERT INTO orders (order_id, created_at, delivery_id, payment_id, supporting_project_id) VALUES (1254, (SELECT projects.end_date - INTERVAL 23 DAY FROM projects WHERE projects.id=33), 1, 1254, 1254);
INSERT INTO supporting_packages(id, option_list, package_count, order_id, project_package_id, supporting_project_id) VALUES (1254, '["스페셜"]', 3, 1254, 33, 1254);
INSERT INTO supporting_projects(supporting_project_id, supported_at, delivery_id, payment_id, project_id, user_id) VALUES (1255, (SELECT projects.end_date - INTERVAL 38 DAY FROM projects WHERE projects.id=33), 1255, 1255, 33, 29);
INSERT INTO orders (order_id, created_at, delivery_id, payment_id, supporting_project_id) VALUES (1255, (SELECT projects.end_date - INTERVAL 38 DAY FROM projects WHERE projects.id=33), 1, 1255, 1255);
INSERT INTO supporting_packages(id, option_list, package_count, order_id, project_package_id, supporting_project_id) VALUES (1255, '["스페셜"]', 10, 1255, 33, 1255);
INSERT INTO supporting_projects(supporting_project_id, supported_at, delivery_id, payment_id, project_id, user_id) VALUES (1256, (SELECT projects.end_date - INTERVAL 26 DAY FROM projects WHERE projects.id=33), 1256, 1256, 33, 16);
INSERT INTO orders (order_id, created_at, delivery_id, payment_id, supporting_project_id) VALUES (1256, (SELECT projects.end_date - INTERVAL 26 DAY FROM projects WHERE projects.id=33), 1, 1256, 1256);
INSERT INTO supporting_packages(id, option_list, package_count, order_id, project_package_id, supporting_project_id) VALUES (1256, '["프리미엄"]', 6, 1256, 33, 1256);
INSERT INTO supporting_projects(supporting_project_id, supported_at, delivery_id, payment_id, project_id, user_id) VALUES (1257, (SELECT projects.end_date - INTERVAL 30 DAY FROM projects WHERE projects.id=33), 1257, 1257, 33, 13);
INSERT INTO orders (order_id, created_at, delivery_id, payment_id, supporting_project_id) VALUES (1257, (SELECT projects.end_date - INTERVAL 30 DAY FROM projects WHERE projects.id=33), 1, 1257, 1257);
INSERT INTO supporting_packages(id, option_list, package_count, order_id, project_package_id, supporting_project_id) VALUES (1257, '["스페셜"]', 10, 1257, 33, 1257);
INSERT INTO supporting_projects(supporting_project_id, supported_at, delivery_id, payment_id, project_id, user_id) VALUES (1258, (SELECT projects.end_date - INTERVAL 38 DAY FROM projects WHERE projects.id=33), 1258, 1258, 33, 6);
INSERT INTO orders (order_id, created_at, delivery_id, payment_id, supporting_project_id) VALUES (1258, (SELECT projects.end_date - INTERVAL 38 DAY FROM projects WHERE projects.id=33), 1, 1258, 1258);
INSERT INTO supporting_packages(id, option_list, package_count, order_id, project_package_id, supporting_project_id) VALUES (1258, '["스페셜"]', 8, 1258, 33, 1258);
INSERT INTO supporting_projects(supporting_project_id, supported_at, delivery_id, payment_id, project_id, user_id) VALUES (1259, (SELECT projects.end_date - INTERVAL 18 DAY FROM projects WHERE projects.id=33), 1259, 1259, 33, 35);
INSERT INTO orders (order_id, created_at, delivery_id, payment_id, supporting_project_id) VALUES (1259, (SELECT projects.end_date - INTERVAL 18 DAY FROM projects WHERE projects.id=33), 1, 1259, 1259);
INSERT INTO supporting_packages(id, option_list, package_count, order_id, project_package_id, supporting_project_id) VALUES (1259, '["스페셜"]', 2, 1259, 33, 1259);
INSERT INTO supporting_projects(supporting_project_id, supported_at, delivery_id, payment_id, project_id, user_id) VALUES (1260, (SELECT projects.end_date - INTERVAL 29 DAY FROM projects WHERE projects.id=33), 1260, 1260, 33, 10);
INSERT INTO orders (order_id, created_at, delivery_id, payment_id, supporting_project_id) VALUES (1260, (SELECT projects.end_date - INTERVAL 29 DAY FROM projects WHERE projects.id=33), 1, 1260, 1260);
INSERT INTO supporting_packages(id, option_list, package_count, order_id, project_package_id, supporting_project_id) VALUES (1260, '["기본"]', 9, 1260, 33, 1260);
INSERT INTO supporting_projects(supporting_project_id, supported_at, delivery_id, payment_id, project_id, user_id) VALUES (1261, (SELECT projects.end_date - INTERVAL 15 DAY FROM projects WHERE projects.id=33), 1261, 1261, 33, 25);
INSERT INTO orders (order_id, created_at, delivery_id, payment_id, supporting_project_id) VALUES (1261, (SELECT projects.end_date - INTERVAL 15 DAY FROM projects WHERE projects.id=33), 1, 1261, 1261);
INSERT INTO supporting_packages(id, option_list, package_count, order_id, project_package_id, supporting_project_id) VALUES (1261, '["기본"]', 8, 1261, 33, 1261);
INSERT INTO supporting_projects(supporting_project_id, supported_at, delivery_id, payment_id, project_id, user_id) VALUES (1262, (SELECT projects.end_date - INTERVAL 41 DAY FROM projects WHERE projects.id=33), 1262, 1262, 33, 17);
INSERT INTO orders (order_id, created_at, delivery_id, payment_id, supporting_project_id) VALUES (1262, (SELECT projects.end_date - INTERVAL 41 DAY FROM projects WHERE projects.id=33), 1, 1262, 1262);
INSERT INTO supporting_packages(id, option_list, package_count, order_id, project_package_id, supporting_project_id) VALUES (1262, '["프리미엄"]', 3, 1262, 33, 1262);
INSERT INTO supporting_projects(supporting_project_id, supported_at, delivery_id, payment_id, project_id, user_id) VALUES (1263, (SELECT projects.end_date - INTERVAL 50 DAY FROM projects WHERE projects.id=33), 1263, 1263, 33, 38);
INSERT INTO orders (order_id, created_at, delivery_id, payment_id, supporting_project_id) VALUES (1263, (SELECT projects.end_date - INTERVAL 50 DAY FROM projects WHERE projects.id=33), 1, 1263, 1263);
INSERT INTO supporting_packages(id, option_list, package_count, order_id, project_package_id, supporting_project_id) VALUES (1263, '["프리미엄"]', 3, 1263, 33, 1263);
INSERT INTO supporting_projects(supporting_project_id, supported_at, delivery_id, payment_id, project_id, user_id) VALUES (1264, (SELECT projects.end_date - INTERVAL 36 DAY FROM projects WHERE projects.id=33), 1264, 1264, 33, 2);
INSERT INTO orders (order_id, created_at, delivery_id, payment_id, supporting_project_id) VALUES (1264, (SELECT projects.end_date - INTERVAL 36 DAY FROM projects WHERE projects.id=33), 1, 1264, 1264);
INSERT INTO supporting_packages(id, option_list, package_count, order_id, project_package_id, supporting_project_id) VALUES (1264, '["스페셜"]', 10, 1264, 33, 1264);
INSERT INTO supporting_projects(supporting_project_id, supported_at, delivery_id, payment_id, project_id, user_id) VALUES (1265, (SELECT projects.end_date - INTERVAL 9 DAY FROM projects WHERE projects.id=33), 1265, 1265, 33, 27);
INSERT INTO orders (order_id, created_at, delivery_id, payment_id, supporting_project_id) VALUES (1265, (SELECT projects.end_date - INTERVAL 9 DAY FROM projects WHERE projects.id=33), 1, 1265, 1265);
INSERT INTO supporting_packages(id, option_list, package_count, order_id, project_package_id, supporting_project_id) VALUES (1265, '["기본"]', 2, 1265, 33, 1265);
INSERT INTO supporting_projects(supporting_project_id, supported_at, delivery_id, payment_id, project_id, user_id) VALUES (1266, (SELECT projects.end_date - INTERVAL 44 DAY FROM projects WHERE projects.id=33), 1266, 1266, 33, 29);
INSERT INTO orders (order_id, created_at, delivery_id, payment_id, supporting_project_id) VALUES (1266, (SELECT projects.end_date - INTERVAL 44 DAY FROM projects WHERE projects.id=33), 1, 1266, 1266);
INSERT INTO supporting_packages(id, option_list, package_count, order_id, project_package_id, supporting_project_id) VALUES (1266, '["스페셜"]', 2, 1266, 33, 1266);
INSERT INTO supporting_projects(supporting_project_id, supported_at, delivery_id, payment_id, project_id, user_id) VALUES (1267, (SELECT projects.end_date - INTERVAL 21 DAY FROM projects WHERE projects.id=33), 1267, 1267, 33, 13);
INSERT INTO orders (order_id, created_at, delivery_id, payment_id, supporting_project_id) VALUES (1267, (SELECT projects.end_date - INTERVAL 21 DAY FROM projects WHERE projects.id=33), 1, 1267, 1267);
INSERT INTO supporting_packages(id, option_list, package_count, order_id, project_package_id, supporting_project_id) VALUES (1267, '["기본"]', 7, 1267, 33, 1267);
INSERT INTO supporting_projects(supporting_project_id, supported_at, delivery_id, payment_id, project_id, user_id) VALUES (1268, (SELECT projects.end_date - INTERVAL 41 DAY FROM projects WHERE projects.id=33), 1268, 1268, 33, 2);
INSERT INTO orders (order_id, created_at, delivery_id, payment_id, supporting_project_id) VALUES (1268, (SELECT projects.end_date - INTERVAL 41 DAY FROM projects WHERE projects.id=33), 1, 1268, 1268);
INSERT INTO supporting_packages(id, option_list, package_count, order_id, project_package_id, supporting_project_id) VALUES (1268, '["기본"]', 7, 1268, 33, 1268);
INSERT INTO supporting_projects(supporting_project_id, supported_at, delivery_id, payment_id, project_id, user_id) VALUES (1269, (SELECT projects.end_date - INTERVAL 26 DAY FROM projects WHERE projects.id=33), 1269, 1269, 33, 32);
INSERT INTO orders (order_id, created_at, delivery_id, payment_id, supporting_project_id) VALUES (1269, (SELECT projects.end_date - INTERVAL 26 DAY FROM projects WHERE projects.id=33), 1, 1269, 1269);
INSERT INTO supporting_packages(id, option_list, package_count, order_id, project_package_id, supporting_project_id) VALUES (1269, '["프리미엄"]', 10, 1269, 33, 1269);
INSERT INTO supporting_projects(supporting_project_id, supported_at, delivery_id, payment_id, project_id, user_id) VALUES (1270, (SELECT projects.end_date - INTERVAL 45 DAY FROM projects WHERE projects.id=33), 1270, 1270, 33, 27);
INSERT INTO orders (order_id, created_at, delivery_id, payment_id, supporting_project_id) VALUES (1270, (SELECT projects.end_date - INTERVAL 45 DAY FROM projects WHERE projects.id=33), 1, 1270, 1270);
INSERT INTO supporting_packages(id, option_list, package_count, order_id, project_package_id, supporting_project_id) VALUES (1270, '["기본"]', 1, 1270, 33, 1270);
INSERT INTO supporting_projects(supporting_project_id, supported_at, delivery_id, payment_id, project_id, user_id) VALUES (1271, (SELECT projects.end_date - INTERVAL 8 DAY FROM projects WHERE projects.id=35), 1271, 1271, 35, 11);
INSERT INTO orders (order_id, created_at, delivery_id, payment_id, supporting_project_id) VALUES (1271, (SELECT projects.end_date - INTERVAL 8 DAY FROM projects WHERE projects.id=35), 1, 1271, 1271);
INSERT INTO supporting_packages(id, option_list, package_count, order_id, project_package_id, supporting_project_id) VALUES (1271, '["전통"]', 5, 1271, 35, 1271);
INSERT INTO supporting_projects(supporting_project_id, supported_at, delivery_id, payment_id, project_id, user_id) VALUES (1272, (SELECT projects.end_date - INTERVAL 36 DAY FROM projects WHERE projects.id=35), 1272, 1272, 35, 22);
INSERT INTO orders (order_id, created_at, delivery_id, payment_id, supporting_project_id) VALUES (1272, (SELECT projects.end_date - INTERVAL 36 DAY FROM projects WHERE projects.id=35), 1, 1272, 1272);
INSERT INTO supporting_packages(id, option_list, package_count, order_id, project_package_id, supporting_project_id) VALUES (1272, '["전통"]', 7, 1272, 35, 1272);
INSERT INTO supporting_projects(supporting_project_id, supported_at, delivery_id, payment_id, project_id, user_id) VALUES (1273, (SELECT projects.end_date - INTERVAL 9 DAY FROM projects WHERE projects.id=35), 1273, 1273, 35, 35);
INSERT INTO orders (order_id, created_at, delivery_id, payment_id, supporting_project_id) VALUES (1273, (SELECT projects.end_date - INTERVAL 9 DAY FROM projects WHERE projects.id=35), 1, 1273, 1273);
INSERT INTO supporting_packages(id, option_list, package_count, order_id, project_package_id, supporting_project_id) VALUES (1273, '["퓨전"]', 7, 1273, 35, 1273);
INSERT INTO supporting_projects(supporting_project_id, supported_at, delivery_id, payment_id, project_id, user_id) VALUES (1274, (SELECT projects.end_date - INTERVAL 39 DAY FROM projects WHERE projects.id=35), 1274, 1274, 35, 13);
INSERT INTO orders (order_id, created_at, delivery_id, payment_id, supporting_project_id) VALUES (1274, (SELECT projects.end_date - INTERVAL 39 DAY FROM projects WHERE projects.id=35), 1, 1274, 1274);
INSERT INTO supporting_packages(id, option_list, package_count, order_id, project_package_id, supporting_project_id) VALUES (1274, '["퓨전"]', 3, 1274, 35, 1274);
INSERT INTO supporting_projects(supporting_project_id, supported_at, delivery_id, payment_id, project_id, user_id) VALUES (1275, (SELECT projects.end_date - INTERVAL 27 DAY FROM projects WHERE projects.id=35), 1275, 1275, 35, 38);
INSERT INTO orders (order_id, created_at, delivery_id, payment_id, supporting_project_id) VALUES (1275, (SELECT projects.end_date - INTERVAL 27 DAY FROM projects WHERE projects.id=35), 1, 1275, 1275);
INSERT INTO supporting_packages(id, option_list, package_count, order_id, project_package_id, supporting_project_id) VALUES (1275, '["프리미엄"]', 4, 1275, 35, 1275);
INSERT INTO supporting_projects(supporting_project_id, supported_at, delivery_id, payment_id, project_id, user_id) VALUES (1276, (SELECT projects.end_date - INTERVAL 18 DAY FROM projects WHERE projects.id=35), 1276, 1276, 35, 24);
INSERT INTO orders (order_id, created_at, delivery_id, payment_id, supporting_project_id) VALUES (1276, (SELECT projects.end_date - INTERVAL 18 DAY FROM projects WHERE projects.id=35), 1, 1276, 1276);
INSERT INTO supporting_packages(id, option_list, package_count, order_id, project_package_id, supporting_project_id) VALUES (1276, '["프리미엄"]', 3, 1276, 35, 1276);
INSERT INTO supporting_projects(supporting_project_id, supported_at, delivery_id, payment_id, project_id, user_id) VALUES (1277, (SELECT projects.end_date - INTERVAL 18 DAY FROM projects WHERE projects.id=35), 1277, 1277, 35, 5);
INSERT INTO orders (order_id, created_at, delivery_id, payment_id, supporting_project_id) VALUES (1277, (SELECT projects.end_date - INTERVAL 18 DAY FROM projects WHERE projects.id=35), 1, 1277, 1277);
INSERT INTO supporting_packages(id, option_list, package_count, order_id, project_package_id, supporting_project_id) VALUES (1277, '["퓨전"]', 7, 1277, 35, 1277);
INSERT INTO supporting_projects(supporting_project_id, supported_at, delivery_id, payment_id, project_id, user_id) VALUES (1278, (SELECT projects.end_date - INTERVAL 18 DAY FROM projects WHERE projects.id=35), 1278, 1278, 35, 1);
INSERT INTO orders (order_id, created_at, delivery_id, payment_id, supporting_project_id) VALUES (1278, (SELECT projects.end_date - INTERVAL 18 DAY FROM projects WHERE projects.id=35), 1, 1278, 1278);
INSERT INTO supporting_packages(id, option_list, package_count, order_id, project_package_id, supporting_project_id) VALUES (1278, '["전통"]', 3, 1278, 35, 1278);
INSERT INTO supporting_projects(supporting_project_id, supported_at, delivery_id, payment_id, project_id, user_id) VALUES (1279, (SELECT projects.end_date - INTERVAL 37 DAY FROM projects WHERE projects.id=35), 1279, 1279, 35, 3);
INSERT INTO orders (order_id, created_at, delivery_id, payment_id, supporting_project_id) VALUES (1279, (SELECT projects.end_date - INTERVAL 37 DAY FROM projects WHERE projects.id=35), 1, 1279, 1279);
INSERT INTO supporting_packages(id, option_list, package_count, order_id, project_package_id, supporting_project_id) VALUES (1279, '["전통"]', 8, 1279, 35, 1279);
INSERT INTO supporting_projects(supporting_project_id, supported_at, delivery_id, payment_id, project_id, user_id) VALUES (1280, (SELECT projects.end_date - INTERVAL 20 DAY FROM projects WHERE projects.id=35), 1280, 1280, 35, 4);
INSERT INTO orders (order_id, created_at, delivery_id, payment_id, supporting_project_id) VALUES (1280, (SELECT projects.end_date - INTERVAL 20 DAY FROM projects WHERE projects.id=35), 1, 1280, 1280);
INSERT INTO supporting_packages(id, option_list, package_count, order_id, project_package_id, supporting_project_id) VALUES (1280, '["프리미엄"]', 5, 1280, 35, 1280);
INSERT INTO supporting_projects(supporting_project_id, supported_at, delivery_id, payment_id, project_id, user_id) VALUES (1281, (SELECT projects.end_date - INTERVAL 50 DAY FROM projects WHERE projects.id=35), 1281, 1281, 35, 25);
INSERT INTO orders (order_id, created_at, delivery_id, payment_id, supporting_project_id) VALUES (1281, (SELECT projects.end_date - INTERVAL 50 DAY FROM projects WHERE projects.id=35), 1, 1281, 1281);
INSERT INTO supporting_packages(id, option_list, package_count, order_id, project_package_id, supporting_project_id) VALUES (1281, '["프리미엄"]', 1, 1281, 35, 1281);
INSERT INTO supporting_projects(supporting_project_id, supported_at, delivery_id, payment_id, project_id, user_id) VALUES (1282, (SELECT projects.end_date - INTERVAL 23 DAY FROM projects WHERE projects.id=35), 1282, 1282, 35, 30);
INSERT INTO orders (order_id, created_at, delivery_id, payment_id, supporting_project_id) VALUES (1282, (SELECT projects.end_date - INTERVAL 23 DAY FROM projects WHERE projects.id=35), 1, 1282, 1282);
INSERT INTO supporting_packages(id, option_list, package_count, order_id, project_package_id, supporting_project_id) VALUES (1282, '["전통"]', 1, 1282, 35, 1282);
INSERT INTO supporting_projects(supporting_project_id, supported_at, delivery_id, payment_id, project_id, user_id) VALUES (1283, (SELECT projects.end_date - INTERVAL 42 DAY FROM projects WHERE projects.id=35), 1283, 1283, 35, 25);
INSERT INTO orders (order_id, created_at, delivery_id, payment_id, supporting_project_id) VALUES (1283, (SELECT projects.end_date - INTERVAL 42 DAY FROM projects WHERE projects.id=35), 1, 1283, 1283);
INSERT INTO supporting_packages(id, option_list, package_count, order_id, project_package_id, supporting_project_id) VALUES (1283, '["프리미엄"]', 3, 1283, 35, 1283);
INSERT INTO supporting_projects(supporting_project_id, supported_at, delivery_id, payment_id, project_id, user_id) VALUES (1284, (SELECT projects.end_date - INTERVAL 32 DAY FROM projects WHERE projects.id=35), 1284, 1284, 35, 28);
INSERT INTO orders (order_id, created_at, delivery_id, payment_id, supporting_project_id) VALUES (1284, (SELECT projects.end_date - INTERVAL 32 DAY FROM projects WHERE projects.id=35), 1, 1284, 1284);
INSERT INTO supporting_packages(id, option_list, package_count, order_id, project_package_id, supporting_project_id) VALUES (1284, '["전통"]', 4, 1284, 35, 1284);
INSERT INTO supporting_projects(supporting_project_id, supported_at, delivery_id, payment_id, project_id, user_id) VALUES (1285, (SELECT projects.end_date - INTERVAL 34 DAY FROM projects WHERE projects.id=35), 1285, 1285, 35, 9);
INSERT INTO orders (order_id, created_at, delivery_id, payment_id, supporting_project_id) VALUES (1285, (SELECT projects.end_date - INTERVAL 34 DAY FROM projects WHERE projects.id=35), 1, 1285, 1285);
INSERT INTO supporting_packages(id, option_list, package_count, order_id, project_package_id, supporting_project_id) VALUES (1285, '["전통"]', 6, 1285, 35, 1285);
INSERT INTO supporting_projects(supporting_project_id, supported_at, delivery_id, payment_id, project_id, user_id) VALUES (1286, (SELECT projects.end_date - INTERVAL 49 DAY FROM projects WHERE projects.id=35), 1286, 1286, 35, 15);
INSERT INTO orders (order_id, created_at, delivery_id, payment_id, supporting_project_id) VALUES (1286, (SELECT projects.end_date - INTERVAL 49 DAY FROM projects WHERE projects.id=35), 1, 1286, 1286);
INSERT INTO supporting_packages(id, option_list, package_count, order_id, project_package_id, supporting_project_id) VALUES (1286, '["프리미엄"]', 6, 1286, 35, 1286);
INSERT INTO supporting_projects(supporting_project_id, supported_at, delivery_id, payment_id, project_id, user_id) VALUES (1287, (SELECT projects.end_date - INTERVAL 43 DAY FROM projects WHERE projects.id=35), 1287, 1287, 35, 1);
INSERT INTO orders (order_id, created_at, delivery_id, payment_id, supporting_project_id) VALUES (1287, (SELECT projects.end_date - INTERVAL 43 DAY FROM projects WHERE projects.id=35), 1, 1287, 1287);
INSERT INTO supporting_packages(id, option_list, package_count, order_id, project_package_id, supporting_project_id) VALUES (1287, '["프리미엄"]', 5, 1287, 35, 1287);
INSERT INTO supporting_projects(supporting_project_id, supported_at, delivery_id, payment_id, project_id, user_id) VALUES (1288, (SELECT projects.end_date - INTERVAL 9 DAY FROM projects WHERE projects.id=35), 1288, 1288, 35, 18);
INSERT INTO orders (order_id, created_at, delivery_id, payment_id, supporting_project_id) VALUES (1288, (SELECT projects.end_date - INTERVAL 9 DAY FROM projects WHERE projects.id=35), 1, 1288, 1288);
INSERT INTO supporting_packages(id, option_list, package_count, order_id, project_package_id, supporting_project_id) VALUES (1288, '["프리미엄"]', 1, 1288, 35, 1288);
INSERT INTO supporting_projects(supporting_project_id, supported_at, delivery_id, payment_id, project_id, user_id) VALUES (1289, (SELECT projects.end_date - INTERVAL 8 DAY FROM projects WHERE projects.id=35), 1289, 1289, 35, 7);
INSERT INTO orders (order_id, created_at, delivery_id, payment_id, supporting_project_id) VALUES (1289, (SELECT projects.end_date - INTERVAL 8 DAY FROM projects WHERE projects.id=35), 1, 1289, 1289);
INSERT INTO supporting_packages(id, option_list, package_count, order_id, project_package_id, supporting_project_id) VALUES (1289, '["전통"]', 9, 1289, 35, 1289);
INSERT INTO supporting_projects(supporting_project_id, supported_at, delivery_id, payment_id, project_id, user_id) VALUES (1290, (SELECT projects.end_date - INTERVAL 35 DAY FROM projects WHERE projects.id=35), 1290, 1290, 35, 40);
INSERT INTO orders (order_id, created_at, delivery_id, payment_id, supporting_project_id) VALUES (1290, (SELECT projects.end_date - INTERVAL 35 DAY FROM projects WHERE projects.id=35), 1, 1290, 1290);
INSERT INTO supporting_packages(id, option_list, package_count, order_id, project_package_id, supporting_project_id) VALUES (1290, '["퓨전"]', 1, 1290, 35, 1290);
INSERT INTO supporting_projects(supporting_project_id, supported_at, delivery_id, payment_id, project_id, user_id) VALUES (1291, (SELECT projects.end_date - INTERVAL 48 DAY FROM projects WHERE projects.id=35), 1291, 1291, 35, 1);
INSERT INTO orders (order_id, created_at, delivery_id, payment_id, supporting_project_id) VALUES (1291, (SELECT projects.end_date - INTERVAL 48 DAY FROM projects WHERE projects.id=35), 1, 1291, 1291);
INSERT INTO supporting_packages(id, option_list, package_count, order_id, project_package_id, supporting_project_id) VALUES (1291, '["퓨전"]', 10, 1291, 35, 1291);
INSERT INTO supporting_projects(supporting_project_id, supported_at, delivery_id, payment_id, project_id, user_id) VALUES (1292, (SELECT projects.end_date - INTERVAL 18 DAY FROM projects WHERE projects.id=35), 1292, 1292, 35, 10);
INSERT INTO orders (order_id, created_at, delivery_id, payment_id, supporting_project_id) VALUES (1292, (SELECT projects.end_date - INTERVAL 18 DAY FROM projects WHERE projects.id=35), 1, 1292, 1292);
INSERT INTO supporting_packages(id, option_list, package_count, order_id, project_package_id, supporting_project_id) VALUES (1292, '["전통"]', 5, 1292, 35, 1292);
INSERT INTO supporting_projects(supporting_project_id, supported_at, delivery_id, payment_id, project_id, user_id) VALUES (1293, (SELECT projects.end_date - INTERVAL 23 DAY FROM projects WHERE projects.id=35), 1293, 1293, 35, 19);
INSERT INTO orders (order_id, created_at, delivery_id, payment_id, supporting_project_id) VALUES (1293, (SELECT projects.end_date - INTERVAL 23 DAY FROM projects WHERE projects.id=35), 1, 1293, 1293);
INSERT INTO supporting_packages(id, option_list, package_count, order_id, project_package_id, supporting_project_id) VALUES (1293, '["퓨전"]', 8, 1293, 35, 1293);
INSERT INTO supporting_projects(supporting_project_id, supported_at, delivery_id, payment_id, project_id, user_id) VALUES (1294, (SELECT projects.end_date - INTERVAL 36 DAY FROM projects WHERE projects.id=35), 1294, 1294, 35, 38);
INSERT INTO orders (order_id, created_at, delivery_id, payment_id, supporting_project_id) VALUES (1294, (SELECT projects.end_date - INTERVAL 36 DAY FROM projects WHERE projects.id=35), 1, 1294, 1294);
INSERT INTO supporting_packages(id, option_list, package_count, order_id, project_package_id, supporting_project_id) VALUES (1294, '["프리미엄"]', 8, 1294, 35, 1294);
INSERT INTO supporting_projects(supporting_project_id, supported_at, delivery_id, payment_id, project_id, user_id) VALUES (1295, (SELECT projects.end_date - INTERVAL 31 DAY FROM projects WHERE projects.id=35), 1295, 1295, 35, 33);
INSERT INTO orders (order_id, created_at, delivery_id, payment_id, supporting_project_id) VALUES (1295, (SELECT projects.end_date - INTERVAL 31 DAY FROM projects WHERE projects.id=35), 1, 1295, 1295);
INSERT INTO supporting_packages(id, option_list, package_count, order_id, project_package_id, supporting_project_id) VALUES (1295, '["프리미엄"]', 3, 1295, 35, 1295);
INSERT INTO supporting_projects(supporting_project_id, supported_at, delivery_id, payment_id, project_id, user_id) VALUES (1296, (SELECT projects.end_date - INTERVAL 44 DAY FROM projects WHERE projects.id=35), 1296, 1296, 35, 14);
INSERT INTO orders (order_id, created_at, delivery_id, payment_id, supporting_project_id) VALUES (1296, (SELECT projects.end_date - INTERVAL 44 DAY FROM projects WHERE projects.id=35), 1, 1296, 1296);
INSERT INTO supporting_packages(id, option_list, package_count, order_id, project_package_id, supporting_project_id) VALUES (1296, '["전통"]', 1, 1296, 35, 1296);
INSERT INTO supporting_projects(supporting_project_id, supported_at, delivery_id, payment_id, project_id, user_id) VALUES (1297, (SELECT projects.end_date - INTERVAL 8 DAY FROM projects WHERE projects.id=35), 1297, 1297, 35, 10);
INSERT INTO orders (order_id, created_at, delivery_id, payment_id, supporting_project_id) VALUES (1297, (SELECT projects.end_date - INTERVAL 8 DAY FROM projects WHERE projects.id=35), 1, 1297, 1297);
INSERT INTO supporting_packages(id, option_list, package_count, order_id, project_package_id, supporting_project_id) VALUES (1297, '["퓨전"]', 2, 1297, 35, 1297);
INSERT INTO supporting_projects(supporting_project_id, supported_at, delivery_id, payment_id, project_id, user_id) VALUES (1298, (SELECT projects.end_date - INTERVAL 33 DAY FROM projects WHERE projects.id=35), 1298, 1298, 35, 12);
INSERT INTO orders (order_id, created_at, delivery_id, payment_id, supporting_project_id) VALUES (1298, (SELECT projects.end_date - INTERVAL 33 DAY FROM projects WHERE projects.id=35), 1, 1298, 1298);
INSERT INTO supporting_packages(id, option_list, package_count, order_id, project_package_id, supporting_project_id) VALUES (1298, '["프리미엄"]', 2, 1298, 35, 1298);
INSERT INTO supporting_projects(supporting_project_id, supported_at, delivery_id, payment_id, project_id, user_id) VALUES (1299, (SELECT projects.end_date - INTERVAL 48 DAY FROM projects WHERE projects.id=35), 1299, 1299, 35, 20);
INSERT INTO orders (order_id, created_at, delivery_id, payment_id, supporting_project_id) VALUES (1299, (SELECT projects.end_date - INTERVAL 48 DAY FROM projects WHERE projects.id=35), 1, 1299, 1299);
INSERT INTO supporting_packages(id, option_list, package_count, order_id, project_package_id, supporting_project_id) VALUES (1299, '["전통"]', 1, 1299, 35, 1299);
INSERT INTO supporting_projects(supporting_project_id, supported_at, delivery_id, payment_id, project_id, user_id) VALUES (1300, (SELECT projects.end_date - INTERVAL 39 DAY FROM projects WHERE projects.id=35), 1300, 1300, 35, 14);
INSERT INTO orders (order_id, created_at, delivery_id, payment_id, supporting_project_id) VALUES (1300, (SELECT projects.end_date - INTERVAL 39 DAY FROM projects WHERE projects.id=35), 1, 1300, 1300);
INSERT INTO supporting_packages(id, option_list, package_count, order_id, project_package_id, supporting_project_id) VALUES (1300, '["전통"]', 9, 1300, 35, 1300);
INSERT INTO supporting_projects(supporting_project_id, supported_at, delivery_id, payment_id, project_id, user_id) VALUES (1301, (SELECT projects.end_date - INTERVAL 24 DAY FROM projects WHERE projects.id=35), 1301, 1301, 35, 2);
INSERT INTO orders (order_id, created_at, delivery_id, payment_id, supporting_project_id) VALUES (1301, (SELECT projects.end_date - INTERVAL 24 DAY FROM projects WHERE projects.id=35), 1, 1301, 1301);
INSERT INTO supporting_packages(id, option_list, package_count, order_id, project_package_id, supporting_project_id) VALUES (1301, '["프리미엄"]', 9, 1301, 35, 1301);
INSERT INTO supporting_projects(supporting_project_id, supported_at, delivery_id, payment_id, project_id, user_id) VALUES (1302, (SELECT projects.end_date - INTERVAL 21 DAY FROM projects WHERE projects.id=35), 1302, 1302, 35, 1);
INSERT INTO orders (order_id, created_at, delivery_id, payment_id, supporting_project_id) VALUES (1302, (SELECT projects.end_date - INTERVAL 21 DAY FROM projects WHERE projects.id=35), 1, 1302, 1302);
INSERT INTO supporting_packages(id, option_list, package_count, order_id, project_package_id, supporting_project_id) VALUES (1302, '["퓨전"]', 10, 1302, 35, 1302);
INSERT INTO supporting_projects(supporting_project_id, supported_at, delivery_id, payment_id, project_id, user_id) VALUES (1303, (SELECT projects.end_date - INTERVAL 46 DAY FROM projects WHERE projects.id=35), 1303, 1303, 35, 33);
INSERT INTO orders (order_id, created_at, delivery_id, payment_id, supporting_project_id) VALUES (1303, (SELECT projects.end_date - INTERVAL 46 DAY FROM projects WHERE projects.id=35), 1, 1303, 1303);
INSERT INTO supporting_packages(id, option_list, package_count, order_id, project_package_id, supporting_project_id) VALUES (1303, '["프리미엄"]', 7, 1303, 35, 1303);
INSERT INTO supporting_projects(supporting_project_id, supported_at, delivery_id, payment_id, project_id, user_id) VALUES (1304, (SELECT projects.end_date - INTERVAL 21 DAY FROM projects WHERE projects.id=35), 1304, 1304, 35, 15);
INSERT INTO orders (order_id, created_at, delivery_id, payment_id, supporting_project_id) VALUES (1304, (SELECT projects.end_date - INTERVAL 21 DAY FROM projects WHERE projects.id=35), 1, 1304, 1304);
INSERT INTO supporting_packages(id, option_list, package_count, order_id, project_package_id, supporting_project_id) VALUES (1304, '["퓨전"]', 5, 1304, 35, 1304);
INSERT INTO supporting_projects(supporting_project_id, supported_at, delivery_id, payment_id, project_id, user_id) VALUES (1305, (SELECT projects.end_date - INTERVAL 29 DAY FROM projects WHERE projects.id=35), 1305, 1305, 35, 11);
INSERT INTO orders (order_id, created_at, delivery_id, payment_id, supporting_project_id) VALUES (1305, (SELECT projects.end_date - INTERVAL 29 DAY FROM projects WHERE projects.id=35), 1, 1305, 1305);
INSERT INTO supporting_packages(id, option_list, package_count, order_id, project_package_id, supporting_project_id) VALUES (1305, '["전통"]', 7, 1305, 35, 1305);
INSERT INTO supporting_projects(supporting_project_id, supported_at, delivery_id, payment_id, project_id, user_id) VALUES (1306, (SELECT projects.end_date - INTERVAL 9 DAY FROM projects WHERE projects.id=35), 1306, 1306, 35, 27);
INSERT INTO orders (order_id, created_at, delivery_id, payment_id, supporting_project_id) VALUES (1306, (SELECT projects.end_date - INTERVAL 9 DAY FROM projects WHERE projects.id=35), 1, 1306, 1306);
INSERT INTO supporting_packages(id, option_list, package_count, order_id, project_package_id, supporting_project_id) VALUES (1306, '["전통"]', 1, 1306, 35, 1306);
INSERT INTO supporting_projects(supporting_project_id, supported_at, delivery_id, payment_id, project_id, user_id) VALUES (1307, (SELECT projects.end_date - INTERVAL 43 DAY FROM projects WHERE projects.id=35), 1307, 1307, 35, 21);
INSERT INTO orders (order_id, created_at, delivery_id, payment_id, supporting_project_id) VALUES (1307, (SELECT projects.end_date - INTERVAL 43 DAY FROM projects WHERE projects.id=35), 1, 1307, 1307);
INSERT INTO supporting_packages(id, option_list, package_count, order_id, project_package_id, supporting_project_id) VALUES (1307, '["퓨전"]', 2, 1307, 35, 1307);
INSERT INTO supporting_projects(supporting_project_id, supported_at, delivery_id, payment_id, project_id, user_id) VALUES (1308, (SELECT projects.end_date - INTERVAL 43 DAY FROM projects WHERE projects.id=35), 1308, 1308, 35, 20);
INSERT INTO orders (order_id, created_at, delivery_id, payment_id, supporting_project_id) VALUES (1308, (SELECT projects.end_date - INTERVAL 43 DAY FROM projects WHERE projects.id=35), 1, 1308, 1308);
INSERT INTO supporting_packages(id, option_list, package_count, order_id, project_package_id, supporting_project_id) VALUES (1308, '["퓨전"]', 2, 1308, 35, 1308);
INSERT INTO supporting_projects(supporting_project_id, supported_at, delivery_id, payment_id, project_id, user_id) VALUES (1309, (SELECT projects.end_date - INTERVAL 10 DAY FROM projects WHERE projects.id=35), 1309, 1309, 35, 22);
INSERT INTO orders (order_id, created_at, delivery_id, payment_id, supporting_project_id) VALUES (1309, (SELECT projects.end_date - INTERVAL 10 DAY FROM projects WHERE projects.id=35), 1, 1309, 1309);
INSERT INTO supporting_packages(id, option_list, package_count, order_id, project_package_id, supporting_project_id) VALUES (1309, '["퓨전"]', 4, 1309, 35, 1309);
INSERT INTO supporting_projects(supporting_project_id, supported_at, delivery_id, payment_id, project_id, user_id) VALUES (1310, (SELECT projects.end_date - INTERVAL 46 DAY FROM projects WHERE projects.id=35), 1310, 1310, 35, 28);
INSERT INTO orders (order_id, created_at, delivery_id, payment_id, supporting_project_id) VALUES (1310, (SELECT projects.end_date - INTERVAL 46 DAY FROM projects WHERE projects.id=35), 1, 1310, 1310);
INSERT INTO supporting_packages(id, option_list, package_count, order_id, project_package_id, supporting_project_id) VALUES (1310, '["프리미엄"]', 2, 1310, 35, 1310);
INSERT INTO supporting_projects(supporting_project_id, supported_at, delivery_id, payment_id, project_id, user_id) VALUES (1311, (SELECT projects.end_date - INTERVAL 25 DAY FROM projects WHERE projects.id=35), 1311, 1311, 35, 13);
INSERT INTO orders (order_id, created_at, delivery_id, payment_id, supporting_project_id) VALUES (1311, (SELECT projects.end_date - INTERVAL 25 DAY FROM projects WHERE projects.id=35), 1, 1311, 1311);
INSERT INTO supporting_packages(id, option_list, package_count, order_id, project_package_id, supporting_project_id) VALUES (1311, '["전통"]', 3, 1311, 35, 1311);
INSERT INTO supporting_projects(supporting_project_id, supported_at, delivery_id, payment_id, project_id, user_id) VALUES (1312, (SELECT projects.end_date - INTERVAL 43 DAY FROM projects WHERE projects.id=35), 1312, 1312, 35, 37);
INSERT INTO orders (order_id, created_at, delivery_id, payment_id, supporting_project_id) VALUES (1312, (SELECT projects.end_date - INTERVAL 43 DAY FROM projects WHERE projects.id=35), 1, 1312, 1312);
INSERT INTO supporting_packages(id, option_list, package_count, order_id, project_package_id, supporting_project_id) VALUES (1312, '["전통"]', 3, 1312, 35, 1312);
INSERT INTO supporting_projects(supporting_project_id, supported_at, delivery_id, payment_id, project_id, user_id) VALUES (1313, (SELECT projects.end_date - INTERVAL 35 DAY FROM projects WHERE projects.id=35), 1313, 1313, 35, 26);
INSERT INTO orders (order_id, created_at, delivery_id, payment_id, supporting_project_id) VALUES (1313, (SELECT projects.end_date - INTERVAL 35 DAY FROM projects WHERE projects.id=35), 1, 1313, 1313);
INSERT INTO supporting_packages(id, option_list, package_count, order_id, project_package_id, supporting_project_id) VALUES (1313, '["퓨전"]', 2, 1313, 35, 1313);
INSERT INTO supporting_projects(supporting_project_id, supported_at, delivery_id, payment_id, project_id, user_id) VALUES (1314, (SELECT projects.end_date - INTERVAL 34 DAY FROM projects WHERE projects.id=35), 1314, 1314, 35, 17);
INSERT INTO orders (order_id, created_at, delivery_id, payment_id, supporting_project_id) VALUES (1314, (SELECT projects.end_date - INTERVAL 34 DAY FROM projects WHERE projects.id=35), 1, 1314, 1314);
INSERT INTO supporting_packages(id, option_list, package_count, order_id, project_package_id, supporting_project_id) VALUES (1314, '["퓨전"]', 10, 1314, 35, 1314);
INSERT INTO supporting_projects(supporting_project_id, supported_at, delivery_id, payment_id, project_id, user_id) VALUES (1315, (SELECT projects.end_date - INTERVAL 22 DAY FROM projects WHERE projects.id=35), 1315, 1315, 35, 8);
INSERT INTO orders (order_id, created_at, delivery_id, payment_id, supporting_project_id) VALUES (1315, (SELECT projects.end_date - INTERVAL 22 DAY FROM projects WHERE projects.id=35), 1, 1315, 1315);
INSERT INTO supporting_packages(id, option_list, package_count, order_id, project_package_id, supporting_project_id) VALUES (1315, '["전통"]', 1, 1315, 35, 1315);
INSERT INTO supporting_projects(supporting_project_id, supported_at, delivery_id, payment_id, project_id, user_id) VALUES (1316, (SELECT projects.end_date - INTERVAL 49 DAY FROM projects WHERE projects.id=35), 1316, 1316, 35, 21);
INSERT INTO orders (order_id, created_at, delivery_id, payment_id, supporting_project_id) VALUES (1316, (SELECT projects.end_date - INTERVAL 49 DAY FROM projects WHERE projects.id=35), 1, 1316, 1316);
INSERT INTO supporting_packages(id, option_list, package_count, order_id, project_package_id, supporting_project_id) VALUES (1316, '["전통"]', 5, 1316, 35, 1316);
INSERT INTO supporting_projects(supporting_project_id, supported_at, delivery_id, payment_id, project_id, user_id) VALUES (1317, (SELECT projects.end_date - INTERVAL 40 DAY FROM projects WHERE projects.id=35), 1317, 1317, 35, 7);
INSERT INTO orders (order_id, created_at, delivery_id, payment_id, supporting_project_id) VALUES (1317, (SELECT projects.end_date - INTERVAL 40 DAY FROM projects WHERE projects.id=35), 1, 1317, 1317);
INSERT INTO supporting_packages(id, option_list, package_count, order_id, project_package_id, supporting_project_id) VALUES (1317, '["퓨전"]', 6, 1317, 35, 1317);
INSERT INTO supporting_projects(supporting_project_id, supported_at, delivery_id, payment_id, project_id, user_id) VALUES (1318, (SELECT projects.end_date - INTERVAL 50 DAY FROM projects WHERE projects.id=35), 1318, 1318, 35, 1);
INSERT INTO orders (order_id, created_at, delivery_id, payment_id, supporting_project_id) VALUES (1318, (SELECT projects.end_date - INTERVAL 50 DAY FROM projects WHERE projects.id=35), 1, 1318, 1318);
INSERT INTO supporting_packages(id, option_list, package_count, order_id, project_package_id, supporting_project_id) VALUES (1318, '["프리미엄"]', 7, 1318, 35, 1318);
INSERT INTO supporting_projects(supporting_project_id, supported_at, delivery_id, payment_id, project_id, user_id) VALUES (1319, (SELECT projects.end_date - INTERVAL 32 DAY FROM projects WHERE projects.id=35), 1319, 1319, 35, 30);
INSERT INTO orders (order_id, created_at, delivery_id, payment_id, supporting_project_id) VALUES (1319, (SELECT projects.end_date - INTERVAL 32 DAY FROM projects WHERE projects.id=35), 1, 1319, 1319);
INSERT INTO supporting_packages(id, option_list, package_count, order_id, project_package_id, supporting_project_id) VALUES (1319, '["퓨전"]', 10, 1319, 35, 1319);
INSERT INTO supporting_projects(supporting_project_id, supported_at, delivery_id, payment_id, project_id, user_id) VALUES (1320, (SELECT projects.end_date - INTERVAL 30 DAY FROM projects WHERE projects.id=35), 1320, 1320, 35, 4);
INSERT INTO orders (order_id, created_at, delivery_id, payment_id, supporting_project_id) VALUES (1320, (SELECT projects.end_date - INTERVAL 30 DAY FROM projects WHERE projects.id=35), 1, 1320, 1320);
INSERT INTO supporting_packages(id, option_list, package_count, order_id, project_package_id, supporting_project_id) VALUES (1320, '["프리미엄"]', 1, 1320, 35, 1320);
INSERT INTO supporting_projects(supporting_project_id, supported_at, delivery_id, payment_id, project_id, user_id) VALUES (1321, (SELECT projects.end_date - INTERVAL 45 DAY FROM projects WHERE projects.id=35), 1321, 1321, 35, 4);
INSERT INTO orders (order_id, created_at, delivery_id, payment_id, supporting_project_id) VALUES (1321, (SELECT projects.end_date - INTERVAL 45 DAY FROM projects WHERE projects.id=35), 1, 1321, 1321);
INSERT INTO supporting_packages(id, option_list, package_count, order_id, project_package_id, supporting_project_id) VALUES (1321, '["전통"]', 7, 1321, 35, 1321);
INSERT INTO supporting_projects(supporting_project_id, supported_at, delivery_id, payment_id, project_id, user_id) VALUES (1322, (SELECT projects.end_date - INTERVAL 45 DAY FROM projects WHERE projects.id=35), 1322, 1322, 35, 5);
INSERT INTO orders (order_id, created_at, delivery_id, payment_id, supporting_project_id) VALUES (1322, (SELECT projects.end_date - INTERVAL 45 DAY FROM projects WHERE projects.id=35), 1, 1322, 1322);
INSERT INTO supporting_packages(id, option_list, package_count, order_id, project_package_id, supporting_project_id) VALUES (1322, '["프리미엄"]', 10, 1322, 35, 1322);
INSERT INTO supporting_projects(supporting_project_id, supported_at, delivery_id, payment_id, project_id, user_id) VALUES (1323, (SELECT projects.end_date - INTERVAL 34 DAY FROM projects WHERE projects.id=35), 1323, 1323, 35, 28);
INSERT INTO orders (order_id, created_at, delivery_id, payment_id, supporting_project_id) VALUES (1323, (SELECT projects.end_date - INTERVAL 34 DAY FROM projects WHERE projects.id=35), 1, 1323, 1323);
INSERT INTO supporting_packages(id, option_list, package_count, order_id, project_package_id, supporting_project_id) VALUES (1323, '["전통"]', 3, 1323, 35, 1323);
INSERT INTO supporting_projects(supporting_project_id, supported_at, delivery_id, payment_id, project_id, user_id) VALUES (1324, (SELECT projects.end_date - INTERVAL 16 DAY FROM projects WHERE projects.id=35), 1324, 1324, 35, 28);
INSERT INTO orders (order_id, created_at, delivery_id, payment_id, supporting_project_id) VALUES (1324, (SELECT projects.end_date - INTERVAL 16 DAY FROM projects WHERE projects.id=35), 1, 1324, 1324);
INSERT INTO supporting_packages(id, option_list, package_count, order_id, project_package_id, supporting_project_id) VALUES (1324, '["퓨전"]', 6, 1324, 35, 1324);
INSERT INTO supporting_projects(supporting_project_id, supported_at, delivery_id, payment_id, project_id, user_id) VALUES (1325, (SELECT projects.end_date - INTERVAL 15 DAY FROM projects WHERE projects.id=35), 1325, 1325, 35, 29);
INSERT INTO orders (order_id, created_at, delivery_id, payment_id, supporting_project_id) VALUES (1325, (SELECT projects.end_date - INTERVAL 15 DAY FROM projects WHERE projects.id=35), 1, 1325, 1325);
INSERT INTO supporting_packages(id, option_list, package_count, order_id, project_package_id, supporting_project_id) VALUES (1325, '["전통"]', 9, 1325, 35, 1325);
INSERT INTO supporting_projects(supporting_project_id, supported_at, delivery_id, payment_id, project_id, user_id) VALUES (1326, (SELECT projects.end_date - INTERVAL 11 DAY FROM projects WHERE projects.id=35), 1326, 1326, 35, 10);
INSERT INTO orders (order_id, created_at, delivery_id, payment_id, supporting_project_id) VALUES (1326, (SELECT projects.end_date - INTERVAL 11 DAY FROM projects WHERE projects.id=35), 1, 1326, 1326);
INSERT INTO supporting_packages(id, option_list, package_count, order_id, project_package_id, supporting_project_id) VALUES (1326, '["퓨전"]', 10, 1326, 35, 1326);
INSERT INTO supporting_projects(supporting_project_id, supported_at, delivery_id, payment_id, project_id, user_id) VALUES (1327, (SELECT projects.end_date - INTERVAL 36 DAY FROM projects WHERE projects.id=35), 1327, 1327, 35, 35);
INSERT INTO orders (order_id, created_at, delivery_id, payment_id, supporting_project_id) VALUES (1327, (SELECT projects.end_date - INTERVAL 36 DAY FROM projects WHERE projects.id=35), 1, 1327, 1327);
INSERT INTO supporting_packages(id, option_list, package_count, order_id, project_package_id, supporting_project_id) VALUES (1327, '["퓨전"]', 9, 1327, 35, 1327);
INSERT INTO supporting_projects(supporting_project_id, supported_at, delivery_id, payment_id, project_id, user_id) VALUES (1328, (SELECT projects.end_date - INTERVAL 41 DAY FROM projects WHERE projects.id=35), 1328, 1328, 35, 38);
INSERT INTO orders (order_id, created_at, delivery_id, payment_id, supporting_project_id) VALUES (1328, (SELECT projects.end_date - INTERVAL 41 DAY FROM projects WHERE projects.id=35), 1, 1328, 1328);
INSERT INTO supporting_packages(id, option_list, package_count, order_id, project_package_id, supporting_project_id) VALUES (1328, '["퓨전"]', 2, 1328, 35, 1328);
INSERT INTO supporting_projects(supporting_project_id, supported_at, delivery_id, payment_id, project_id, user_id) VALUES (1329, (SELECT projects.end_date - INTERVAL 11 DAY FROM projects WHERE projects.id=35), 1329, 1329, 35, 40);
INSERT INTO orders (order_id, created_at, delivery_id, payment_id, supporting_project_id) VALUES (1329, (SELECT projects.end_date - INTERVAL 11 DAY FROM projects WHERE projects.id=35), 1, 1329, 1329);
INSERT INTO supporting_packages(id, option_list, package_count, order_id, project_package_id, supporting_project_id) VALUES (1329, '["프리미엄"]', 4, 1329, 35, 1329);
INSERT INTO supporting_projects(supporting_project_id, supported_at, delivery_id, payment_id, project_id, user_id) VALUES (1330, (SELECT projects.end_date - INTERVAL 35 DAY FROM projects WHERE projects.id=35), 1330, 1330, 35, 1);
INSERT INTO orders (order_id, created_at, delivery_id, payment_id, supporting_project_id) VALUES (1330, (SELECT projects.end_date - INTERVAL 35 DAY FROM projects WHERE projects.id=35), 1, 1330, 1330);
INSERT INTO supporting_packages(id, option_list, package_count, order_id, project_package_id, supporting_project_id) VALUES (1330, '["전통"]', 9, 1330, 35, 1330);
INSERT INTO supporting_projects(supporting_project_id, supported_at, delivery_id, payment_id, project_id, user_id) VALUES (1331, (SELECT projects.end_date - INTERVAL 47 DAY FROM projects WHERE projects.id=35), 1331, 1331, 35, 24);
INSERT INTO orders (order_id, created_at, delivery_id, payment_id, supporting_project_id) VALUES (1331, (SELECT projects.end_date - INTERVAL 47 DAY FROM projects WHERE projects.id=35), 1, 1331, 1331);
INSERT INTO supporting_packages(id, option_list, package_count, order_id, project_package_id, supporting_project_id) VALUES (1331, '["퓨전"]', 9, 1331, 35, 1331);
INSERT INTO supporting_projects(supporting_project_id, supported_at, delivery_id, payment_id, project_id, user_id) VALUES (1332, (SELECT projects.end_date - INTERVAL 50 DAY FROM projects WHERE projects.id=36), 1332, 1332, 36, 30);
INSERT INTO orders (order_id, created_at, delivery_id, payment_id, supporting_project_id) VALUES (1332, (SELECT projects.end_date - INTERVAL 50 DAY FROM projects WHERE projects.id=36), 1, 1332, 1332);
INSERT INTO supporting_packages(id, option_list, package_count, order_id, project_package_id, supporting_project_id) VALUES (1332, '["고급자용"]', 2, 1332, 36, 1332);
INSERT INTO supporting_projects(supporting_project_id, supported_at, delivery_id, payment_id, project_id, user_id) VALUES (1333, (SELECT projects.end_date - INTERVAL 8 DAY FROM projects WHERE projects.id=36), 1333, 1333, 36, 11);
INSERT INTO orders (order_id, created_at, delivery_id, payment_id, supporting_project_id) VALUES (1333, (SELECT projects.end_date - INTERVAL 8 DAY FROM projects WHERE projects.id=36), 1, 1333, 1333);
INSERT INTO supporting_packages(id, option_list, package_count, order_id, project_package_id, supporting_project_id) VALUES (1333, '["입문자용"]', 9, 1333, 36, 1333);
INSERT INTO supporting_projects(supporting_project_id, supported_at, delivery_id, payment_id, project_id, user_id) VALUES (1334, (SELECT projects.end_date - INTERVAL 45 DAY FROM projects WHERE projects.id=38), 1334, 1334, 38, 34);
INSERT INTO orders (order_id, created_at, delivery_id, payment_id, supporting_project_id) VALUES (1334, (SELECT projects.end_date - INTERVAL 45 DAY FROM projects WHERE projects.id=38), 1, 1334, 1334);
INSERT INTO supporting_packages(id, option_list, package_count, order_id, project_package_id, supporting_project_id) VALUES (1334, '["가족용"]', 2, 1334, 38, 1334);
INSERT INTO supporting_projects(supporting_project_id, supported_at, delivery_id, payment_id, project_id, user_id) VALUES (1335, (SELECT projects.end_date - INTERVAL 41 DAY FROM projects WHERE projects.id=38), 1335, 1335, 38, 6);
INSERT INTO orders (order_id, created_at, delivery_id, payment_id, supporting_project_id) VALUES (1335, (SELECT projects.end_date - INTERVAL 41 DAY FROM projects WHERE projects.id=38), 1, 1335, 1335);
INSERT INTO supporting_packages(id, option_list, package_count, order_id, project_package_id, supporting_project_id) VALUES (1335, '["2인"]', 10, 1335, 38, 1335);
INSERT INTO supporting_projects(supporting_project_id, supported_at, delivery_id, payment_id, project_id, user_id) VALUES (1336, (SELECT projects.end_date - INTERVAL 41 DAY FROM projects WHERE projects.id=38), 1336, 1336, 38, 20);
INSERT INTO orders (order_id, created_at, delivery_id, payment_id, supporting_project_id) VALUES (1336, (SELECT projects.end_date - INTERVAL 41 DAY FROM projects WHERE projects.id=38), 1, 1336, 1336);
INSERT INTO supporting_packages(id, option_list, package_count, order_id, project_package_id, supporting_project_id) VALUES (1336, '["1인"]', 2, 1336, 38, 1336);
INSERT INTO supporting_projects(supporting_project_id, supported_at, delivery_id, payment_id, project_id, user_id) VALUES (1337, (SELECT projects.end_date - INTERVAL 33 DAY FROM projects WHERE projects.id=38), 1337, 1337, 38, 23);
INSERT INTO orders (order_id, created_at, delivery_id, payment_id, supporting_project_id) VALUES (1337, (SELECT projects.end_date - INTERVAL 33 DAY FROM projects WHERE projects.id=38), 1, 1337, 1337);
INSERT INTO supporting_packages(id, option_list, package_count, order_id, project_package_id, supporting_project_id) VALUES (1337, '["가족용"]', 6, 1337, 38, 1337);
INSERT INTO supporting_projects(supporting_project_id, supported_at, delivery_id, payment_id, project_id, user_id) VALUES (1338, (SELECT projects.end_date - INTERVAL 47 DAY FROM projects WHERE projects.id=38), 1338, 1338, 38, 24);
INSERT INTO orders (order_id, created_at, delivery_id, payment_id, supporting_project_id) VALUES (1338, (SELECT projects.end_date - INTERVAL 47 DAY FROM projects WHERE projects.id=38), 1, 1338, 1338);
INSERT INTO supporting_packages(id, option_list, package_count, order_id, project_package_id, supporting_project_id) VALUES (1338, '["가족용"]', 4, 1338, 38, 1338);
INSERT INTO supporting_projects(supporting_project_id, supported_at, delivery_id, payment_id, project_id, user_id) VALUES (1339, (SELECT projects.end_date - INTERVAL 16 DAY FROM projects WHERE projects.id=38), 1339, 1339, 38, 5);
INSERT INTO orders (order_id, created_at, delivery_id, payment_id, supporting_project_id) VALUES (1339, (SELECT projects.end_date - INTERVAL 16 DAY FROM projects WHERE projects.id=38), 1, 1339, 1339);
INSERT INTO supporting_packages(id, option_list, package_count, order_id, project_package_id, supporting_project_id) VALUES (1339, '["2인"]', 5, 1339, 38, 1339);
INSERT INTO supporting_projects(supporting_project_id, supported_at, delivery_id, payment_id, project_id, user_id) VALUES (1340, (SELECT projects.end_date - INTERVAL 42 DAY FROM projects WHERE projects.id=38), 1340, 1340, 38, 27);
INSERT INTO orders (order_id, created_at, delivery_id, payment_id, supporting_project_id) VALUES (1340, (SELECT projects.end_date - INTERVAL 42 DAY FROM projects WHERE projects.id=38), 1, 1340, 1340);
INSERT INTO supporting_packages(id, option_list, package_count, order_id, project_package_id, supporting_project_id) VALUES (1340, '["가족용"]', 7, 1340, 38, 1340);
INSERT INTO supporting_projects(supporting_project_id, supported_at, delivery_id, payment_id, project_id, user_id) VALUES (1341, (SELECT projects.end_date - INTERVAL 24 DAY FROM projects WHERE projects.id=38), 1341, 1341, 38, 24);
INSERT INTO orders (order_id, created_at, delivery_id, payment_id, supporting_project_id) VALUES (1341, (SELECT projects.end_date - INTERVAL 24 DAY FROM projects WHERE projects.id=38), 1, 1341, 1341);
INSERT INTO supporting_packages(id, option_list, package_count, order_id, project_package_id, supporting_project_id) VALUES (1341, '["가족용"]', 4, 1341, 38, 1341);
INSERT INTO supporting_projects(supporting_project_id, supported_at, delivery_id, payment_id, project_id, user_id) VALUES (1342, (SELECT projects.end_date - INTERVAL 13 DAY FROM projects WHERE projects.id=38), 1342, 1342, 38, 1);
INSERT INTO orders (order_id, created_at, delivery_id, payment_id, supporting_project_id) VALUES (1342, (SELECT projects.end_date - INTERVAL 13 DAY FROM projects WHERE projects.id=38), 1, 1342, 1342);
INSERT INTO supporting_packages(id, option_list, package_count, order_id, project_package_id, supporting_project_id) VALUES (1342, '["1인"]', 1, 1342, 38, 1342);
INSERT INTO supporting_projects(supporting_project_id, supported_at, delivery_id, payment_id, project_id, user_id) VALUES (1343, (SELECT projects.end_date - INTERVAL 8 DAY FROM projects WHERE projects.id=38), 1343, 1343, 38, 9);
INSERT INTO orders (order_id, created_at, delivery_id, payment_id, supporting_project_id) VALUES (1343, (SELECT projects.end_date - INTERVAL 8 DAY FROM projects WHERE projects.id=38), 1, 1343, 1343);
INSERT INTO supporting_packages(id, option_list, package_count, order_id, project_package_id, supporting_project_id) VALUES (1343, '["1인"]', 2, 1343, 38, 1343);
INSERT INTO supporting_projects(supporting_project_id, supported_at, delivery_id, payment_id, project_id, user_id) VALUES (1344, (SELECT projects.end_date - INTERVAL 34 DAY FROM projects WHERE projects.id=38), 1344, 1344, 38, 23);
INSERT INTO orders (order_id, created_at, delivery_id, payment_id, supporting_project_id) VALUES (1344, (SELECT projects.end_date - INTERVAL 34 DAY FROM projects WHERE projects.id=38), 1, 1344, 1344);
INSERT INTO supporting_packages(id, option_list, package_count, order_id, project_package_id, supporting_project_id) VALUES (1344, '["가족용"]', 8, 1344, 38, 1344);
INSERT INTO supporting_projects(supporting_project_id, supported_at, delivery_id, payment_id, project_id, user_id) VALUES (1345, (SELECT projects.end_date - INTERVAL 50 DAY FROM projects WHERE projects.id=38), 1345, 1345, 38, 2);
INSERT INTO orders (order_id, created_at, delivery_id, payment_id, supporting_project_id) VALUES (1345, (SELECT projects.end_date - INTERVAL 50 DAY FROM projects WHERE projects.id=38), 1, 1345, 1345);
INSERT INTO supporting_packages(id, option_list, package_count, order_id, project_package_id, supporting_project_id) VALUES (1345, '["가족용"]', 5, 1345, 38, 1345);
INSERT INTO supporting_projects(supporting_project_id, supported_at, delivery_id, payment_id, project_id, user_id) VALUES (1346, (SELECT projects.end_date - INTERVAL 30 DAY FROM projects WHERE projects.id=38), 1346, 1346, 38, 23);
INSERT INTO orders (order_id, created_at, delivery_id, payment_id, supporting_project_id) VALUES (1346, (SELECT projects.end_date - INTERVAL 30 DAY FROM projects WHERE projects.id=38), 1, 1346, 1346);
INSERT INTO supporting_packages(id, option_list, package_count, order_id, project_package_id, supporting_project_id) VALUES (1346, '["1인"]', 2, 1346, 38, 1346);
INSERT INTO supporting_projects(supporting_project_id, supported_at, delivery_id, payment_id, project_id, user_id) VALUES (1347, (SELECT projects.end_date - INTERVAL 48 DAY FROM projects WHERE projects.id=38), 1347, 1347, 38, 38);
INSERT INTO orders (order_id, created_at, delivery_id, payment_id, supporting_project_id) VALUES (1347, (SELECT projects.end_date - INTERVAL 48 DAY FROM projects WHERE projects.id=38), 1, 1347, 1347);
INSERT INTO supporting_packages(id, option_list, package_count, order_id, project_package_id, supporting_project_id) VALUES (1347, '["가족용"]', 10, 1347, 38, 1347);
INSERT INTO supporting_projects(supporting_project_id, supported_at, delivery_id, payment_id, project_id, user_id) VALUES (1348, (SELECT projects.end_date - INTERVAL 44 DAY FROM projects WHERE projects.id=38), 1348, 1348, 38, 2);
INSERT INTO orders (order_id, created_at, delivery_id, payment_id, supporting_project_id) VALUES (1348, (SELECT projects.end_date - INTERVAL 44 DAY FROM projects WHERE projects.id=38), 1, 1348, 1348);
INSERT INTO supporting_packages(id, option_list, package_count, order_id, project_package_id, supporting_project_id) VALUES (1348, '["1인"]', 7, 1348, 38, 1348);
INSERT INTO supporting_projects(supporting_project_id, supported_at, delivery_id, payment_id, project_id, user_id) VALUES (1349, (SELECT projects.end_date - INTERVAL 25 DAY FROM projects WHERE projects.id=38), 1349, 1349, 38, 29);
INSERT INTO orders (order_id, created_at, delivery_id, payment_id, supporting_project_id) VALUES (1349, (SELECT projects.end_date - INTERVAL 25 DAY FROM projects WHERE projects.id=38), 1, 1349, 1349);
INSERT INTO supporting_packages(id, option_list, package_count, order_id, project_package_id, supporting_project_id) VALUES (1349, '["2인"]', 5, 1349, 38, 1349);
INSERT INTO supporting_projects(supporting_project_id, supported_at, delivery_id, payment_id, project_id, user_id) VALUES (1350, (SELECT projects.end_date - INTERVAL 38 DAY FROM projects WHERE projects.id=38), 1350, 1350, 38, 38);
INSERT INTO orders (order_id, created_at, delivery_id, payment_id, supporting_project_id) VALUES (1350, (SELECT projects.end_date - INTERVAL 38 DAY FROM projects WHERE projects.id=38), 1, 1350, 1350);
INSERT INTO supporting_packages(id, option_list, package_count, order_id, project_package_id, supporting_project_id) VALUES (1350, '["1인"]', 2, 1350, 38, 1350);
INSERT INTO supporting_projects(supporting_project_id, supported_at, delivery_id, payment_id, project_id, user_id) VALUES (1351, (SELECT projects.end_date - INTERVAL 18 DAY FROM projects WHERE projects.id=38), 1351, 1351, 38, 15);
INSERT INTO orders (order_id, created_at, delivery_id, payment_id, supporting_project_id) VALUES (1351, (SELECT projects.end_date - INTERVAL 18 DAY FROM projects WHERE projects.id=38), 1, 1351, 1351);
INSERT INTO supporting_packages(id, option_list, package_count, order_id, project_package_id, supporting_project_id) VALUES (1351, '["2인"]', 4, 1351, 38, 1351);
INSERT INTO supporting_projects(supporting_project_id, supported_at, delivery_id, payment_id, project_id, user_id) VALUES (1352, (SELECT projects.end_date - INTERVAL 31 DAY FROM projects WHERE projects.id=38), 1352, 1352, 38, 7);
INSERT INTO orders (order_id, created_at, delivery_id, payment_id, supporting_project_id) VALUES (1352, (SELECT projects.end_date - INTERVAL 31 DAY FROM projects WHERE projects.id=38), 1, 1352, 1352);
INSERT INTO supporting_packages(id, option_list, package_count, order_id, project_package_id, supporting_project_id) VALUES (1352, '["2인"]', 6, 1352, 38, 1352);
INSERT INTO supporting_projects(supporting_project_id, supported_at, delivery_id, payment_id, project_id, user_id) VALUES (1353, (SELECT projects.end_date - INTERVAL 14 DAY FROM projects WHERE projects.id=38), 1353, 1353, 38, 32);
INSERT INTO orders (order_id, created_at, delivery_id, payment_id, supporting_project_id) VALUES (1353, (SELECT projects.end_date - INTERVAL 14 DAY FROM projects WHERE projects.id=38), 1, 1353, 1353);
INSERT INTO supporting_packages(id, option_list, package_count, order_id, project_package_id, supporting_project_id) VALUES (1353, '["가족용"]', 8, 1353, 38, 1353);
INSERT INTO supporting_projects(supporting_project_id, supported_at, delivery_id, payment_id, project_id, user_id) VALUES (1354, (SELECT projects.end_date - INTERVAL 33 DAY FROM projects WHERE projects.id=38), 1354, 1354, 38, 5);
INSERT INTO orders (order_id, created_at, delivery_id, payment_id, supporting_project_id) VALUES (1354, (SELECT projects.end_date - INTERVAL 33 DAY FROM projects WHERE projects.id=38), 1, 1354, 1354);
INSERT INTO supporting_packages(id, option_list, package_count, order_id, project_package_id, supporting_project_id) VALUES (1354, '["1인"]', 7, 1354, 38, 1354);
INSERT INTO supporting_projects(supporting_project_id, supported_at, delivery_id, payment_id, project_id, user_id) VALUES (1355, (SELECT projects.end_date - INTERVAL 30 DAY FROM projects WHERE projects.id=38), 1355, 1355, 38, 40);
INSERT INTO orders (order_id, created_at, delivery_id, payment_id, supporting_project_id) VALUES (1355, (SELECT projects.end_date - INTERVAL 30 DAY FROM projects WHERE projects.id=38), 1, 1355, 1355);
INSERT INTO supporting_packages(id, option_list, package_count, order_id, project_package_id, supporting_project_id) VALUES (1355, '["가족용"]', 10, 1355, 38, 1355);
INSERT INTO supporting_projects(supporting_project_id, supported_at, delivery_id, payment_id, project_id, user_id) VALUES (1356, (SELECT projects.end_date - INTERVAL 8 DAY FROM projects WHERE projects.id=38), 1356, 1356, 38, 29);
INSERT INTO orders (order_id, created_at, delivery_id, payment_id, supporting_project_id) VALUES (1356, (SELECT projects.end_date - INTERVAL 8 DAY FROM projects WHERE projects.id=38), 1, 1356, 1356);
INSERT INTO supporting_packages(id, option_list, package_count, order_id, project_package_id, supporting_project_id) VALUES (1356, '["가족용"]', 9, 1356, 38, 1356);
INSERT INTO supporting_projects(supporting_project_id, supported_at, delivery_id, payment_id, project_id, user_id) VALUES (1357, (SELECT projects.end_date - INTERVAL 31 DAY FROM projects WHERE projects.id=38), 1357, 1357, 38, 23);
INSERT INTO orders (order_id, created_at, delivery_id, payment_id, supporting_project_id) VALUES (1357, (SELECT projects.end_date - INTERVAL 31 DAY FROM projects WHERE projects.id=38), 1, 1357, 1357);
INSERT INTO supporting_packages(id, option_list, package_count, order_id, project_package_id, supporting_project_id) VALUES (1357, '["가족용"]', 8, 1357, 38, 1357);
INSERT INTO supporting_projects(supporting_project_id, supported_at, delivery_id, payment_id, project_id, user_id) VALUES (1358, (SELECT projects.end_date - INTERVAL 37 DAY FROM projects WHERE projects.id=38), 1358, 1358, 38, 31);
INSERT INTO orders (order_id, created_at, delivery_id, payment_id, supporting_project_id) VALUES (1358, (SELECT projects.end_date - INTERVAL 37 DAY FROM projects WHERE projects.id=38), 1, 1358, 1358);
INSERT INTO supporting_packages(id, option_list, package_count, order_id, project_package_id, supporting_project_id) VALUES (1358, '["2인"]', 1, 1358, 38, 1358);
INSERT INTO supporting_projects(supporting_project_id, supported_at, delivery_id, payment_id, project_id, user_id) VALUES (1359, (SELECT projects.end_date - INTERVAL 49 DAY FROM projects WHERE projects.id=38), 1359, 1359, 38, 32);
INSERT INTO orders (order_id, created_at, delivery_id, payment_id, supporting_project_id) VALUES (1359, (SELECT projects.end_date - INTERVAL 49 DAY FROM projects WHERE projects.id=38), 1, 1359, 1359);
INSERT INTO supporting_packages(id, option_list, package_count, order_id, project_package_id, supporting_project_id) VALUES (1359, '["2인"]', 10, 1359, 38, 1359);
INSERT INTO supporting_projects(supporting_project_id, supported_at, delivery_id, payment_id, project_id, user_id) VALUES (1360, (SELECT projects.end_date - INTERVAL 24 DAY FROM projects WHERE projects.id=38), 1360, 1360, 38, 23);
INSERT INTO orders (order_id, created_at, delivery_id, payment_id, supporting_project_id) VALUES (1360, (SELECT projects.end_date - INTERVAL 24 DAY FROM projects WHERE projects.id=38), 1, 1360, 1360);
INSERT INTO supporting_packages(id, option_list, package_count, order_id, project_package_id, supporting_project_id) VALUES (1360, '["1인"]', 10, 1360, 38, 1360);
INSERT INTO supporting_projects(supporting_project_id, supported_at, delivery_id, payment_id, project_id, user_id) VALUES (1361, (SELECT projects.end_date - INTERVAL 26 DAY FROM projects WHERE projects.id=38), 1361, 1361, 38, 3);
INSERT INTO orders (order_id, created_at, delivery_id, payment_id, supporting_project_id) VALUES (1361, (SELECT projects.end_date - INTERVAL 26 DAY FROM projects WHERE projects.id=38), 1, 1361, 1361);
INSERT INTO supporting_packages(id, option_list, package_count, order_id, project_package_id, supporting_project_id) VALUES (1361, '["가족용"]', 9, 1361, 38, 1361);
INSERT INTO supporting_projects(supporting_project_id, supported_at, delivery_id, payment_id, project_id, user_id) VALUES (1362, (SELECT projects.end_date - INTERVAL 34 DAY FROM projects WHERE projects.id=38), 1362, 1362, 38, 37);
INSERT INTO orders (order_id, created_at, delivery_id, payment_id, supporting_project_id) VALUES (1362, (SELECT projects.end_date - INTERVAL 34 DAY FROM projects WHERE projects.id=38), 1, 1362, 1362);
INSERT INTO supporting_packages(id, option_list, package_count, order_id, project_package_id, supporting_project_id) VALUES (1362, '["2인"]', 4, 1362, 38, 1362);
INSERT INTO supporting_projects(supporting_project_id, supported_at, delivery_id, payment_id, project_id, user_id) VALUES (1363, (SELECT projects.end_date - INTERVAL 26 DAY FROM projects WHERE projects.id=38), 1363, 1363, 38, 32);
INSERT INTO orders (order_id, created_at, delivery_id, payment_id, supporting_project_id) VALUES (1363, (SELECT projects.end_date - INTERVAL 26 DAY FROM projects WHERE projects.id=38), 1, 1363, 1363);
INSERT INTO supporting_packages(id, option_list, package_count, order_id, project_package_id, supporting_project_id) VALUES (1363, '["2인"]', 2, 1363, 38, 1363);
INSERT INTO supporting_projects(supporting_project_id, supported_at, delivery_id, payment_id, project_id, user_id) VALUES (1364, (SELECT projects.end_date - INTERVAL 10 DAY FROM projects WHERE projects.id=38), 1364, 1364, 38, 13);
INSERT INTO orders (order_id, created_at, delivery_id, payment_id, supporting_project_id) VALUES (1364, (SELECT projects.end_date - INTERVAL 10 DAY FROM projects WHERE projects.id=38), 1, 1364, 1364);
INSERT INTO supporting_packages(id, option_list, package_count, order_id, project_package_id, supporting_project_id) VALUES (1364, '["2인"]', 3, 1364, 38, 1364);
INSERT INTO supporting_projects(supporting_project_id, supported_at, delivery_id, payment_id, project_id, user_id) VALUES (1365, (SELECT projects.end_date - INTERVAL 47 DAY FROM projects WHERE projects.id=38), 1365, 1365, 38, 40);
INSERT INTO orders (order_id, created_at, delivery_id, payment_id, supporting_project_id) VALUES (1365, (SELECT projects.end_date - INTERVAL 47 DAY FROM projects WHERE projects.id=38), 1, 1365, 1365);
INSERT INTO supporting_packages(id, option_list, package_count, order_id, project_package_id, supporting_project_id) VALUES (1365, '["2인"]', 5, 1365, 38, 1365);
INSERT INTO supporting_projects(supporting_project_id, supported_at, delivery_id, payment_id, project_id, user_id) VALUES (1366, (SELECT projects.end_date - INTERVAL 46 DAY FROM projects WHERE projects.id=38), 1366, 1366, 38, 32);
INSERT INTO orders (order_id, created_at, delivery_id, payment_id, supporting_project_id) VALUES (1366, (SELECT projects.end_date - INTERVAL 46 DAY FROM projects WHERE projects.id=38), 1, 1366, 1366);
INSERT INTO supporting_packages(id, option_list, package_count, order_id, project_package_id, supporting_project_id) VALUES (1366, '["2인"]', 4, 1366, 38, 1366);
INSERT INTO supporting_projects(supporting_project_id, supported_at, delivery_id, payment_id, project_id, user_id) VALUES (1367, (SELECT projects.end_date - INTERVAL 36 DAY FROM projects WHERE projects.id=38), 1367, 1367, 38, 2);
INSERT INTO orders (order_id, created_at, delivery_id, payment_id, supporting_project_id) VALUES (1367, (SELECT projects.end_date - INTERVAL 36 DAY FROM projects WHERE projects.id=38), 1, 1367, 1367);
INSERT INTO supporting_packages(id, option_list, package_count, order_id, project_package_id, supporting_project_id) VALUES (1367, '["2인"]', 8, 1367, 38, 1367);
INSERT INTO supporting_projects(supporting_project_id, supported_at, delivery_id, payment_id, project_id, user_id) VALUES (1368, (SELECT projects.end_date - INTERVAL 16 DAY FROM projects WHERE projects.id=38), 1368, 1368, 38, 22);
INSERT INTO orders (order_id, created_at, delivery_id, payment_id, supporting_project_id) VALUES (1368, (SELECT projects.end_date - INTERVAL 16 DAY FROM projects WHERE projects.id=38), 1, 1368, 1368);
INSERT INTO supporting_packages(id, option_list, package_count, order_id, project_package_id, supporting_project_id) VALUES (1368, '["가족용"]', 4, 1368, 38, 1368);
INSERT INTO supporting_projects(supporting_project_id, supported_at, delivery_id, payment_id, project_id, user_id) VALUES (1369, (SELECT projects.end_date - INTERVAL 17 DAY FROM projects WHERE projects.id=38), 1369, 1369, 38, 34);
INSERT INTO orders (order_id, created_at, delivery_id, payment_id, supporting_project_id) VALUES (1369, (SELECT projects.end_date - INTERVAL 17 DAY FROM projects WHERE projects.id=38), 1, 1369, 1369);
INSERT INTO supporting_packages(id, option_list, package_count, order_id, project_package_id, supporting_project_id) VALUES (1369, '["2인"]', 6, 1369, 38, 1369);
INSERT INTO supporting_projects(supporting_project_id, supported_at, delivery_id, payment_id, project_id, user_id) VALUES (1370, (SELECT projects.end_date - INTERVAL 25 DAY FROM projects WHERE projects.id=38), 1370, 1370, 38, 16);
INSERT INTO orders (order_id, created_at, delivery_id, payment_id, supporting_project_id) VALUES (1370, (SELECT projects.end_date - INTERVAL 25 DAY FROM projects WHERE projects.id=38), 1, 1370, 1370);
INSERT INTO supporting_packages(id, option_list, package_count, order_id, project_package_id, supporting_project_id) VALUES (1370, '["1인"]', 10, 1370, 38, 1370);
INSERT INTO supporting_projects(supporting_project_id, supported_at, delivery_id, payment_id, project_id, user_id) VALUES (1371, (SELECT projects.end_date - INTERVAL 48 DAY FROM projects WHERE projects.id=38), 1371, 1371, 38, 10);
INSERT INTO orders (order_id, created_at, delivery_id, payment_id, supporting_project_id) VALUES (1371, (SELECT projects.end_date - INTERVAL 48 DAY FROM projects WHERE projects.id=38), 1, 1371, 1371);
INSERT INTO supporting_packages(id, option_list, package_count, order_id, project_package_id, supporting_project_id) VALUES (1371, '["2인"]', 3, 1371, 38, 1371);
INSERT INTO supporting_projects(supporting_project_id, supported_at, delivery_id, payment_id, project_id, user_id) VALUES (1372, (SELECT projects.end_date - INTERVAL 24 DAY FROM projects WHERE projects.id=38), 1372, 1372, 38, 40);
INSERT INTO orders (order_id, created_at, delivery_id, payment_id, supporting_project_id) VALUES (1372, (SELECT projects.end_date - INTERVAL 24 DAY FROM projects WHERE projects.id=38), 1, 1372, 1372);
INSERT INTO supporting_packages(id, option_list, package_count, order_id, project_package_id, supporting_project_id) VALUES (1372, '["가족용"]', 9, 1372, 38, 1372);
INSERT INTO supporting_projects(supporting_project_id, supported_at, delivery_id, payment_id, project_id, user_id) VALUES (1373, (SELECT projects.end_date - INTERVAL 31 DAY FROM projects WHERE projects.id=38), 1373, 1373, 38, 2);
INSERT INTO orders (order_id, created_at, delivery_id, payment_id, supporting_project_id) VALUES (1373, (SELECT projects.end_date - INTERVAL 31 DAY FROM projects WHERE projects.id=38), 1, 1373, 1373);
INSERT INTO supporting_packages(id, option_list, package_count, order_id, project_package_id, supporting_project_id) VALUES (1373, '["가족용"]', 9, 1373, 38, 1373);
INSERT INTO supporting_projects(supporting_project_id, supported_at, delivery_id, payment_id, project_id, user_id) VALUES (1374, (SELECT projects.end_date - INTERVAL 14 DAY FROM projects WHERE projects.id=38), 1374, 1374, 38, 14);
INSERT INTO orders (order_id, created_at, delivery_id, payment_id, supporting_project_id) VALUES (1374, (SELECT projects.end_date - INTERVAL 14 DAY FROM projects WHERE projects.id=38), 1, 1374, 1374);
INSERT INTO supporting_packages(id, option_list, package_count, order_id, project_package_id, supporting_project_id) VALUES (1374, '["2인"]', 5, 1374, 38, 1374);
INSERT INTO supporting_projects(supporting_project_id, supported_at, delivery_id, payment_id, project_id, user_id) VALUES (1375, (SELECT projects.end_date - INTERVAL 45 DAY FROM projects WHERE projects.id=38), 1375, 1375, 38, 13);
INSERT INTO orders (order_id, created_at, delivery_id, payment_id, supporting_project_id) VALUES (1375, (SELECT projects.end_date - INTERVAL 45 DAY FROM projects WHERE projects.id=38), 1, 1375, 1375);
INSERT INTO supporting_packages(id, option_list, package_count, order_id, project_package_id, supporting_project_id) VALUES (1375, '["2인"]', 6, 1375, 38, 1375);
INSERT INTO supporting_projects(supporting_project_id, supported_at, delivery_id, payment_id, project_id, user_id) VALUES (1376, (SELECT projects.end_date - INTERVAL 8 DAY FROM projects WHERE projects.id=38), 1376, 1376, 38, 40);
INSERT INTO orders (order_id, created_at, delivery_id, payment_id, supporting_project_id) VALUES (1376, (SELECT projects.end_date - INTERVAL 8 DAY FROM projects WHERE projects.id=38), 1, 1376, 1376);
INSERT INTO supporting_packages(id, option_list, package_count, order_id, project_package_id, supporting_project_id) VALUES (1376, '["가족용"]', 6, 1376, 38, 1376);
INSERT INTO supporting_projects(supporting_project_id, supported_at, delivery_id, payment_id, project_id, user_id) VALUES (1377, (SELECT projects.end_date - INTERVAL 27 DAY FROM projects WHERE projects.id=38), 1377, 1377, 38, 5);
INSERT INTO orders (order_id, created_at, delivery_id, payment_id, supporting_project_id) VALUES (1377, (SELECT projects.end_date - INTERVAL 27 DAY FROM projects WHERE projects.id=38), 1, 1377, 1377);
INSERT INTO supporting_packages(id, option_list, package_count, order_id, project_package_id, supporting_project_id) VALUES (1377, '["1인"]', 3, 1377, 38, 1377);
INSERT INTO supporting_projects(supporting_project_id, supported_at, delivery_id, payment_id, project_id, user_id) VALUES (1378, (SELECT projects.end_date - INTERVAL 32 DAY FROM projects WHERE projects.id=38), 1378, 1378, 38, 8);
INSERT INTO orders (order_id, created_at, delivery_id, payment_id, supporting_project_id) VALUES (1378, (SELECT projects.end_date - INTERVAL 32 DAY FROM projects WHERE projects.id=38), 1, 1378, 1378);
INSERT INTO supporting_packages(id, option_list, package_count, order_id, project_package_id, supporting_project_id) VALUES (1378, '["1인"]', 8, 1378, 38, 1378);
INSERT INTO supporting_projects(supporting_project_id, supported_at, delivery_id, payment_id, project_id, user_id) VALUES (1379, (SELECT projects.end_date - INTERVAL 30 DAY FROM projects WHERE projects.id=38), 1379, 1379, 38, 38);
INSERT INTO orders (order_id, created_at, delivery_id, payment_id, supporting_project_id) VALUES (1379, (SELECT projects.end_date - INTERVAL 30 DAY FROM projects WHERE projects.id=38), 1, 1379, 1379);
INSERT INTO supporting_packages(id, option_list, package_count, order_id, project_package_id, supporting_project_id) VALUES (1379, '["2인"]', 10, 1379, 38, 1379);
INSERT INTO supporting_projects(supporting_project_id, supported_at, delivery_id, payment_id, project_id, user_id) VALUES (1380, (SELECT projects.end_date - INTERVAL 16 DAY FROM projects WHERE projects.id=38), 1380, 1380, 38, 8);
INSERT INTO orders (order_id, created_at, delivery_id, payment_id, supporting_project_id) VALUES (1380, (SELECT projects.end_date - INTERVAL 16 DAY FROM projects WHERE projects.id=38), 1, 1380, 1380);
INSERT INTO supporting_packages(id, option_list, package_count, order_id, project_package_id, supporting_project_id) VALUES (1380, '["1인"]', 2, 1380, 38, 1380);
INSERT INTO supporting_projects(supporting_project_id, supported_at, delivery_id, payment_id, project_id, user_id) VALUES (1381, (SELECT projects.end_date - INTERVAL 47 DAY FROM projects WHERE projects.id=38), 1381, 1381, 38, 11);
INSERT INTO orders (order_id, created_at, delivery_id, payment_id, supporting_project_id) VALUES (1381, (SELECT projects.end_date - INTERVAL 47 DAY FROM projects WHERE projects.id=38), 1, 1381, 1381);
INSERT INTO supporting_packages(id, option_list, package_count, order_id, project_package_id, supporting_project_id) VALUES (1381, '["가족용"]', 4, 1381, 38, 1381);
INSERT INTO supporting_projects(supporting_project_id, supported_at, delivery_id, payment_id, project_id, user_id) VALUES (1382, (SELECT projects.end_date - INTERVAL 46 DAY FROM projects WHERE projects.id=38), 1382, 1382, 38, 1);
INSERT INTO orders (order_id, created_at, delivery_id, payment_id, supporting_project_id) VALUES (1382, (SELECT projects.end_date - INTERVAL 46 DAY FROM projects WHERE projects.id=38), 1, 1382, 1382);
INSERT INTO supporting_packages(id, option_list, package_count, order_id, project_package_id, supporting_project_id) VALUES (1382, '["2인"]', 5, 1382, 38, 1382);
INSERT INTO supporting_projects(supporting_project_id, supported_at, delivery_id, payment_id, project_id, user_id) VALUES (1383, (SELECT projects.end_date - INTERVAL 45 DAY FROM projects WHERE projects.id=38), 1383, 1383, 38, 17);
INSERT INTO orders (order_id, created_at, delivery_id, payment_id, supporting_project_id) VALUES (1383, (SELECT projects.end_date - INTERVAL 45 DAY FROM projects WHERE projects.id=38), 1, 1383, 1383);
INSERT INTO supporting_packages(id, option_list, package_count, order_id, project_package_id, supporting_project_id) VALUES (1383, '["1인"]', 7, 1383, 38, 1383);
INSERT INTO supporting_projects(supporting_project_id, supported_at, delivery_id, payment_id, project_id, user_id) VALUES (1384, (SELECT projects.end_date - INTERVAL 46 DAY FROM projects WHERE projects.id=38), 1384, 1384, 38, 23);
INSERT INTO orders (order_id, created_at, delivery_id, payment_id, supporting_project_id) VALUES (1384, (SELECT projects.end_date - INTERVAL 46 DAY FROM projects WHERE projects.id=38), 1, 1384, 1384);
INSERT INTO supporting_packages(id, option_list, package_count, order_id, project_package_id, supporting_project_id) VALUES (1384, '["2인"]', 1, 1384, 38, 1384);
INSERT INTO supporting_projects(supporting_project_id, supported_at, delivery_id, payment_id, project_id, user_id) VALUES (1385, (SELECT projects.end_date - INTERVAL 41 DAY FROM projects WHERE projects.id=38), 1385, 1385, 38, 40);
INSERT INTO orders (order_id, created_at, delivery_id, payment_id, supporting_project_id) VALUES (1385, (SELECT projects.end_date - INTERVAL 41 DAY FROM projects WHERE projects.id=38), 1, 1385, 1385);
INSERT INTO supporting_packages(id, option_list, package_count, order_id, project_package_id, supporting_project_id) VALUES (1385, '["2인"]', 4, 1385, 38, 1385);
INSERT INTO supporting_projects(supporting_project_id, supported_at, delivery_id, payment_id, project_id, user_id) VALUES (1386, (SELECT projects.end_date - INTERVAL 48 DAY FROM projects WHERE projects.id=38), 1386, 1386, 38, 6);
INSERT INTO orders (order_id, created_at, delivery_id, payment_id, supporting_project_id) VALUES (1386, (SELECT projects.end_date - INTERVAL 48 DAY FROM projects WHERE projects.id=38), 1, 1386, 1386);
INSERT INTO supporting_packages(id, option_list, package_count, order_id, project_package_id, supporting_project_id) VALUES (1386, '["가족용"]', 9, 1386, 38, 1386);
INSERT INTO supporting_projects(supporting_project_id, supported_at, delivery_id, payment_id, project_id, user_id) VALUES (1387, (SELECT projects.end_date - INTERVAL 18 DAY FROM projects WHERE projects.id=38), 1387, 1387, 38, 7);
INSERT INTO orders (order_id, created_at, delivery_id, payment_id, supporting_project_id) VALUES (1387, (SELECT projects.end_date - INTERVAL 18 DAY FROM projects WHERE projects.id=38), 1, 1387, 1387);
INSERT INTO supporting_packages(id, option_list, package_count, order_id, project_package_id, supporting_project_id) VALUES (1387, '["2인"]', 5, 1387, 38, 1387);
INSERT INTO supporting_projects(supporting_project_id, supported_at, delivery_id, payment_id, project_id, user_id) VALUES (1388, (SELECT projects.end_date - INTERVAL 20 DAY FROM projects WHERE projects.id=38), 1388, 1388, 38, 37);
INSERT INTO orders (order_id, created_at, delivery_id, payment_id, supporting_project_id) VALUES (1388, (SELECT projects.end_date - INTERVAL 20 DAY FROM projects WHERE projects.id=38), 1, 1388, 1388);
INSERT INTO supporting_packages(id, option_list, package_count, order_id, project_package_id, supporting_project_id) VALUES (1388, '["2인"]', 4, 1388, 38, 1388);
INSERT INTO supporting_projects(supporting_project_id, supported_at, delivery_id, payment_id, project_id, user_id) VALUES (1389, (SELECT projects.end_date - INTERVAL 11 DAY FROM projects WHERE projects.id=38), 1389, 1389, 38, 35);
INSERT INTO orders (order_id, created_at, delivery_id, payment_id, supporting_project_id) VALUES (1389, (SELECT projects.end_date - INTERVAL 11 DAY FROM projects WHERE projects.id=38), 1, 1389, 1389);
INSERT INTO supporting_packages(id, option_list, package_count, order_id, project_package_id, supporting_project_id) VALUES (1389, '["가족용"]', 7, 1389, 38, 1389);
INSERT INTO supporting_projects(supporting_project_id, supported_at, delivery_id, payment_id, project_id, user_id) VALUES (1390, (SELECT projects.end_date - INTERVAL 15 DAY FROM projects WHERE projects.id=38), 1390, 1390, 38, 40);
INSERT INTO orders (order_id, created_at, delivery_id, payment_id, supporting_project_id) VALUES (1390, (SELECT projects.end_date - INTERVAL 15 DAY FROM projects WHERE projects.id=38), 1, 1390, 1390);
INSERT INTO supporting_packages(id, option_list, package_count, order_id, project_package_id, supporting_project_id) VALUES (1390, '["가족용"]', 10, 1390, 38, 1390);
INSERT INTO supporting_projects(supporting_project_id, supported_at, delivery_id, payment_id, project_id, user_id) VALUES (1391, (SELECT projects.end_date - INTERVAL 26 DAY FROM projects WHERE projects.id=38), 1391, 1391, 38, 2);
INSERT INTO orders (order_id, created_at, delivery_id, payment_id, supporting_project_id) VALUES (1391, (SELECT projects.end_date - INTERVAL 26 DAY FROM projects WHERE projects.id=38), 1, 1391, 1391);
INSERT INTO supporting_packages(id, option_list, package_count, order_id, project_package_id, supporting_project_id) VALUES (1391, '["가족용"]', 4, 1391, 38, 1391);
INSERT INTO supporting_projects(supporting_project_id, supported_at, delivery_id, payment_id, project_id, user_id) VALUES (1392, (SELECT projects.end_date - INTERVAL 13 DAY FROM projects WHERE projects.id=38), 1392, 1392, 38, 31);
INSERT INTO orders (order_id, created_at, delivery_id, payment_id, supporting_project_id) VALUES (1392, (SELECT projects.end_date - INTERVAL 13 DAY FROM projects WHERE projects.id=38), 1, 1392, 1392);
INSERT INTO supporting_packages(id, option_list, package_count, order_id, project_package_id, supporting_project_id) VALUES (1392, '["1인"]', 1, 1392, 38, 1392);
INSERT INTO supporting_projects(supporting_project_id, supported_at, delivery_id, payment_id, project_id, user_id) VALUES (1393, (SELECT projects.end_date - INTERVAL 48 DAY FROM projects WHERE projects.id=38), 1393, 1393, 38, 6);
INSERT INTO orders (order_id, created_at, delivery_id, payment_id, supporting_project_id) VALUES (1393, (SELECT projects.end_date - INTERVAL 48 DAY FROM projects WHERE projects.id=38), 1, 1393, 1393);
INSERT INTO supporting_packages(id, option_list, package_count, order_id, project_package_id, supporting_project_id) VALUES (1393, '["가족용"]', 9, 1393, 38, 1393);
INSERT INTO supporting_projects(supporting_project_id, supported_at, delivery_id, payment_id, project_id, user_id) VALUES (1394, (SELECT projects.end_date - INTERVAL 47 DAY FROM projects WHERE projects.id=38), 1394, 1394, 38, 22);
INSERT INTO orders (order_id, created_at, delivery_id, payment_id, supporting_project_id) VALUES (1394, (SELECT projects.end_date - INTERVAL 47 DAY FROM projects WHERE projects.id=38), 1, 1394, 1394);
INSERT INTO supporting_packages(id, option_list, package_count, order_id, project_package_id, supporting_project_id) VALUES (1394, '["1인"]', 9, 1394, 38, 1394);
INSERT INTO supporting_projects(supporting_project_id, supported_at, delivery_id, payment_id, project_id, user_id) VALUES (1395, (SELECT projects.end_date - INTERVAL 32 DAY FROM projects WHERE projects.id=38), 1395, 1395, 38, 40);
INSERT INTO orders (order_id, created_at, delivery_id, payment_id, supporting_project_id) VALUES (1395, (SELECT projects.end_date - INTERVAL 32 DAY FROM projects WHERE projects.id=38), 1, 1395, 1395);
INSERT INTO supporting_packages(id, option_list, package_count, order_id, project_package_id, supporting_project_id) VALUES (1395, '["가족용"]', 3, 1395, 38, 1395);
INSERT INTO supporting_projects(supporting_project_id, supported_at, delivery_id, payment_id, project_id, user_id) VALUES (1396, (SELECT projects.end_date - INTERVAL 27 DAY FROM projects WHERE projects.id=38), 1396, 1396, 38, 33);
INSERT INTO orders (order_id, created_at, delivery_id, payment_id, supporting_project_id) VALUES (1396, (SELECT projects.end_date - INTERVAL 27 DAY FROM projects WHERE projects.id=38), 1, 1396, 1396);
INSERT INTO supporting_packages(id, option_list, package_count, order_id, project_package_id, supporting_project_id) VALUES (1396, '["가족용"]', 8, 1396, 38, 1396);
INSERT INTO supporting_projects(supporting_project_id, supported_at, delivery_id, payment_id, project_id, user_id) VALUES (1397, (SELECT projects.end_date - INTERVAL 18 DAY FROM projects WHERE projects.id=38), 1397, 1397, 38, 25);
INSERT INTO orders (order_id, created_at, delivery_id, payment_id, supporting_project_id) VALUES (1397, (SELECT projects.end_date - INTERVAL 18 DAY FROM projects WHERE projects.id=38), 1, 1397, 1397);
INSERT INTO supporting_packages(id, option_list, package_count, order_id, project_package_id, supporting_project_id) VALUES (1397, '["가족용"]', 8, 1397, 38, 1397);
INSERT INTO supporting_projects(supporting_project_id, supported_at, delivery_id, payment_id, project_id, user_id) VALUES (1398, (SELECT projects.end_date - INTERVAL 15 DAY FROM projects WHERE projects.id=38), 1398, 1398, 38, 40);
INSERT INTO orders (order_id, created_at, delivery_id, payment_id, supporting_project_id) VALUES (1398, (SELECT projects.end_date - INTERVAL 15 DAY FROM projects WHERE projects.id=38), 1, 1398, 1398);
INSERT INTO supporting_packages(id, option_list, package_count, order_id, project_package_id, supporting_project_id) VALUES (1398, '["2인"]', 4, 1398, 38, 1398);
INSERT INTO supporting_projects(supporting_project_id, supported_at, delivery_id, payment_id, project_id, user_id) VALUES (1399, (SELECT projects.end_date - INTERVAL 13 DAY FROM projects WHERE projects.id=38), 1399, 1399, 38, 33);
INSERT INTO orders (order_id, created_at, delivery_id, payment_id, supporting_project_id) VALUES (1399, (SELECT projects.end_date - INTERVAL 13 DAY FROM projects WHERE projects.id=38), 1, 1399, 1399);
INSERT INTO supporting_packages(id, option_list, package_count, order_id, project_package_id, supporting_project_id) VALUES (1399, '["2인"]', 8, 1399, 38, 1399);
INSERT INTO supporting_projects(supporting_project_id, supported_at, delivery_id, payment_id, project_id, user_id) VALUES (1400, (SELECT projects.end_date - INTERVAL 32 DAY FROM projects WHERE projects.id=38), 1400, 1400, 38, 15);
INSERT INTO orders (order_id, created_at, delivery_id, payment_id, supporting_project_id) VALUES (1400, (SELECT projects.end_date - INTERVAL 32 DAY FROM projects WHERE projects.id=38), 1, 1400, 1400);
INSERT INTO supporting_packages(id, option_list, package_count, order_id, project_package_id, supporting_project_id) VALUES (1400, '["가족용"]', 7, 1400, 38, 1400);
INSERT INTO supporting_projects(supporting_project_id, supported_at, delivery_id, payment_id, project_id, user_id) VALUES (1401, (SELECT projects.end_date - INTERVAL 17 DAY FROM projects WHERE projects.id=38), 1401, 1401, 38, 21);
INSERT INTO orders (order_id, created_at, delivery_id, payment_id, supporting_project_id) VALUES (1401, (SELECT projects.end_date - INTERVAL 17 DAY FROM projects WHERE projects.id=38), 1, 1401, 1401);
INSERT INTO supporting_packages(id, option_list, package_count, order_id, project_package_id, supporting_project_id) VALUES (1401, '["가족용"]', 1, 1401, 38, 1401);
INSERT INTO supporting_projects(supporting_project_id, supported_at, delivery_id, payment_id, project_id, user_id) VALUES (1402, (SELECT projects.end_date - INTERVAL 17 DAY FROM projects WHERE projects.id=38), 1402, 1402, 38, 35);
INSERT INTO orders (order_id, created_at, delivery_id, payment_id, supporting_project_id) VALUES (1402, (SELECT projects.end_date - INTERVAL 17 DAY FROM projects WHERE projects.id=38), 1, 1402, 1402);
INSERT INTO supporting_packages(id, option_list, package_count, order_id, project_package_id, supporting_project_id) VALUES (1402, '["가족용"]', 8, 1402, 38, 1402);
INSERT INTO supporting_projects(supporting_project_id, supported_at, delivery_id, payment_id, project_id, user_id) VALUES (1403, (SELECT projects.end_date - INTERVAL 32 DAY FROM projects WHERE projects.id=38), 1403, 1403, 38, 37);
INSERT INTO orders (order_id, created_at, delivery_id, payment_id, supporting_project_id) VALUES (1403, (SELECT projects.end_date - INTERVAL 32 DAY FROM projects WHERE projects.id=38), 1, 1403, 1403);
INSERT INTO supporting_packages(id, option_list, package_count, order_id, project_package_id, supporting_project_id) VALUES (1403, '["가족용"]', 6, 1403, 38, 1403);
INSERT INTO supporting_projects(supporting_project_id, supported_at, delivery_id, payment_id, project_id, user_id) VALUES (1404, (SELECT projects.end_date - INTERVAL 16 DAY FROM projects WHERE projects.id=38), 1404, 1404, 38, 33);
INSERT INTO orders (order_id, created_at, delivery_id, payment_id, supporting_project_id) VALUES (1404, (SELECT projects.end_date - INTERVAL 16 DAY FROM projects WHERE projects.id=38), 1, 1404, 1404);
INSERT INTO supporting_packages(id, option_list, package_count, order_id, project_package_id, supporting_project_id) VALUES (1404, '["1인"]', 7, 1404, 38, 1404);
INSERT INTO supporting_projects(supporting_project_id, supported_at, delivery_id, payment_id, project_id, user_id) VALUES (1405, (SELECT projects.end_date - INTERVAL 31 DAY FROM projects WHERE projects.id=38), 1405, 1405, 38, 22);
INSERT INTO orders (order_id, created_at, delivery_id, payment_id, supporting_project_id) VALUES (1405, (SELECT projects.end_date - INTERVAL 31 DAY FROM projects WHERE projects.id=38), 1, 1405, 1405);
INSERT INTO supporting_packages(id, option_list, package_count, order_id, project_package_id, supporting_project_id) VALUES (1405, '["1인"]', 8, 1405, 38, 1405);
INSERT INTO supporting_projects(supporting_project_id, supported_at, delivery_id, payment_id, project_id, user_id) VALUES (1406, (SELECT projects.end_date - INTERVAL 27 DAY FROM projects WHERE projects.id=38), 1406, 1406, 38, 31);
INSERT INTO orders (order_id, created_at, delivery_id, payment_id, supporting_project_id) VALUES (1406, (SELECT projects.end_date - INTERVAL 27 DAY FROM projects WHERE projects.id=38), 1, 1406, 1406);
INSERT INTO supporting_packages(id, option_list, package_count, order_id, project_package_id, supporting_project_id) VALUES (1406, '["1인"]', 9, 1406, 38, 1406);
INSERT INTO supporting_projects(supporting_project_id, supported_at, delivery_id, payment_id, project_id, user_id) VALUES (1407, (SELECT projects.end_date - INTERVAL 11 DAY FROM projects WHERE projects.id=38), 1407, 1407, 38, 38);
INSERT INTO orders (order_id, created_at, delivery_id, payment_id, supporting_project_id) VALUES (1407, (SELECT projects.end_date - INTERVAL 11 DAY FROM projects WHERE projects.id=38), 1, 1407, 1407);
INSERT INTO supporting_packages(id, option_list, package_count, order_id, project_package_id, supporting_project_id) VALUES (1407, '["가족용"]', 2, 1407, 38, 1407);
INSERT INTO supporting_projects(supporting_project_id, supported_at, delivery_id, payment_id, project_id, user_id) VALUES (1408, (SELECT projects.end_date - INTERVAL 21 DAY FROM projects WHERE projects.id=38), 1408, 1408, 38, 10);
INSERT INTO orders (order_id, created_at, delivery_id, payment_id, supporting_project_id) VALUES (1408, (SELECT projects.end_date - INTERVAL 21 DAY FROM projects WHERE projects.id=38), 1, 1408, 1408);
INSERT INTO supporting_packages(id, option_list, package_count, order_id, project_package_id, supporting_project_id) VALUES (1408, '["2인"]', 3, 1408, 38, 1408);
INSERT INTO supporting_projects(supporting_project_id, supported_at, delivery_id, payment_id, project_id, user_id) VALUES (1409, (SELECT projects.end_date - INTERVAL 16 DAY FROM projects WHERE projects.id=38), 1409, 1409, 38, 1);
INSERT INTO orders (order_id, created_at, delivery_id, payment_id, supporting_project_id) VALUES (1409, (SELECT projects.end_date - INTERVAL 16 DAY FROM projects WHERE projects.id=38), 1, 1409, 1409);
INSERT INTO supporting_packages(id, option_list, package_count, order_id, project_package_id, supporting_project_id) VALUES (1409, '["가족용"]', 1, 1409, 38, 1409);
INSERT INTO supporting_projects(supporting_project_id, supported_at, delivery_id, payment_id, project_id, user_id) VALUES (1410, (SELECT projects.end_date - INTERVAL 31 DAY FROM projects WHERE projects.id=38), 1410, 1410, 38, 36);
INSERT INTO orders (order_id, created_at, delivery_id, payment_id, supporting_project_id) VALUES (1410, (SELECT projects.end_date - INTERVAL 31 DAY FROM projects WHERE projects.id=38), 1, 1410, 1410);
INSERT INTO supporting_packages(id, option_list, package_count, order_id, project_package_id, supporting_project_id) VALUES (1410, '["2인"]', 8, 1410, 38, 1410);
INSERT INTO supporting_projects(supporting_project_id, supported_at, delivery_id, payment_id, project_id, user_id) VALUES (1411, (SELECT projects.end_date - INTERVAL 7 DAY FROM projects WHERE projects.id=38), 1411, 1411, 38, 18);
INSERT INTO orders (order_id, created_at, delivery_id, payment_id, supporting_project_id) VALUES (1411, (SELECT projects.end_date - INTERVAL 7 DAY FROM projects WHERE projects.id=38), 1, 1411, 1411);
INSERT INTO supporting_packages(id, option_list, package_count, order_id, project_package_id, supporting_project_id) VALUES (1411, '["2인"]', 7, 1411, 38, 1411);
INSERT INTO supporting_projects(supporting_project_id, supported_at, delivery_id, payment_id, project_id, user_id) VALUES (1412, (SELECT projects.end_date - INTERVAL 31 DAY FROM projects WHERE projects.id=38), 1412, 1412, 38, 18);
INSERT INTO orders (order_id, created_at, delivery_id, payment_id, supporting_project_id) VALUES (1412, (SELECT projects.end_date - INTERVAL 31 DAY FROM projects WHERE projects.id=38), 1, 1412, 1412);
INSERT INTO supporting_packages(id, option_list, package_count, order_id, project_package_id, supporting_project_id) VALUES (1412, '["2인"]', 9, 1412, 38, 1412);
INSERT INTO supporting_projects(supporting_project_id, supported_at, delivery_id, payment_id, project_id, user_id) VALUES (1413, (SELECT projects.end_date - INTERVAL 21 DAY FROM projects WHERE projects.id=38), 1413, 1413, 38, 23);
INSERT INTO orders (order_id, created_at, delivery_id, payment_id, supporting_project_id) VALUES (1413, (SELECT projects.end_date - INTERVAL 21 DAY FROM projects WHERE projects.id=38), 1, 1413, 1413);
INSERT INTO supporting_packages(id, option_list, package_count, order_id, project_package_id, supporting_project_id) VALUES (1413, '["1인"]', 5, 1413, 38, 1413);
INSERT INTO supporting_projects(supporting_project_id, supported_at, delivery_id, payment_id, project_id, user_id) VALUES (1414, (SELECT projects.end_date - INTERVAL 50 DAY FROM projects WHERE projects.id=38), 1414, 1414, 38, 22);
INSERT INTO orders (order_id, created_at, delivery_id, payment_id, supporting_project_id) VALUES (1414, (SELECT projects.end_date - INTERVAL 50 DAY FROM projects WHERE projects.id=38), 1, 1414, 1414);
INSERT INTO supporting_packages(id, option_list, package_count, order_id, project_package_id, supporting_project_id) VALUES (1414, '["가족용"]', 4, 1414, 38, 1414);
INSERT INTO supporting_projects(supporting_project_id, supported_at, delivery_id, payment_id, project_id, user_id) VALUES (1415, (SELECT projects.end_date - INTERVAL 16 DAY FROM projects WHERE projects.id=38), 1415, 1415, 38, 13);
INSERT INTO orders (order_id, created_at, delivery_id, payment_id, supporting_project_id) VALUES (1415, (SELECT projects.end_date - INTERVAL 16 DAY FROM projects WHERE projects.id=38), 1, 1415, 1415);
INSERT INTO supporting_packages(id, option_list, package_count, order_id, project_package_id, supporting_project_id) VALUES (1415, '["2인"]', 8, 1415, 38, 1415);
INSERT INTO supporting_projects(supporting_project_id, supported_at, delivery_id, payment_id, project_id, user_id) VALUES (1416, (SELECT projects.end_date - INTERVAL 50 DAY FROM projects WHERE projects.id=38), 1416, 1416, 38, 7);
INSERT INTO orders (order_id, created_at, delivery_id, payment_id, supporting_project_id) VALUES (1416, (SELECT projects.end_date - INTERVAL 50 DAY FROM projects WHERE projects.id=38), 1, 1416, 1416);
INSERT INTO supporting_packages(id, option_list, package_count, order_id, project_package_id, supporting_project_id) VALUES (1416, '["1인"]', 4, 1416, 38, 1416);
INSERT INTO supporting_projects(supporting_project_id, supported_at, delivery_id, payment_id, project_id, user_id) VALUES (1417, (SELECT projects.end_date - INTERVAL 30 DAY FROM projects WHERE projects.id=38), 1417, 1417, 38, 26);
INSERT INTO orders (order_id, created_at, delivery_id, payment_id, supporting_project_id) VALUES (1417, (SELECT projects.end_date - INTERVAL 30 DAY FROM projects WHERE projects.id=38), 1, 1417, 1417);
INSERT INTO supporting_packages(id, option_list, package_count, order_id, project_package_id, supporting_project_id) VALUES (1417, '["가족용"]', 7, 1417, 38, 1417);
INSERT INTO supporting_projects(supporting_project_id, supported_at, delivery_id, payment_id, project_id, user_id) VALUES (1418, (SELECT projects.end_date - INTERVAL 47 DAY FROM projects WHERE projects.id=38), 1418, 1418, 38, 9);
INSERT INTO orders (order_id, created_at, delivery_id, payment_id, supporting_project_id) VALUES (1418, (SELECT projects.end_date - INTERVAL 47 DAY FROM projects WHERE projects.id=38), 1, 1418, 1418);
INSERT INTO supporting_packages(id, option_list, package_count, order_id, project_package_id, supporting_project_id) VALUES (1418, '["1인"]', 9, 1418, 38, 1418);
INSERT INTO supporting_projects(supporting_project_id, supported_at, delivery_id, payment_id, project_id, user_id) VALUES (1419, (SELECT projects.end_date - INTERVAL 9 DAY FROM projects WHERE projects.id=38), 1419, 1419, 38, 17);
INSERT INTO orders (order_id, created_at, delivery_id, payment_id, supporting_project_id) VALUES (1419, (SELECT projects.end_date - INTERVAL 9 DAY FROM projects WHERE projects.id=38), 1, 1419, 1419);
INSERT INTO supporting_packages(id, option_list, package_count, order_id, project_package_id, supporting_project_id) VALUES (1419, '["2인"]', 9, 1419, 38, 1419);
INSERT INTO supporting_projects(supporting_project_id, supported_at, delivery_id, payment_id, project_id, user_id) VALUES (1420, (SELECT projects.end_date - INTERVAL 36 DAY FROM projects WHERE projects.id=38), 1420, 1420, 38, 4);
INSERT INTO orders (order_id, created_at, delivery_id, payment_id, supporting_project_id) VALUES (1420, (SELECT projects.end_date - INTERVAL 36 DAY FROM projects WHERE projects.id=38), 1, 1420, 1420);
INSERT INTO supporting_packages(id, option_list, package_count, order_id, project_package_id, supporting_project_id) VALUES (1420, '["2인"]', 5, 1420, 38, 1420);
INSERT INTO supporting_projects(supporting_project_id, supported_at, delivery_id, payment_id, project_id, user_id) VALUES (1421, (SELECT projects.end_date - INTERVAL 37 DAY FROM projects WHERE projects.id=38), 1421, 1421, 38, 33);
INSERT INTO orders (order_id, created_at, delivery_id, payment_id, supporting_project_id) VALUES (1421, (SELECT projects.end_date - INTERVAL 37 DAY FROM projects WHERE projects.id=38), 1, 1421, 1421);
INSERT INTO supporting_packages(id, option_list, package_count, order_id, project_package_id, supporting_project_id) VALUES (1421, '["2인"]', 2, 1421, 38, 1421);
INSERT INTO supporting_projects(supporting_project_id, supported_at, delivery_id, payment_id, project_id, user_id) VALUES (1422, (SELECT projects.end_date - INTERVAL 39 DAY FROM projects WHERE projects.id=39), 1422, 1422, 39, 36);
INSERT INTO orders (order_id, created_at, delivery_id, payment_id, supporting_project_id) VALUES (1422, (SELECT projects.end_date - INTERVAL 39 DAY FROM projects WHERE projects.id=39), 1, 1422, 1422);
INSERT INTO supporting_packages(id, option_list, package_count, order_id, project_package_id, supporting_project_id) VALUES (1422, '["기본"]', 3, 1422, 39, 1422);
INSERT INTO supporting_projects(supporting_project_id, supported_at, delivery_id, payment_id, project_id, user_id) VALUES (1423, (SELECT projects.end_date - INTERVAL 36 DAY FROM projects WHERE projects.id=39), 1423, 1423, 39, 18);
INSERT INTO orders (order_id, created_at, delivery_id, payment_id, supporting_project_id) VALUES (1423, (SELECT projects.end_date - INTERVAL 36 DAY FROM projects WHERE projects.id=39), 1, 1423, 1423);
INSERT INTO supporting_packages(id, option_list, package_count, order_id, project_package_id, supporting_project_id) VALUES (1423, '["기본"]', 6, 1423, 39, 1423);
INSERT INTO supporting_projects(supporting_project_id, supported_at, delivery_id, payment_id, project_id, user_id) VALUES (1424, (SELECT projects.end_date - INTERVAL 36 DAY FROM projects WHERE projects.id=39), 1424, 1424, 39, 28);
INSERT INTO orders (order_id, created_at, delivery_id, payment_id, supporting_project_id) VALUES (1424, (SELECT projects.end_date - INTERVAL 36 DAY FROM projects WHERE projects.id=39), 1, 1424, 1424);
INSERT INTO supporting_packages(id, option_list, package_count, order_id, project_package_id, supporting_project_id) VALUES (1424, '["심화"]', 9, 1424, 39, 1424);
INSERT INTO supporting_projects(supporting_project_id, supported_at, delivery_id, payment_id, project_id, user_id) VALUES (1425, (SELECT projects.end_date - INTERVAL 23 DAY FROM projects WHERE projects.id=39), 1425, 1425, 39, 40);
INSERT INTO orders (order_id, created_at, delivery_id, payment_id, supporting_project_id) VALUES (1425, (SELECT projects.end_date - INTERVAL 23 DAY FROM projects WHERE projects.id=39), 1, 1425, 1425);
INSERT INTO supporting_packages(id, option_list, package_count, order_id, project_package_id, supporting_project_id) VALUES (1425, '["마스터"]', 10, 1425, 39, 1425);
INSERT INTO supporting_projects(supporting_project_id, supported_at, delivery_id, payment_id, project_id, user_id) VALUES (1426, (SELECT projects.end_date - INTERVAL 38 DAY FROM projects WHERE projects.id=39), 1426, 1426, 39, 17);
INSERT INTO orders (order_id, created_at, delivery_id, payment_id, supporting_project_id) VALUES (1426, (SELECT projects.end_date - INTERVAL 38 DAY FROM projects WHERE projects.id=39), 1, 1426, 1426);
INSERT INTO supporting_packages(id, option_list, package_count, order_id, project_package_id, supporting_project_id) VALUES (1426, '["기본"]', 6, 1426, 39, 1426);
INSERT INTO supporting_projects(supporting_project_id, supported_at, delivery_id, payment_id, project_id, user_id) VALUES (1427, (SELECT projects.end_date - INTERVAL 31 DAY FROM projects WHERE projects.id=39), 1427, 1427, 39, 26);
INSERT INTO orders (order_id, created_at, delivery_id, payment_id, supporting_project_id) VALUES (1427, (SELECT projects.end_date - INTERVAL 31 DAY FROM projects WHERE projects.id=39), 1, 1427, 1427);
INSERT INTO supporting_packages(id, option_list, package_count, order_id, project_package_id, supporting_project_id) VALUES (1427, '["기본"]', 3, 1427, 39, 1427);
INSERT INTO supporting_projects(supporting_project_id, supported_at, delivery_id, payment_id, project_id, user_id) VALUES (1428, (SELECT projects.end_date - INTERVAL 39 DAY FROM projects WHERE projects.id=39), 1428, 1428, 39, 38);
INSERT INTO orders (order_id, created_at, delivery_id, payment_id, supporting_project_id) VALUES (1428, (SELECT projects.end_date - INTERVAL 39 DAY FROM projects WHERE projects.id=39), 1, 1428, 1428);
INSERT INTO supporting_packages(id, option_list, package_count, order_id, project_package_id, supporting_project_id) VALUES (1428, '["기본"]', 2, 1428, 39, 1428);
INSERT INTO supporting_projects(supporting_project_id, supported_at, delivery_id, payment_id, project_id, user_id) VALUES (1429, (SELECT projects.end_date - INTERVAL 42 DAY FROM projects WHERE projects.id=39), 1429, 1429, 39, 28);
INSERT INTO orders (order_id, created_at, delivery_id, payment_id, supporting_project_id) VALUES (1429, (SELECT projects.end_date - INTERVAL 42 DAY FROM projects WHERE projects.id=39), 1, 1429, 1429);
INSERT INTO supporting_packages(id, option_list, package_count, order_id, project_package_id, supporting_project_id) VALUES (1429, '["기본"]', 2, 1429, 39, 1429);
INSERT INTO supporting_projects(supporting_project_id, supported_at, delivery_id, payment_id, project_id, user_id) VALUES (1430, (SELECT projects.end_date - INTERVAL 25 DAY FROM projects WHERE projects.id=39), 1430, 1430, 39, 15);
INSERT INTO orders (order_id, created_at, delivery_id, payment_id, supporting_project_id) VALUES (1430, (SELECT projects.end_date - INTERVAL 25 DAY FROM projects WHERE projects.id=39), 1, 1430, 1430);
INSERT INTO supporting_packages(id, option_list, package_count, order_id, project_package_id, supporting_project_id) VALUES (1430, '["심화"]', 9, 1430, 39, 1430);
INSERT INTO supporting_projects(supporting_project_id, supported_at, delivery_id, payment_id, project_id, user_id) VALUES (1431, (SELECT projects.end_date - INTERVAL 35 DAY FROM projects WHERE projects.id=39), 1431, 1431, 39, 37);
INSERT INTO orders (order_id, created_at, delivery_id, payment_id, supporting_project_id) VALUES (1431, (SELECT projects.end_date - INTERVAL 35 DAY FROM projects WHERE projects.id=39), 1, 1431, 1431);
INSERT INTO supporting_packages(id, option_list, package_count, order_id, project_package_id, supporting_project_id) VALUES (1431, '["기본"]', 4, 1431, 39, 1431);
INSERT INTO supporting_projects(supporting_project_id, supported_at, delivery_id, payment_id, project_id, user_id) VALUES (1432, (SELECT projects.end_date - INTERVAL 9 DAY FROM projects WHERE projects.id=39), 1432, 1432, 39, 11);
INSERT INTO orders (order_id, created_at, delivery_id, payment_id, supporting_project_id) VALUES (1432, (SELECT projects.end_date - INTERVAL 9 DAY FROM projects WHERE projects.id=39), 1, 1432, 1432);
INSERT INTO supporting_packages(id, option_list, package_count, order_id, project_package_id, supporting_project_id) VALUES (1432, '["심화"]', 1, 1432, 39, 1432);
INSERT INTO supporting_projects(supporting_project_id, supported_at, delivery_id, payment_id, project_id, user_id) VALUES (1433, (SELECT projects.end_date - INTERVAL 42 DAY FROM projects WHERE projects.id=39), 1433, 1433, 39, 9);
INSERT INTO orders (order_id, created_at, delivery_id, payment_id, supporting_project_id) VALUES (1433, (SELECT projects.end_date - INTERVAL 42 DAY FROM projects WHERE projects.id=39), 1, 1433, 1433);
INSERT INTO supporting_packages(id, option_list, package_count, order_id, project_package_id, supporting_project_id) VALUES (1433, '["심화"]', 8, 1433, 39, 1433);
INSERT INTO supporting_projects(supporting_project_id, supported_at, delivery_id, payment_id, project_id, user_id) VALUES (1434, (SELECT projects.end_date - INTERVAL 43 DAY FROM projects WHERE projects.id=39), 1434, 1434, 39, 27);
INSERT INTO orders (order_id, created_at, delivery_id, payment_id, supporting_project_id) VALUES (1434, (SELECT projects.end_date - INTERVAL 43 DAY FROM projects WHERE projects.id=39), 1, 1434, 1434);
INSERT INTO supporting_packages(id, option_list, package_count, order_id, project_package_id, supporting_project_id) VALUES (1434, '["심화"]', 5, 1434, 39, 1434);
INSERT INTO supporting_projects(supporting_project_id, supported_at, delivery_id, payment_id, project_id, user_id) VALUES (1435, (SELECT projects.end_date - INTERVAL 23 DAY FROM projects WHERE projects.id=39), 1435, 1435, 39, 11);
INSERT INTO orders (order_id, created_at, delivery_id, payment_id, supporting_project_id) VALUES (1435, (SELECT projects.end_date - INTERVAL 23 DAY FROM projects WHERE projects.id=39), 1, 1435, 1435);
INSERT INTO supporting_packages(id, option_list, package_count, order_id, project_package_id, supporting_project_id) VALUES (1435, '["기본"]', 10, 1435, 39, 1435);
INSERT INTO supporting_projects(supporting_project_id, supported_at, delivery_id, payment_id, project_id, user_id) VALUES (1436, (SELECT projects.end_date - INTERVAL 22 DAY FROM projects WHERE projects.id=39), 1436, 1436, 39, 3);
INSERT INTO orders (order_id, created_at, delivery_id, payment_id, supporting_project_id) VALUES (1436, (SELECT projects.end_date - INTERVAL 22 DAY FROM projects WHERE projects.id=39), 1, 1436, 1436);
INSERT INTO supporting_packages(id, option_list, package_count, order_id, project_package_id, supporting_project_id) VALUES (1436, '["심화"]', 7, 1436, 39, 1436);
INSERT INTO supporting_projects(supporting_project_id, supported_at, delivery_id, payment_id, project_id, user_id) VALUES (1437, (SELECT projects.end_date - INTERVAL 21 DAY FROM projects WHERE projects.id=39), 1437, 1437, 39, 26);
INSERT INTO orders (order_id, created_at, delivery_id, payment_id, supporting_project_id) VALUES (1437, (SELECT projects.end_date - INTERVAL 21 DAY FROM projects WHERE projects.id=39), 1, 1437, 1437);
INSERT INTO supporting_packages(id, option_list, package_count, order_id, project_package_id, supporting_project_id) VALUES (1437, '["심화"]', 7, 1437, 39, 1437);
INSERT INTO supporting_projects(supporting_project_id, supported_at, delivery_id, payment_id, project_id, user_id) VALUES (1438, (SELECT projects.end_date - INTERVAL 37 DAY FROM projects WHERE projects.id=39), 1438, 1438, 39, 37);
INSERT INTO orders (order_id, created_at, delivery_id, payment_id, supporting_project_id) VALUES (1438, (SELECT projects.end_date - INTERVAL 37 DAY FROM projects WHERE projects.id=39), 1, 1438, 1438);
INSERT INTO supporting_packages(id, option_list, package_count, order_id, project_package_id, supporting_project_id) VALUES (1438, '["마스터"]', 7, 1438, 39, 1438);
INSERT INTO supporting_projects(supporting_project_id, supported_at, delivery_id, payment_id, project_id, user_id) VALUES (1439, (SELECT projects.end_date - INTERVAL 21 DAY FROM projects WHERE projects.id=39), 1439, 1439, 39, 22);
INSERT INTO orders (order_id, created_at, delivery_id, payment_id, supporting_project_id) VALUES (1439, (SELECT projects.end_date - INTERVAL 21 DAY FROM projects WHERE projects.id=39), 1, 1439, 1439);
INSERT INTO supporting_packages(id, option_list, package_count, order_id, project_package_id, supporting_project_id) VALUES (1439, '["마스터"]', 1, 1439, 39, 1439);
INSERT INTO supporting_projects(supporting_project_id, supported_at, delivery_id, payment_id, project_id, user_id) VALUES (1440, (SELECT projects.end_date - INTERVAL 21 DAY FROM projects WHERE projects.id=39), 1440, 1440, 39, 2);
INSERT INTO orders (order_id, created_at, delivery_id, payment_id, supporting_project_id) VALUES (1440, (SELECT projects.end_date - INTERVAL 21 DAY FROM projects WHERE projects.id=39), 1, 1440, 1440);
INSERT INTO supporting_packages(id, option_list, package_count, order_id, project_package_id, supporting_project_id) VALUES (1440, '["마스터"]', 4, 1440, 39, 1440);
INSERT INTO supporting_projects(supporting_project_id, supported_at, delivery_id, payment_id, project_id, user_id) VALUES (1441, (SELECT projects.end_date - INTERVAL 46 DAY FROM projects WHERE projects.id=39), 1441, 1441, 39, 25);
INSERT INTO orders (order_id, created_at, delivery_id, payment_id, supporting_project_id) VALUES (1441, (SELECT projects.end_date - INTERVAL 46 DAY FROM projects WHERE projects.id=39), 1, 1441, 1441);
INSERT INTO supporting_packages(id, option_list, package_count, order_id, project_package_id, supporting_project_id) VALUES (1441, '["마스터"]', 5, 1441, 39, 1441);
INSERT INTO supporting_projects(supporting_project_id, supported_at, delivery_id, payment_id, project_id, user_id) VALUES (1442, (SELECT projects.end_date - INTERVAL 36 DAY FROM projects WHERE projects.id=39), 1442, 1442, 39, 12);
INSERT INTO orders (order_id, created_at, delivery_id, payment_id, supporting_project_id) VALUES (1442, (SELECT projects.end_date - INTERVAL 36 DAY FROM projects WHERE projects.id=39), 1, 1442, 1442);
INSERT INTO supporting_packages(id, option_list, package_count, order_id, project_package_id, supporting_project_id) VALUES (1442, '["기본"]', 2, 1442, 39, 1442);
INSERT INTO supporting_projects(supporting_project_id, supported_at, delivery_id, payment_id, project_id, user_id) VALUES (1443, (SELECT projects.end_date - INTERVAL 17 DAY FROM projects WHERE projects.id=39), 1443, 1443, 39, 9);
INSERT INTO orders (order_id, created_at, delivery_id, payment_id, supporting_project_id) VALUES (1443, (SELECT projects.end_date - INTERVAL 17 DAY FROM projects WHERE projects.id=39), 1, 1443, 1443);
INSERT INTO supporting_packages(id, option_list, package_count, order_id, project_package_id, supporting_project_id) VALUES (1443, '["마스터"]', 3, 1443, 39, 1443);
INSERT INTO supporting_projects(supporting_project_id, supported_at, delivery_id, payment_id, project_id, user_id) VALUES (1444, (SELECT projects.end_date - INTERVAL 48 DAY FROM projects WHERE projects.id=39), 1444, 1444, 39, 4);
INSERT INTO orders (order_id, created_at, delivery_id, payment_id, supporting_project_id) VALUES (1444, (SELECT projects.end_date - INTERVAL 48 DAY FROM projects WHERE projects.id=39), 1, 1444, 1444);
INSERT INTO supporting_packages(id, option_list, package_count, order_id, project_package_id, supporting_project_id) VALUES (1444, '["기본"]', 10, 1444, 39, 1444);
INSERT INTO supporting_projects(supporting_project_id, supported_at, delivery_id, payment_id, project_id, user_id) VALUES (1445, (SELECT projects.end_date - INTERVAL 27 DAY FROM projects WHERE projects.id=39), 1445, 1445, 39, 14);
INSERT INTO orders (order_id, created_at, delivery_id, payment_id, supporting_project_id) VALUES (1445, (SELECT projects.end_date - INTERVAL 27 DAY FROM projects WHERE projects.id=39), 1, 1445, 1445);
INSERT INTO supporting_packages(id, option_list, package_count, order_id, project_package_id, supporting_project_id) VALUES (1445, '["기본"]', 10, 1445, 39, 1445);
INSERT INTO supporting_projects(supporting_project_id, supported_at, delivery_id, payment_id, project_id, user_id) VALUES (1446, (SELECT projects.end_date - INTERVAL 20 DAY FROM projects WHERE projects.id=39), 1446, 1446, 39, 27);
INSERT INTO orders (order_id, created_at, delivery_id, payment_id, supporting_project_id) VALUES (1446, (SELECT projects.end_date - INTERVAL 20 DAY FROM projects WHERE projects.id=39), 1, 1446, 1446);
INSERT INTO supporting_packages(id, option_list, package_count, order_id, project_package_id, supporting_project_id) VALUES (1446, '["마스터"]', 2, 1446, 39, 1446);
INSERT INTO supporting_projects(supporting_project_id, supported_at, delivery_id, payment_id, project_id, user_id) VALUES (1447, (SELECT projects.end_date - INTERVAL 23 DAY FROM projects WHERE projects.id=39), 1447, 1447, 39, 39);
INSERT INTO orders (order_id, created_at, delivery_id, payment_id, supporting_project_id) VALUES (1447, (SELECT projects.end_date - INTERVAL 23 DAY FROM projects WHERE projects.id=39), 1, 1447, 1447);
INSERT INTO supporting_packages(id, option_list, package_count, order_id, project_package_id, supporting_project_id) VALUES (1447, '["마스터"]', 2, 1447, 39, 1447);
INSERT INTO supporting_projects(supporting_project_id, supported_at, delivery_id, payment_id, project_id, user_id) VALUES (1448, (SELECT projects.end_date - INTERVAL 8 DAY FROM projects WHERE projects.id=39), 1448, 1448, 39, 23);
INSERT INTO orders (order_id, created_at, delivery_id, payment_id, supporting_project_id) VALUES (1448, (SELECT projects.end_date - INTERVAL 8 DAY FROM projects WHERE projects.id=39), 1, 1448, 1448);
INSERT INTO supporting_packages(id, option_list, package_count, order_id, project_package_id, supporting_project_id) VALUES (1448, '["마스터"]', 4, 1448, 39, 1448);
INSERT INTO supporting_projects(supporting_project_id, supported_at, delivery_id, payment_id, project_id, user_id) VALUES (1449, (SELECT projects.end_date - INTERVAL 11 DAY FROM projects WHERE projects.id=39), 1449, 1449, 39, 36);
INSERT INTO orders (order_id, created_at, delivery_id, payment_id, supporting_project_id) VALUES (1449, (SELECT projects.end_date - INTERVAL 11 DAY FROM projects WHERE projects.id=39), 1, 1449, 1449);
INSERT INTO supporting_packages(id, option_list, package_count, order_id, project_package_id, supporting_project_id) VALUES (1449, '["기본"]', 1, 1449, 39, 1449);
INSERT INTO supporting_projects(supporting_project_id, supported_at, delivery_id, payment_id, project_id, user_id) VALUES (1450, (SELECT projects.end_date - INTERVAL 35 DAY FROM projects WHERE projects.id=39), 1450, 1450, 39, 23);
INSERT INTO orders (order_id, created_at, delivery_id, payment_id, supporting_project_id) VALUES (1450, (SELECT projects.end_date - INTERVAL 35 DAY FROM projects WHERE projects.id=39), 1, 1450, 1450);
INSERT INTO supporting_packages(id, option_list, package_count, order_id, project_package_id, supporting_project_id) VALUES (1450, '["마스터"]', 5, 1450, 39, 1450);
INSERT INTO supporting_projects(supporting_project_id, supported_at, delivery_id, payment_id, project_id, user_id) VALUES (1451, (SELECT projects.end_date - INTERVAL 39 DAY FROM projects WHERE projects.id=39), 1451, 1451, 39, 12);
INSERT INTO orders (order_id, created_at, delivery_id, payment_id, supporting_project_id) VALUES (1451, (SELECT projects.end_date - INTERVAL 39 DAY FROM projects WHERE projects.id=39), 1, 1451, 1451);
INSERT INTO supporting_packages(id, option_list, package_count, order_id, project_package_id, supporting_project_id) VALUES (1451, '["심화"]', 9, 1451, 39, 1451);
INSERT INTO supporting_projects(supporting_project_id, supported_at, delivery_id, payment_id, project_id, user_id) VALUES (1452, (SELECT projects.end_date - INTERVAL 27 DAY FROM projects WHERE projects.id=39), 1452, 1452, 39, 8);
INSERT INTO orders (order_id, created_at, delivery_id, payment_id, supporting_project_id) VALUES (1452, (SELECT projects.end_date - INTERVAL 27 DAY FROM projects WHERE projects.id=39), 1, 1452, 1452);
INSERT INTO supporting_packages(id, option_list, package_count, order_id, project_package_id, supporting_project_id) VALUES (1452, '["마스터"]', 2, 1452, 39, 1452);
INSERT INTO supporting_projects(supporting_project_id, supported_at, delivery_id, payment_id, project_id, user_id) VALUES (1453, (SELECT projects.end_date - INTERVAL 25 DAY FROM projects WHERE projects.id=39), 1453, 1453, 39, 25);
INSERT INTO orders (order_id, created_at, delivery_id, payment_id, supporting_project_id) VALUES (1453, (SELECT projects.end_date - INTERVAL 25 DAY FROM projects WHERE projects.id=39), 1, 1453, 1453);
INSERT INTO supporting_packages(id, option_list, package_count, order_id, project_package_id, supporting_project_id) VALUES (1453, '["마스터"]', 10, 1453, 39, 1453);
INSERT INTO supporting_projects(supporting_project_id, supported_at, delivery_id, payment_id, project_id, user_id) VALUES (1454, (SELECT projects.end_date - INTERVAL 14 DAY FROM projects WHERE projects.id=39), 1454, 1454, 39, 18);
INSERT INTO orders (order_id, created_at, delivery_id, payment_id, supporting_project_id) VALUES (1454, (SELECT projects.end_date - INTERVAL 14 DAY FROM projects WHERE projects.id=39), 1, 1454, 1454);
INSERT INTO supporting_packages(id, option_list, package_count, order_id, project_package_id, supporting_project_id) VALUES (1454, '["마스터"]', 9, 1454, 39, 1454);
INSERT INTO supporting_projects(supporting_project_id, supported_at, delivery_id, payment_id, project_id, user_id) VALUES (1455, (SELECT projects.end_date - INTERVAL 31 DAY FROM projects WHERE projects.id=39), 1455, 1455, 39, 20);
INSERT INTO orders (order_id, created_at, delivery_id, payment_id, supporting_project_id) VALUES (1455, (SELECT projects.end_date - INTERVAL 31 DAY FROM projects WHERE projects.id=39), 1, 1455, 1455);
INSERT INTO supporting_packages(id, option_list, package_count, order_id, project_package_id, supporting_project_id) VALUES (1455, '["마스터"]', 9, 1455, 39, 1455);
INSERT INTO supporting_projects(supporting_project_id, supported_at, delivery_id, payment_id, project_id, user_id) VALUES (1456, (SELECT projects.end_date - INTERVAL 33 DAY FROM projects WHERE projects.id=39), 1456, 1456, 39, 19);
INSERT INTO orders (order_id, created_at, delivery_id, payment_id, supporting_project_id) VALUES (1456, (SELECT projects.end_date - INTERVAL 33 DAY FROM projects WHERE projects.id=39), 1, 1456, 1456);
INSERT INTO supporting_packages(id, option_list, package_count, order_id, project_package_id, supporting_project_id) VALUES (1456, '["심화"]', 3, 1456, 39, 1456);
INSERT INTO supporting_projects(supporting_project_id, supported_at, delivery_id, payment_id, project_id, user_id) VALUES (1457, (SELECT projects.end_date - INTERVAL 39 DAY FROM projects WHERE projects.id=39), 1457, 1457, 39, 11);
INSERT INTO orders (order_id, created_at, delivery_id, payment_id, supporting_project_id) VALUES (1457, (SELECT projects.end_date - INTERVAL 39 DAY FROM projects WHERE projects.id=39), 1, 1457, 1457);
INSERT INTO supporting_packages(id, option_list, package_count, order_id, project_package_id, supporting_project_id) VALUES (1457, '["마스터"]', 7, 1457, 39, 1457);
INSERT INTO supporting_projects(supporting_project_id, supported_at, delivery_id, payment_id, project_id, user_id) VALUES (1458, (SELECT projects.end_date - INTERVAL 19 DAY FROM projects WHERE projects.id=39), 1458, 1458, 39, 27);
INSERT INTO orders (order_id, created_at, delivery_id, payment_id, supporting_project_id) VALUES (1458, (SELECT projects.end_date - INTERVAL 19 DAY FROM projects WHERE projects.id=39), 1, 1458, 1458);
INSERT INTO supporting_packages(id, option_list, package_count, order_id, project_package_id, supporting_project_id) VALUES (1458, '["기본"]', 4, 1458, 39, 1458);
INSERT INTO supporting_projects(supporting_project_id, supported_at, delivery_id, payment_id, project_id, user_id) VALUES (1459, (SELECT projects.end_date - INTERVAL 48 DAY FROM projects WHERE projects.id=39), 1459, 1459, 39, 21);
INSERT INTO orders (order_id, created_at, delivery_id, payment_id, supporting_project_id) VALUES (1459, (SELECT projects.end_date - INTERVAL 48 DAY FROM projects WHERE projects.id=39), 1, 1459, 1459);
INSERT INTO supporting_packages(id, option_list, package_count, order_id, project_package_id, supporting_project_id) VALUES (1459, '["기본"]', 4, 1459, 39, 1459);
INSERT INTO supporting_projects(supporting_project_id, supported_at, delivery_id, payment_id, project_id, user_id) VALUES (1460, (SELECT projects.end_date - INTERVAL 35 DAY FROM projects WHERE projects.id=39), 1460, 1460, 39, 33);
INSERT INTO orders (order_id, created_at, delivery_id, payment_id, supporting_project_id) VALUES (1460, (SELECT projects.end_date - INTERVAL 35 DAY FROM projects WHERE projects.id=39), 1, 1460, 1460);
INSERT INTO supporting_packages(id, option_list, package_count, order_id, project_package_id, supporting_project_id) VALUES (1460, '["마스터"]', 5, 1460, 39, 1460);
INSERT INTO supporting_projects(supporting_project_id, supported_at, delivery_id, payment_id, project_id, user_id) VALUES (1461, (SELECT projects.end_date - INTERVAL 21 DAY FROM projects WHERE projects.id=39), 1461, 1461, 39, 30);
INSERT INTO orders (order_id, created_at, delivery_id, payment_id, supporting_project_id) VALUES (1461, (SELECT projects.end_date - INTERVAL 21 DAY FROM projects WHERE projects.id=39), 1, 1461, 1461);
INSERT INTO supporting_packages(id, option_list, package_count, order_id, project_package_id, supporting_project_id) VALUES (1461, '["마스터"]', 4, 1461, 39, 1461);
INSERT INTO supporting_projects(supporting_project_id, supported_at, delivery_id, payment_id, project_id, user_id) VALUES (1462, (SELECT projects.end_date - INTERVAL 29 DAY FROM projects WHERE projects.id=39), 1462, 1462, 39, 26);
INSERT INTO orders (order_id, created_at, delivery_id, payment_id, supporting_project_id) VALUES (1462, (SELECT projects.end_date - INTERVAL 29 DAY FROM projects WHERE projects.id=39), 1, 1462, 1462);
INSERT INTO supporting_packages(id, option_list, package_count, order_id, project_package_id, supporting_project_id) VALUES (1462, '["기본"]', 6, 1462, 39, 1462);
INSERT INTO supporting_projects(supporting_project_id, supported_at, delivery_id, payment_id, project_id, user_id) VALUES (1463, (SELECT projects.end_date - INTERVAL 16 DAY FROM projects WHERE projects.id=39), 1463, 1463, 39, 24);
INSERT INTO orders (order_id, created_at, delivery_id, payment_id, supporting_project_id) VALUES (1463, (SELECT projects.end_date - INTERVAL 16 DAY FROM projects WHERE projects.id=39), 1, 1463, 1463);
INSERT INTO supporting_packages(id, option_list, package_count, order_id, project_package_id, supporting_project_id) VALUES (1463, '["기본"]', 6, 1463, 39, 1463);
INSERT INTO supporting_projects(supporting_project_id, supported_at, delivery_id, payment_id, project_id, user_id) VALUES (1464, (SELECT projects.end_date - INTERVAL 18 DAY FROM projects WHERE projects.id=39), 1464, 1464, 39, 3);
INSERT INTO orders (order_id, created_at, delivery_id, payment_id, supporting_project_id) VALUES (1464, (SELECT projects.end_date - INTERVAL 18 DAY FROM projects WHERE projects.id=39), 1, 1464, 1464);
INSERT INTO supporting_packages(id, option_list, package_count, order_id, project_package_id, supporting_project_id) VALUES (1464, '["마스터"]', 8, 1464, 39, 1464);
INSERT INTO supporting_projects(supporting_project_id, supported_at, delivery_id, payment_id, project_id, user_id) VALUES (1465, (SELECT projects.end_date - INTERVAL 23 DAY FROM projects WHERE projects.id=39), 1465, 1465, 39, 5);
INSERT INTO orders (order_id, created_at, delivery_id, payment_id, supporting_project_id) VALUES (1465, (SELECT projects.end_date - INTERVAL 23 DAY FROM projects WHERE projects.id=39), 1, 1465, 1465);
INSERT INTO supporting_packages(id, option_list, package_count, order_id, project_package_id, supporting_project_id) VALUES (1465, '["심화"]', 9, 1465, 39, 1465);
INSERT INTO supporting_projects(supporting_project_id, supported_at, delivery_id, payment_id, project_id, user_id) VALUES (1466, (SELECT projects.end_date - INTERVAL 46 DAY FROM projects WHERE projects.id=39), 1466, 1466, 39, 40);
INSERT INTO orders (order_id, created_at, delivery_id, payment_id, supporting_project_id) VALUES (1466, (SELECT projects.end_date - INTERVAL 46 DAY FROM projects WHERE projects.id=39), 1, 1466, 1466);
INSERT INTO supporting_packages(id, option_list, package_count, order_id, project_package_id, supporting_project_id) VALUES (1466, '["마스터"]', 4, 1466, 39, 1466);
INSERT INTO supporting_projects(supporting_project_id, supported_at, delivery_id, payment_id, project_id, user_id) VALUES (1467, (SELECT projects.end_date - INTERVAL 22 DAY FROM projects WHERE projects.id=39), 1467, 1467, 39, 9);
INSERT INTO orders (order_id, created_at, delivery_id, payment_id, supporting_project_id) VALUES (1467, (SELECT projects.end_date - INTERVAL 22 DAY FROM projects WHERE projects.id=39), 1, 1467, 1467);
INSERT INTO supporting_packages(id, option_list, package_count, order_id, project_package_id, supporting_project_id) VALUES (1467, '["심화"]', 1, 1467, 39, 1467);
INSERT INTO supporting_projects(supporting_project_id, supported_at, delivery_id, payment_id, project_id, user_id) VALUES (1468, (SELECT projects.end_date - INTERVAL 24 DAY FROM projects WHERE projects.id=39), 1468, 1468, 39, 27);
INSERT INTO orders (order_id, created_at, delivery_id, payment_id, supporting_project_id) VALUES (1468, (SELECT projects.end_date - INTERVAL 24 DAY FROM projects WHERE projects.id=39), 1, 1468, 1468);
INSERT INTO supporting_packages(id, option_list, package_count, order_id, project_package_id, supporting_project_id) VALUES (1468, '["마스터"]', 2, 1468, 39, 1468);
INSERT INTO supporting_projects(supporting_project_id, supported_at, delivery_id, payment_id, project_id, user_id) VALUES (1469, (SELECT projects.end_date - INTERVAL 20 DAY FROM projects WHERE projects.id=43), 1469, 1469, 43, 39);
INSERT INTO orders (order_id, created_at, delivery_id, payment_id, supporting_project_id) VALUES (1469, (SELECT projects.end_date - INTERVAL 20 DAY FROM projects WHERE projects.id=43), 1, 1469, 1469);
INSERT INTO supporting_packages(id, option_list, package_count, order_id, project_package_id, supporting_project_id) VALUES (1469, '["디지털 다운로드"]', 9, 1469, 43, 1469);
INSERT INTO supporting_projects(supporting_project_id, supported_at, delivery_id, payment_id, project_id, user_id) VALUES (1470, (SELECT projects.end_date - INTERVAL 27 DAY FROM projects WHERE projects.id=43), 1470, 1470, 43, 12);
INSERT INTO orders (order_id, created_at, delivery_id, payment_id, supporting_project_id) VALUES (1470, (SELECT projects.end_date - INTERVAL 27 DAY FROM projects WHERE projects.id=43), 1, 1470, 1470);
INSERT INTO supporting_packages(id, option_list, package_count, order_id, project_package_id, supporting_project_id) VALUES (1470, '["LP"]', 5, 1470, 43, 1470);
INSERT INTO supporting_projects(supporting_project_id, supported_at, delivery_id, payment_id, project_id, user_id) VALUES (1471, (SELECT projects.end_date - INTERVAL 48 DAY FROM projects WHERE projects.id=43), 1471, 1471, 43, 38);
INSERT INTO orders (order_id, created_at, delivery_id, payment_id, supporting_project_id) VALUES (1471, (SELECT projects.end_date - INTERVAL 48 DAY FROM projects WHERE projects.id=43), 1, 1471, 1471);
INSERT INTO supporting_packages(id, option_list, package_count, order_id, project_package_id, supporting_project_id) VALUES (1471, '["LP"]', 9, 1471, 43, 1471);
INSERT INTO supporting_projects(supporting_project_id, supported_at, delivery_id, payment_id, project_id, user_id) VALUES (1472, (SELECT projects.end_date - INTERVAL 11 DAY FROM projects WHERE projects.id=43), 1472, 1472, 43, 13);
INSERT INTO orders (order_id, created_at, delivery_id, payment_id, supporting_project_id) VALUES (1472, (SELECT projects.end_date - INTERVAL 11 DAY FROM projects WHERE projects.id=43), 1, 1472, 1472);
INSERT INTO supporting_packages(id, option_list, package_count, order_id, project_package_id, supporting_project_id) VALUES (1472, '["디지털 다운로드"]', 2, 1472, 43, 1472);
INSERT INTO supporting_projects(supporting_project_id, supported_at, delivery_id, payment_id, project_id, user_id) VALUES (1473, (SELECT projects.end_date - INTERVAL 26 DAY FROM projects WHERE projects.id=43), 1473, 1473, 43, 26);
INSERT INTO orders (order_id, created_at, delivery_id, payment_id, supporting_project_id) VALUES (1473, (SELECT projects.end_date - INTERVAL 26 DAY FROM projects WHERE projects.id=43), 1, 1473, 1473);
INSERT INTO supporting_packages(id, option_list, package_count, order_id, project_package_id, supporting_project_id) VALUES (1473, '["LP"]', 1, 1473, 43, 1473);
INSERT INTO supporting_projects(supporting_project_id, supported_at, delivery_id, payment_id, project_id, user_id) VALUES (1474, (SELECT projects.end_date - INTERVAL 13 DAY FROM projects WHERE projects.id=43), 1474, 1474, 43, 30);
INSERT INTO orders (order_id, created_at, delivery_id, payment_id, supporting_project_id) VALUES (1474, (SELECT projects.end_date - INTERVAL 13 DAY FROM projects WHERE projects.id=43), 1, 1474, 1474);
INSERT INTO supporting_packages(id, option_list, package_count, order_id, project_package_id, supporting_project_id) VALUES (1474, '["LP"]', 1, 1474, 43, 1474);
INSERT INTO supporting_projects(supporting_project_id, supported_at, delivery_id, payment_id, project_id, user_id) VALUES (1475, (SELECT projects.end_date - INTERVAL 18 DAY FROM projects WHERE projects.id=43), 1475, 1475, 43, 24);
INSERT INTO orders (order_id, created_at, delivery_id, payment_id, supporting_project_id) VALUES (1475, (SELECT projects.end_date - INTERVAL 18 DAY FROM projects WHERE projects.id=43), 1, 1475, 1475);
INSERT INTO supporting_packages(id, option_list, package_count, order_id, project_package_id, supporting_project_id) VALUES (1475, '["CD"]', 3, 1475, 43, 1475);
INSERT INTO supporting_projects(supporting_project_id, supported_at, delivery_id, payment_id, project_id, user_id) VALUES (1476, (SELECT projects.end_date - INTERVAL 25 DAY FROM projects WHERE projects.id=43), 1476, 1476, 43, 12);
INSERT INTO orders (order_id, created_at, delivery_id, payment_id, supporting_project_id) VALUES (1476, (SELECT projects.end_date - INTERVAL 25 DAY FROM projects WHERE projects.id=43), 1, 1476, 1476);
INSERT INTO supporting_packages(id, option_list, package_count, order_id, project_package_id, supporting_project_id) VALUES (1476, '["디지털 다운로드"]', 4, 1476, 43, 1476);
INSERT INTO supporting_projects(supporting_project_id, supported_at, delivery_id, payment_id, project_id, user_id) VALUES (1477, (SELECT projects.end_date - INTERVAL 8 DAY FROM projects WHERE projects.id=43), 1477, 1477, 43, 18);
INSERT INTO orders (order_id, created_at, delivery_id, payment_id, supporting_project_id) VALUES (1477, (SELECT projects.end_date - INTERVAL 8 DAY FROM projects WHERE projects.id=43), 1, 1477, 1477);
INSERT INTO supporting_packages(id, option_list, package_count, order_id, project_package_id, supporting_project_id) VALUES (1477, '["LP"]', 4, 1477, 43, 1477);
INSERT INTO supporting_projects(supporting_project_id, supported_at, delivery_id, payment_id, project_id, user_id) VALUES (1478, (SELECT projects.end_date - INTERVAL 29 DAY FROM projects WHERE projects.id=43), 1478, 1478, 43, 16);
INSERT INTO orders (order_id, created_at, delivery_id, payment_id, supporting_project_id) VALUES (1478, (SELECT projects.end_date - INTERVAL 29 DAY FROM projects WHERE projects.id=43), 1, 1478, 1478);
INSERT INTO supporting_packages(id, option_list, package_count, order_id, project_package_id, supporting_project_id) VALUES (1478, '["CD"]', 4, 1478, 43, 1478);
INSERT INTO supporting_projects(supporting_project_id, supported_at, delivery_id, payment_id, project_id, user_id) VALUES (1479, (SELECT projects.end_date - INTERVAL 38 DAY FROM projects WHERE projects.id=43), 1479, 1479, 43, 9);
INSERT INTO orders (order_id, created_at, delivery_id, payment_id, supporting_project_id) VALUES (1479, (SELECT projects.end_date - INTERVAL 38 DAY FROM projects WHERE projects.id=43), 1, 1479, 1479);
INSERT INTO supporting_packages(id, option_list, package_count, order_id, project_package_id, supporting_project_id) VALUES (1479, '["디지털 다운로드"]', 9, 1479, 43, 1479);
INSERT INTO supporting_projects(supporting_project_id, supported_at, delivery_id, payment_id, project_id, user_id) VALUES (1480, (SELECT projects.end_date - INTERVAL 22 DAY FROM projects WHERE projects.id=43), 1480, 1480, 43, 37);
INSERT INTO orders (order_id, created_at, delivery_id, payment_id, supporting_project_id) VALUES (1480, (SELECT projects.end_date - INTERVAL 22 DAY FROM projects WHERE projects.id=43), 1, 1480, 1480);
INSERT INTO supporting_packages(id, option_list, package_count, order_id, project_package_id, supporting_project_id) VALUES (1480, '["LP"]', 9, 1480, 43, 1480);
INSERT INTO supporting_projects(supporting_project_id, supported_at, delivery_id, payment_id, project_id, user_id) VALUES (1481, (SELECT projects.end_date - INTERVAL 45 DAY FROM projects WHERE projects.id=43), 1481, 1481, 43, 30);
INSERT INTO orders (order_id, created_at, delivery_id, payment_id, supporting_project_id) VALUES (1481, (SELECT projects.end_date - INTERVAL 45 DAY FROM projects WHERE projects.id=43), 1, 1481, 1481);
INSERT INTO supporting_packages(id, option_list, package_count, order_id, project_package_id, supporting_project_id) VALUES (1481, '["디지털 다운로드"]', 10, 1481, 43, 1481);
INSERT INTO supporting_projects(supporting_project_id, supported_at, delivery_id, payment_id, project_id, user_id) VALUES (1482, (SELECT projects.end_date - INTERVAL 32 DAY FROM projects WHERE projects.id=43), 1482, 1482, 43, 2);
INSERT INTO orders (order_id, created_at, delivery_id, payment_id, supporting_project_id) VALUES (1482, (SELECT projects.end_date - INTERVAL 32 DAY FROM projects WHERE projects.id=43), 1, 1482, 1482);
INSERT INTO supporting_packages(id, option_list, package_count, order_id, project_package_id, supporting_project_id) VALUES (1482, '["LP"]', 7, 1482, 43, 1482);
INSERT INTO supporting_projects(supporting_project_id, supported_at, delivery_id, payment_id, project_id, user_id) VALUES (1483, (SELECT projects.end_date - INTERVAL 31 DAY FROM projects WHERE projects.id=43), 1483, 1483, 43, 7);
INSERT INTO orders (order_id, created_at, delivery_id, payment_id, supporting_project_id) VALUES (1483, (SELECT projects.end_date - INTERVAL 31 DAY FROM projects WHERE projects.id=43), 1, 1483, 1483);
INSERT INTO supporting_packages(id, option_list, package_count, order_id, project_package_id, supporting_project_id) VALUES (1483, '["LP"]', 2, 1483, 43, 1483);
INSERT INTO supporting_projects(supporting_project_id, supported_at, delivery_id, payment_id, project_id, user_id) VALUES (1484, (SELECT projects.end_date - INTERVAL 10 DAY FROM projects WHERE projects.id=43), 1484, 1484, 43, 14);
INSERT INTO orders (order_id, created_at, delivery_id, payment_id, supporting_project_id) VALUES (1484, (SELECT projects.end_date - INTERVAL 10 DAY FROM projects WHERE projects.id=43), 1, 1484, 1484);
INSERT INTO supporting_packages(id, option_list, package_count, order_id, project_package_id, supporting_project_id) VALUES (1484, '["디지털 다운로드"]', 6, 1484, 43, 1484);
INSERT INTO supporting_projects(supporting_project_id, supported_at, delivery_id, payment_id, project_id, user_id) VALUES (1485, (SELECT projects.end_date - INTERVAL 38 DAY FROM projects WHERE projects.id=43), 1485, 1485, 43, 30);
INSERT INTO orders (order_id, created_at, delivery_id, payment_id, supporting_project_id) VALUES (1485, (SELECT projects.end_date - INTERVAL 38 DAY FROM projects WHERE projects.id=43), 1, 1485, 1485);
INSERT INTO supporting_packages(id, option_list, package_count, order_id, project_package_id, supporting_project_id) VALUES (1485, '["디지털 다운로드"]', 4, 1485, 43, 1485);
INSERT INTO supporting_projects(supporting_project_id, supported_at, delivery_id, payment_id, project_id, user_id) VALUES (1486, (SELECT projects.end_date - INTERVAL 7 DAY FROM projects WHERE projects.id=43), 1486, 1486, 43, 27);
INSERT INTO orders (order_id, created_at, delivery_id, payment_id, supporting_project_id) VALUES (1486, (SELECT projects.end_date - INTERVAL 7 DAY FROM projects WHERE projects.id=43), 1, 1486, 1486);
INSERT INTO supporting_packages(id, option_list, package_count, order_id, project_package_id, supporting_project_id) VALUES (1486, '["디지털 다운로드"]', 5, 1486, 43, 1486);
INSERT INTO supporting_projects(supporting_project_id, supported_at, delivery_id, payment_id, project_id, user_id) VALUES (1487, (SELECT projects.end_date - INTERVAL 48 DAY FROM projects WHERE projects.id=43), 1487, 1487, 43, 24);
INSERT INTO orders (order_id, created_at, delivery_id, payment_id, supporting_project_id) VALUES (1487, (SELECT projects.end_date - INTERVAL 48 DAY FROM projects WHERE projects.id=43), 1, 1487, 1487);
INSERT INTO supporting_packages(id, option_list, package_count, order_id, project_package_id, supporting_project_id) VALUES (1487, '["CD"]', 8, 1487, 43, 1487);
INSERT INTO supporting_projects(supporting_project_id, supported_at, delivery_id, payment_id, project_id, user_id) VALUES (1488, (SELECT projects.end_date - INTERVAL 31 DAY FROM projects WHERE projects.id=43), 1488, 1488, 43, 7);
INSERT INTO orders (order_id, created_at, delivery_id, payment_id, supporting_project_id) VALUES (1488, (SELECT projects.end_date - INTERVAL 31 DAY FROM projects WHERE projects.id=43), 1, 1488, 1488);
INSERT INTO supporting_packages(id, option_list, package_count, order_id, project_package_id, supporting_project_id) VALUES (1488, '["디지털 다운로드"]', 1, 1488, 43, 1488);
INSERT INTO supporting_projects(supporting_project_id, supported_at, delivery_id, payment_id, project_id, user_id) VALUES (1489, (SELECT projects.end_date - INTERVAL 36 DAY FROM projects WHERE projects.id=43), 1489, 1489, 43, 14);
INSERT INTO orders (order_id, created_at, delivery_id, payment_id, supporting_project_id) VALUES (1489, (SELECT projects.end_date - INTERVAL 36 DAY FROM projects WHERE projects.id=43), 1, 1489, 1489);
INSERT INTO supporting_packages(id, option_list, package_count, order_id, project_package_id, supporting_project_id) VALUES (1489, '["LP"]', 10, 1489, 43, 1489);
INSERT INTO supporting_projects(supporting_project_id, supported_at, delivery_id, payment_id, project_id, user_id) VALUES (1490, (SELECT projects.end_date - INTERVAL 30 DAY FROM projects WHERE projects.id=43), 1490, 1490, 43, 34);
INSERT INTO orders (order_id, created_at, delivery_id, payment_id, supporting_project_id) VALUES (1490, (SELECT projects.end_date - INTERVAL 30 DAY FROM projects WHERE projects.id=43), 1, 1490, 1490);
INSERT INTO supporting_packages(id, option_list, package_count, order_id, project_package_id, supporting_project_id) VALUES (1490, '["CD"]', 5, 1490, 43, 1490);
INSERT INTO supporting_projects(supporting_project_id, supported_at, delivery_id, payment_id, project_id, user_id) VALUES (1491, (SELECT projects.end_date - INTERVAL 41 DAY FROM projects WHERE projects.id=43), 1491, 1491, 43, 34);
INSERT INTO orders (order_id, created_at, delivery_id, payment_id, supporting_project_id) VALUES (1491, (SELECT projects.end_date - INTERVAL 41 DAY FROM projects WHERE projects.id=43), 1, 1491, 1491);
INSERT INTO supporting_packages(id, option_list, package_count, order_id, project_package_id, supporting_project_id) VALUES (1491, '["LP"]', 2, 1491, 43, 1491);
INSERT INTO supporting_projects(supporting_project_id, supported_at, delivery_id, payment_id, project_id, user_id) VALUES (1492, (SELECT projects.end_date - INTERVAL 33 DAY FROM projects WHERE projects.id=43), 1492, 1492, 43, 20);
INSERT INTO orders (order_id, created_at, delivery_id, payment_id, supporting_project_id) VALUES (1492, (SELECT projects.end_date - INTERVAL 33 DAY FROM projects WHERE projects.id=43), 1, 1492, 1492);
INSERT INTO supporting_packages(id, option_list, package_count, order_id, project_package_id, supporting_project_id) VALUES (1492, '["LP"]', 9, 1492, 43, 1492);
INSERT INTO supporting_projects(supporting_project_id, supported_at, delivery_id, payment_id, project_id, user_id) VALUES (1493, (SELECT projects.end_date - INTERVAL 8 DAY FROM projects WHERE projects.id=43), 1493, 1493, 43, 20);
INSERT INTO orders (order_id, created_at, delivery_id, payment_id, supporting_project_id) VALUES (1493, (SELECT projects.end_date - INTERVAL 8 DAY FROM projects WHERE projects.id=43), 1, 1493, 1493);
INSERT INTO supporting_packages(id, option_list, package_count, order_id, project_package_id, supporting_project_id) VALUES (1493, '["디지털 다운로드"]', 7, 1493, 43, 1493);
INSERT INTO supporting_projects(supporting_project_id, supported_at, delivery_id, payment_id, project_id, user_id) VALUES (1494, (SELECT projects.end_date - INTERVAL 28 DAY FROM projects WHERE projects.id=43), 1494, 1494, 43, 15);
INSERT INTO orders (order_id, created_at, delivery_id, payment_id, supporting_project_id) VALUES (1494, (SELECT projects.end_date - INTERVAL 28 DAY FROM projects WHERE projects.id=43), 1, 1494, 1494);
INSERT INTO supporting_packages(id, option_list, package_count, order_id, project_package_id, supporting_project_id) VALUES (1494, '["CD"]', 4, 1494, 43, 1494);
INSERT INTO supporting_projects(supporting_project_id, supported_at, delivery_id, payment_id, project_id, user_id) VALUES (1495, (SELECT projects.end_date - INTERVAL 25 DAY FROM projects WHERE projects.id=43), 1495, 1495, 43, 26);
INSERT INTO orders (order_id, created_at, delivery_id, payment_id, supporting_project_id) VALUES (1495, (SELECT projects.end_date - INTERVAL 25 DAY FROM projects WHERE projects.id=43), 1, 1495, 1495);
INSERT INTO supporting_packages(id, option_list, package_count, order_id, project_package_id, supporting_project_id) VALUES (1495, '["CD"]', 8, 1495, 43, 1495);
INSERT INTO supporting_projects(supporting_project_id, supported_at, delivery_id, payment_id, project_id, user_id) VALUES (1496, (SELECT projects.end_date - INTERVAL 8 DAY FROM projects WHERE projects.id=43), 1496, 1496, 43, 33);
INSERT INTO orders (order_id, created_at, delivery_id, payment_id, supporting_project_id) VALUES (1496, (SELECT projects.end_date - INTERVAL 8 DAY FROM projects WHERE projects.id=43), 1, 1496, 1496);
INSERT INTO supporting_packages(id, option_list, package_count, order_id, project_package_id, supporting_project_id) VALUES (1496, '["CD"]', 10, 1496, 43, 1496);
INSERT INTO supporting_projects(supporting_project_id, supported_at, delivery_id, payment_id, project_id, user_id) VALUES (1497, (SELECT projects.end_date - INTERVAL 27 DAY FROM projects WHERE projects.id=43), 1497, 1497, 43, 18);
INSERT INTO orders (order_id, created_at, delivery_id, payment_id, supporting_project_id) VALUES (1497, (SELECT projects.end_date - INTERVAL 27 DAY FROM projects WHERE projects.id=43), 1, 1497, 1497);
INSERT INTO supporting_packages(id, option_list, package_count, order_id, project_package_id, supporting_project_id) VALUES (1497, '["CD"]', 9, 1497, 43, 1497);
INSERT INTO supporting_projects(supporting_project_id, supported_at, delivery_id, payment_id, project_id, user_id) VALUES (1498, (SELECT projects.end_date - INTERVAL 35 DAY FROM projects WHERE projects.id=43), 1498, 1498, 43, 35);
INSERT INTO orders (order_id, created_at, delivery_id, payment_id, supporting_project_id) VALUES (1498, (SELECT projects.end_date - INTERVAL 35 DAY FROM projects WHERE projects.id=43), 1, 1498, 1498);
INSERT INTO supporting_packages(id, option_list, package_count, order_id, project_package_id, supporting_project_id) VALUES (1498, '["LP"]', 6, 1498, 43, 1498);
INSERT INTO supporting_projects(supporting_project_id, supported_at, delivery_id, payment_id, project_id, user_id) VALUES (1499, (SELECT projects.end_date - INTERVAL 34 DAY FROM projects WHERE projects.id=43), 1499, 1499, 43, 11);
INSERT INTO orders (order_id, created_at, delivery_id, payment_id, supporting_project_id) VALUES (1499, (SELECT projects.end_date - INTERVAL 34 DAY FROM projects WHERE projects.id=43), 1, 1499, 1499);
INSERT INTO supporting_packages(id, option_list, package_count, order_id, project_package_id, supporting_project_id) VALUES (1499, '["LP"]', 6, 1499, 43, 1499);
INSERT INTO supporting_projects(supporting_project_id, supported_at, delivery_id, payment_id, project_id, user_id) VALUES (1500, (SELECT projects.end_date - INTERVAL 27 DAY FROM projects WHERE projects.id=43), 1500, 1500, 43, 13);
INSERT INTO orders (order_id, created_at, delivery_id, payment_id, supporting_project_id) VALUES (1500, (SELECT projects.end_date - INTERVAL 27 DAY FROM projects WHERE projects.id=43), 1, 1500, 1500);
INSERT INTO supporting_packages(id, option_list, package_count, order_id, project_package_id, supporting_project_id) VALUES (1500, '["LP"]', 3, 1500, 43, 1500);
INSERT INTO supporting_projects(supporting_project_id, supported_at, delivery_id, payment_id, project_id, user_id) VALUES (1501, (SELECT projects.end_date - INTERVAL 27 DAY FROM projects WHERE projects.id=43), 1501, 1501, 43, 17);
INSERT INTO orders (order_id, created_at, delivery_id, payment_id, supporting_project_id) VALUES (1501, (SELECT projects.end_date - INTERVAL 27 DAY FROM projects WHERE projects.id=43), 1, 1501, 1501);
INSERT INTO supporting_packages(id, option_list, package_count, order_id, project_package_id, supporting_project_id) VALUES (1501, '["LP"]', 5, 1501, 43, 1501);
INSERT INTO supporting_projects(supporting_project_id, supported_at, delivery_id, payment_id, project_id, user_id) VALUES (1502, (SELECT projects.end_date - INTERVAL 31 DAY FROM projects WHERE projects.id=43), 1502, 1502, 43, 28);
INSERT INTO orders (order_id, created_at, delivery_id, payment_id, supporting_project_id) VALUES (1502, (SELECT projects.end_date - INTERVAL 31 DAY FROM projects WHERE projects.id=43), 1, 1502, 1502);
INSERT INTO supporting_packages(id, option_list, package_count, order_id, project_package_id, supporting_project_id) VALUES (1502, '["LP"]', 6, 1502, 43, 1502);
INSERT INTO supporting_projects(supporting_project_id, supported_at, delivery_id, payment_id, project_id, user_id) VALUES (1503, (SELECT projects.end_date - INTERVAL 30 DAY FROM projects WHERE projects.id=43), 1503, 1503, 43, 10);
INSERT INTO orders (order_id, created_at, delivery_id, payment_id, supporting_project_id) VALUES (1503, (SELECT projects.end_date - INTERVAL 30 DAY FROM projects WHERE projects.id=43), 1, 1503, 1503);
INSERT INTO supporting_packages(id, option_list, package_count, order_id, project_package_id, supporting_project_id) VALUES (1503, '["디지털 다운로드"]', 9, 1503, 43, 1503);
INSERT INTO supporting_projects(supporting_project_id, supported_at, delivery_id, payment_id, project_id, user_id) VALUES (1504, (SELECT projects.end_date - INTERVAL 26 DAY FROM projects WHERE projects.id=43), 1504, 1504, 43, 4);
INSERT INTO orders (order_id, created_at, delivery_id, payment_id, supporting_project_id) VALUES (1504, (SELECT projects.end_date - INTERVAL 26 DAY FROM projects WHERE projects.id=43), 1, 1504, 1504);
INSERT INTO supporting_packages(id, option_list, package_count, order_id, project_package_id, supporting_project_id) VALUES (1504, '["CD"]', 6, 1504, 43, 1504);
INSERT INTO supporting_projects(supporting_project_id, supported_at, delivery_id, payment_id, project_id, user_id) VALUES (1505, (SELECT projects.end_date - INTERVAL 40 DAY FROM projects WHERE projects.id=43), 1505, 1505, 43, 1);
INSERT INTO orders (order_id, created_at, delivery_id, payment_id, supporting_project_id) VALUES (1505, (SELECT projects.end_date - INTERVAL 40 DAY FROM projects WHERE projects.id=43), 1, 1505, 1505);
INSERT INTO supporting_packages(id, option_list, package_count, order_id, project_package_id, supporting_project_id) VALUES (1505, '["CD"]', 5, 1505, 43, 1505);
INSERT INTO supporting_projects(supporting_project_id, supported_at, delivery_id, payment_id, project_id, user_id) VALUES (1506, (SELECT projects.end_date - INTERVAL 29 DAY FROM projects WHERE projects.id=43), 1506, 1506, 43, 24);
INSERT INTO orders (order_id, created_at, delivery_id, payment_id, supporting_project_id) VALUES (1506, (SELECT projects.end_date - INTERVAL 29 DAY FROM projects WHERE projects.id=43), 1, 1506, 1506);
INSERT INTO supporting_packages(id, option_list, package_count, order_id, project_package_id, supporting_project_id) VALUES (1506, '["디지털 다운로드"]', 1, 1506, 43, 1506);
INSERT INTO supporting_projects(supporting_project_id, supported_at, delivery_id, payment_id, project_id, user_id) VALUES (1507, (SELECT projects.end_date - INTERVAL 22 DAY FROM projects WHERE projects.id=43), 1507, 1507, 43, 36);
INSERT INTO orders (order_id, created_at, delivery_id, payment_id, supporting_project_id) VALUES (1507, (SELECT projects.end_date - INTERVAL 22 DAY FROM projects WHERE projects.id=43), 1, 1507, 1507);
INSERT INTO supporting_packages(id, option_list, package_count, order_id, project_package_id, supporting_project_id) VALUES (1507, '["디지털 다운로드"]', 9, 1507, 43, 1507);
INSERT INTO supporting_projects(supporting_project_id, supported_at, delivery_id, payment_id, project_id, user_id) VALUES (1508, (SELECT projects.end_date - INTERVAL 44 DAY FROM projects WHERE projects.id=43), 1508, 1508, 43, 33);
INSERT INTO orders (order_id, created_at, delivery_id, payment_id, supporting_project_id) VALUES (1508, (SELECT projects.end_date - INTERVAL 44 DAY FROM projects WHERE projects.id=43), 1, 1508, 1508);
INSERT INTO supporting_packages(id, option_list, package_count, order_id, project_package_id, supporting_project_id) VALUES (1508, '["디지털 다운로드"]', 3, 1508, 43, 1508);
INSERT INTO supporting_projects(supporting_project_id, supported_at, delivery_id, payment_id, project_id, user_id) VALUES (1509, (SELECT projects.end_date - INTERVAL 29 DAY FROM projects WHERE projects.id=43), 1509, 1509, 43, 37);
INSERT INTO orders (order_id, created_at, delivery_id, payment_id, supporting_project_id) VALUES (1509, (SELECT projects.end_date - INTERVAL 29 DAY FROM projects WHERE projects.id=43), 1, 1509, 1509);
INSERT INTO supporting_packages(id, option_list, package_count, order_id, project_package_id, supporting_project_id) VALUES (1509, '["LP"]', 5, 1509, 43, 1509);
INSERT INTO supporting_projects(supporting_project_id, supported_at, delivery_id, payment_id, project_id, user_id) VALUES (1510, (SELECT projects.end_date - INTERVAL 25 DAY FROM projects WHERE projects.id=43), 1510, 1510, 43, 38);
INSERT INTO orders (order_id, created_at, delivery_id, payment_id, supporting_project_id) VALUES (1510, (SELECT projects.end_date - INTERVAL 25 DAY FROM projects WHERE projects.id=43), 1, 1510, 1510);
INSERT INTO supporting_packages(id, option_list, package_count, order_id, project_package_id, supporting_project_id) VALUES (1510, '["CD"]', 5, 1510, 43, 1510);
INSERT INTO supporting_projects(supporting_project_id, supported_at, delivery_id, payment_id, project_id, user_id) VALUES (1511, (SELECT projects.end_date - INTERVAL 35 DAY FROM projects WHERE projects.id=43), 1511, 1511, 43, 30);
INSERT INTO orders (order_id, created_at, delivery_id, payment_id, supporting_project_id) VALUES (1511, (SELECT projects.end_date - INTERVAL 35 DAY FROM projects WHERE projects.id=43), 1, 1511, 1511);
INSERT INTO supporting_packages(id, option_list, package_count, order_id, project_package_id, supporting_project_id) VALUES (1511, '["CD"]', 7, 1511, 43, 1511);
INSERT INTO supporting_projects(supporting_project_id, supported_at, delivery_id, payment_id, project_id, user_id) VALUES (1512, (SELECT projects.end_date - INTERVAL 17 DAY FROM projects WHERE projects.id=43), 1512, 1512, 43, 37);
INSERT INTO orders (order_id, created_at, delivery_id, payment_id, supporting_project_id) VALUES (1512, (SELECT projects.end_date - INTERVAL 17 DAY FROM projects WHERE projects.id=43), 1, 1512, 1512);
INSERT INTO supporting_packages(id, option_list, package_count, order_id, project_package_id, supporting_project_id) VALUES (1512, '["CD"]', 1, 1512, 43, 1512);
INSERT INTO supporting_projects(supporting_project_id, supported_at, delivery_id, payment_id, project_id, user_id) VALUES (1513, (SELECT projects.end_date - INTERVAL 15 DAY FROM projects WHERE projects.id=43), 1513, 1513, 43, 40);
INSERT INTO orders (order_id, created_at, delivery_id, payment_id, supporting_project_id) VALUES (1513, (SELECT projects.end_date - INTERVAL 15 DAY FROM projects WHERE projects.id=43), 1, 1513, 1513);
INSERT INTO supporting_packages(id, option_list, package_count, order_id, project_package_id, supporting_project_id) VALUES (1513, '["디지털 다운로드"]', 8, 1513, 43, 1513);
INSERT INTO supporting_projects(supporting_project_id, supported_at, delivery_id, payment_id, project_id, user_id) VALUES (1514, (SELECT projects.end_date - INTERVAL 35 DAY FROM projects WHERE projects.id=43), 1514, 1514, 43, 7);
INSERT INTO orders (order_id, created_at, delivery_id, payment_id, supporting_project_id) VALUES (1514, (SELECT projects.end_date - INTERVAL 35 DAY FROM projects WHERE projects.id=43), 1, 1514, 1514);
INSERT INTO supporting_packages(id, option_list, package_count, order_id, project_package_id, supporting_project_id) VALUES (1514, '["디지털 다운로드"]', 9, 1514, 43, 1514);
INSERT INTO supporting_projects(supporting_project_id, supported_at, delivery_id, payment_id, project_id, user_id) VALUES (1515, (SELECT projects.end_date - INTERVAL 18 DAY FROM projects WHERE projects.id=43), 1515, 1515, 43, 5);
INSERT INTO orders (order_id, created_at, delivery_id, payment_id, supporting_project_id) VALUES (1515, (SELECT projects.end_date - INTERVAL 18 DAY FROM projects WHERE projects.id=43), 1, 1515, 1515);
INSERT INTO supporting_packages(id, option_list, package_count, order_id, project_package_id, supporting_project_id) VALUES (1515, '["LP"]', 7, 1515, 43, 1515);
INSERT INTO supporting_projects(supporting_project_id, supported_at, delivery_id, payment_id, project_id, user_id) VALUES (1516, (SELECT projects.end_date - INTERVAL 28 DAY FROM projects WHERE projects.id=43), 1516, 1516, 43, 21);
INSERT INTO orders (order_id, created_at, delivery_id, payment_id, supporting_project_id) VALUES (1516, (SELECT projects.end_date - INTERVAL 28 DAY FROM projects WHERE projects.id=43), 1, 1516, 1516);
INSERT INTO supporting_packages(id, option_list, package_count, order_id, project_package_id, supporting_project_id) VALUES (1516, '["CD"]', 3, 1516, 43, 1516);
INSERT INTO supporting_projects(supporting_project_id, supported_at, delivery_id, payment_id, project_id, user_id) VALUES (1517, (SELECT projects.end_date - INTERVAL 26 DAY FROM projects WHERE projects.id=43), 1517, 1517, 43, 37);
INSERT INTO orders (order_id, created_at, delivery_id, payment_id, supporting_project_id) VALUES (1517, (SELECT projects.end_date - INTERVAL 26 DAY FROM projects WHERE projects.id=43), 1, 1517, 1517);
INSERT INTO supporting_packages(id, option_list, package_count, order_id, project_package_id, supporting_project_id) VALUES (1517, '["LP"]', 3, 1517, 43, 1517);
INSERT INTO supporting_projects(supporting_project_id, supported_at, delivery_id, payment_id, project_id, user_id) VALUES (1518, (SELECT projects.end_date - INTERVAL 16 DAY FROM projects WHERE projects.id=43), 1518, 1518, 43, 12);
INSERT INTO orders (order_id, created_at, delivery_id, payment_id, supporting_project_id) VALUES (1518, (SELECT projects.end_date - INTERVAL 16 DAY FROM projects WHERE projects.id=43), 1, 1518, 1518);
INSERT INTO supporting_packages(id, option_list, package_count, order_id, project_package_id, supporting_project_id) VALUES (1518, '["LP"]', 4, 1518, 43, 1518);
INSERT INTO supporting_projects(supporting_project_id, supported_at, delivery_id, payment_id, project_id, user_id) VALUES (1519, (SELECT projects.end_date - INTERVAL 24 DAY FROM projects WHERE projects.id=43), 1519, 1519, 43, 38);
INSERT INTO orders (order_id, created_at, delivery_id, payment_id, supporting_project_id) VALUES (1519, (SELECT projects.end_date - INTERVAL 24 DAY FROM projects WHERE projects.id=43), 1, 1519, 1519);
INSERT INTO supporting_packages(id, option_list, package_count, order_id, project_package_id, supporting_project_id) VALUES (1519, '["디지털 다운로드"]', 6, 1519, 43, 1519);
INSERT INTO supporting_projects(supporting_project_id, supported_at, delivery_id, payment_id, project_id, user_id) VALUES (1520, (SELECT projects.end_date - INTERVAL 43 DAY FROM projects WHERE projects.id=43), 1520, 1520, 43, 12);
INSERT INTO orders (order_id, created_at, delivery_id, payment_id, supporting_project_id) VALUES (1520, (SELECT projects.end_date - INTERVAL 43 DAY FROM projects WHERE projects.id=43), 1, 1520, 1520);
INSERT INTO supporting_packages(id, option_list, package_count, order_id, project_package_id, supporting_project_id) VALUES (1520, '["디지털 다운로드"]', 6, 1520, 43, 1520);
INSERT INTO supporting_projects(supporting_project_id, supported_at, delivery_id, payment_id, project_id, user_id) VALUES (1521, (SELECT projects.end_date - INTERVAL 20 DAY FROM projects WHERE projects.id=43), 1521, 1521, 43, 10);
INSERT INTO orders (order_id, created_at, delivery_id, payment_id, supporting_project_id) VALUES (1521, (SELECT projects.end_date - INTERVAL 20 DAY FROM projects WHERE projects.id=43), 1, 1521, 1521);
INSERT INTO supporting_packages(id, option_list, package_count, order_id, project_package_id, supporting_project_id) VALUES (1521, '["LP"]', 8, 1521, 43, 1521);
INSERT INTO supporting_projects(supporting_project_id, supported_at, delivery_id, payment_id, project_id, user_id) VALUES (1522, (SELECT projects.end_date - INTERVAL 44 DAY FROM projects WHERE projects.id=43), 1522, 1522, 43, 13);
INSERT INTO orders (order_id, created_at, delivery_id, payment_id, supporting_project_id) VALUES (1522, (SELECT projects.end_date - INTERVAL 44 DAY FROM projects WHERE projects.id=43), 1, 1522, 1522);
INSERT INTO supporting_packages(id, option_list, package_count, order_id, project_package_id, supporting_project_id) VALUES (1522, '["CD"]', 5, 1522, 43, 1522);
INSERT INTO supporting_projects(supporting_project_id, supported_at, delivery_id, payment_id, project_id, user_id) VALUES (1523, (SELECT projects.end_date - INTERVAL 13 DAY FROM projects WHERE projects.id=43), 1523, 1523, 43, 22);
INSERT INTO orders (order_id, created_at, delivery_id, payment_id, supporting_project_id) VALUES (1523, (SELECT projects.end_date - INTERVAL 13 DAY FROM projects WHERE projects.id=43), 1, 1523, 1523);
INSERT INTO supporting_packages(id, option_list, package_count, order_id, project_package_id, supporting_project_id) VALUES (1523, '["LP"]', 7, 1523, 43, 1523);
INSERT INTO supporting_projects(supporting_project_id, supported_at, delivery_id, payment_id, project_id, user_id) VALUES (1524, (SELECT projects.end_date - INTERVAL 39 DAY FROM projects WHERE projects.id=43), 1524, 1524, 43, 36);
INSERT INTO orders (order_id, created_at, delivery_id, payment_id, supporting_project_id) VALUES (1524, (SELECT projects.end_date - INTERVAL 39 DAY FROM projects WHERE projects.id=43), 1, 1524, 1524);
INSERT INTO supporting_packages(id, option_list, package_count, order_id, project_package_id, supporting_project_id) VALUES (1524, '["LP"]', 3, 1524, 43, 1524);
INSERT INTO supporting_projects(supporting_project_id, supported_at, delivery_id, payment_id, project_id, user_id) VALUES (1525, (SELECT projects.end_date - INTERVAL 38 DAY FROM projects WHERE projects.id=43), 1525, 1525, 43, 26);
INSERT INTO orders (order_id, created_at, delivery_id, payment_id, supporting_project_id) VALUES (1525, (SELECT projects.end_date - INTERVAL 38 DAY FROM projects WHERE projects.id=43), 1, 1525, 1525);
INSERT INTO supporting_packages(id, option_list, package_count, order_id, project_package_id, supporting_project_id) VALUES (1525, '["디지털 다운로드"]', 1, 1525, 43, 1525);
INSERT INTO supporting_projects(supporting_project_id, supported_at, delivery_id, payment_id, project_id, user_id) VALUES (1526, (SELECT projects.end_date - INTERVAL 48 DAY FROM projects WHERE projects.id=43), 1526, 1526, 43, 16);
INSERT INTO orders (order_id, created_at, delivery_id, payment_id, supporting_project_id) VALUES (1526, (SELECT projects.end_date - INTERVAL 48 DAY FROM projects WHERE projects.id=43), 1, 1526, 1526);
INSERT INTO supporting_packages(id, option_list, package_count, order_id, project_package_id, supporting_project_id) VALUES (1526, '["LP"]', 9, 1526, 43, 1526);
INSERT INTO supporting_projects(supporting_project_id, supported_at, delivery_id, payment_id, project_id, user_id) VALUES (1527, (SELECT projects.end_date - INTERVAL 33 DAY FROM projects WHERE projects.id=43), 1527, 1527, 43, 17);
INSERT INTO orders (order_id, created_at, delivery_id, payment_id, supporting_project_id) VALUES (1527, (SELECT projects.end_date - INTERVAL 33 DAY FROM projects WHERE projects.id=43), 1, 1527, 1527);
INSERT INTO supporting_packages(id, option_list, package_count, order_id, project_package_id, supporting_project_id) VALUES (1527, '["LP"]', 10, 1527, 43, 1527);
INSERT INTO supporting_projects(supporting_project_id, supported_at, delivery_id, payment_id, project_id, user_id) VALUES (1528, (SELECT projects.end_date - INTERVAL 21 DAY FROM projects WHERE projects.id=43), 1528, 1528, 43, 17);
INSERT INTO orders (order_id, created_at, delivery_id, payment_id, supporting_project_id) VALUES (1528, (SELECT projects.end_date - INTERVAL 21 DAY FROM projects WHERE projects.id=43), 1, 1528, 1528);
INSERT INTO supporting_packages(id, option_list, package_count, order_id, project_package_id, supporting_project_id) VALUES (1528, '["LP"]', 1, 1528, 43, 1528);
INSERT INTO supporting_projects(supporting_project_id, supported_at, delivery_id, payment_id, project_id, user_id) VALUES (1529, (SELECT projects.end_date - INTERVAL 17 DAY FROM projects WHERE projects.id=43), 1529, 1529, 43, 36);
INSERT INTO orders (order_id, created_at, delivery_id, payment_id, supporting_project_id) VALUES (1529, (SELECT projects.end_date - INTERVAL 17 DAY FROM projects WHERE projects.id=43), 1, 1529, 1529);
INSERT INTO supporting_packages(id, option_list, package_count, order_id, project_package_id, supporting_project_id) VALUES (1529, '["디지털 다운로드"]', 2, 1529, 43, 1529);
INSERT INTO supporting_projects(supporting_project_id, supported_at, delivery_id, payment_id, project_id, user_id) VALUES (1530, (SELECT projects.end_date - INTERVAL 26 DAY FROM projects WHERE projects.id=43), 1530, 1530, 43, 17);
INSERT INTO orders (order_id, created_at, delivery_id, payment_id, supporting_project_id) VALUES (1530, (SELECT projects.end_date - INTERVAL 26 DAY FROM projects WHERE projects.id=43), 1, 1530, 1530);
INSERT INTO supporting_packages(id, option_list, package_count, order_id, project_package_id, supporting_project_id) VALUES (1530, '["LP"]', 4, 1530, 43, 1530);
INSERT INTO supporting_projects(supporting_project_id, supported_at, delivery_id, payment_id, project_id, user_id) VALUES (1531, (SELECT projects.end_date - INTERVAL 23 DAY FROM projects WHERE projects.id=43), 1531, 1531, 43, 28);
INSERT INTO orders (order_id, created_at, delivery_id, payment_id, supporting_project_id) VALUES (1531, (SELECT projects.end_date - INTERVAL 23 DAY FROM projects WHERE projects.id=43), 1, 1531, 1531);
INSERT INTO supporting_packages(id, option_list, package_count, order_id, project_package_id, supporting_project_id) VALUES (1531, '["CD"]', 1, 1531, 43, 1531);
INSERT INTO supporting_projects(supporting_project_id, supported_at, delivery_id, payment_id, project_id, user_id) VALUES (1532, (SELECT projects.end_date - INTERVAL 45 DAY FROM projects WHERE projects.id=43), 1532, 1532, 43, 2);
INSERT INTO orders (order_id, created_at, delivery_id, payment_id, supporting_project_id) VALUES (1532, (SELECT projects.end_date - INTERVAL 45 DAY FROM projects WHERE projects.id=43), 1, 1532, 1532);
INSERT INTO supporting_packages(id, option_list, package_count, order_id, project_package_id, supporting_project_id) VALUES (1532, '["LP"]', 4, 1532, 43, 1532);
INSERT INTO supporting_projects(supporting_project_id, supported_at, delivery_id, payment_id, project_id, user_id) VALUES (1533, (SELECT projects.end_date - INTERVAL 28 DAY FROM projects WHERE projects.id=43), 1533, 1533, 43, 28);
INSERT INTO orders (order_id, created_at, delivery_id, payment_id, supporting_project_id) VALUES (1533, (SELECT projects.end_date - INTERVAL 28 DAY FROM projects WHERE projects.id=43), 1, 1533, 1533);
INSERT INTO supporting_packages(id, option_list, package_count, order_id, project_package_id, supporting_project_id) VALUES (1533, '["CD"]', 8, 1533, 43, 1533);
INSERT INTO supporting_projects(supporting_project_id, supported_at, delivery_id, payment_id, project_id, user_id) VALUES (1534, (SELECT projects.end_date - INTERVAL 17 DAY FROM projects WHERE projects.id=43), 1534, 1534, 43, 15);
INSERT INTO orders (order_id, created_at, delivery_id, payment_id, supporting_project_id) VALUES (1534, (SELECT projects.end_date - INTERVAL 17 DAY FROM projects WHERE projects.id=43), 1, 1534, 1534);
INSERT INTO supporting_packages(id, option_list, package_count, order_id, project_package_id, supporting_project_id) VALUES (1534, '["디지털 다운로드"]', 7, 1534, 43, 1534);
INSERT INTO supporting_projects(supporting_project_id, supported_at, delivery_id, payment_id, project_id, user_id) VALUES (1535, (SELECT projects.end_date - INTERVAL 45 DAY FROM projects WHERE projects.id=43), 1535, 1535, 43, 34);
INSERT INTO orders (order_id, created_at, delivery_id, payment_id, supporting_project_id) VALUES (1535, (SELECT projects.end_date - INTERVAL 45 DAY FROM projects WHERE projects.id=43), 1, 1535, 1535);
INSERT INTO supporting_packages(id, option_list, package_count, order_id, project_package_id, supporting_project_id) VALUES (1535, '["디지털 다운로드"]', 6, 1535, 43, 1535);
INSERT INTO supporting_projects(supporting_project_id, supported_at, delivery_id, payment_id, project_id, user_id) VALUES (1536, (SELECT projects.end_date - INTERVAL 30 DAY FROM projects WHERE projects.id=43), 1536, 1536, 43, 17);
INSERT INTO orders (order_id, created_at, delivery_id, payment_id, supporting_project_id) VALUES (1536, (SELECT projects.end_date - INTERVAL 30 DAY FROM projects WHERE projects.id=43), 1, 1536, 1536);
INSERT INTO supporting_packages(id, option_list, package_count, order_id, project_package_id, supporting_project_id) VALUES (1536, '["LP"]', 2, 1536, 43, 1536);
INSERT INTO supporting_projects(supporting_project_id, supported_at, delivery_id, payment_id, project_id, user_id) VALUES (1537, (SELECT projects.end_date - INTERVAL 24 DAY FROM projects WHERE projects.id=43), 1537, 1537, 43, 15);
INSERT INTO orders (order_id, created_at, delivery_id, payment_id, supporting_project_id) VALUES (1537, (SELECT projects.end_date - INTERVAL 24 DAY FROM projects WHERE projects.id=43), 1, 1537, 1537);
INSERT INTO supporting_packages(id, option_list, package_count, order_id, project_package_id, supporting_project_id) VALUES (1537, '["디지털 다운로드"]', 6, 1537, 43, 1537);
INSERT INTO supporting_projects(supporting_project_id, supported_at, delivery_id, payment_id, project_id, user_id) VALUES (1538, (SELECT projects.end_date - INTERVAL 40 DAY FROM projects WHERE projects.id=43), 1538, 1538, 43, 6);
INSERT INTO orders (order_id, created_at, delivery_id, payment_id, supporting_project_id) VALUES (1538, (SELECT projects.end_date - INTERVAL 40 DAY FROM projects WHERE projects.id=43), 1, 1538, 1538);
INSERT INTO supporting_packages(id, option_list, package_count, order_id, project_package_id, supporting_project_id) VALUES (1538, '["LP"]', 10, 1538, 43, 1538);
INSERT INTO supporting_projects(supporting_project_id, supported_at, delivery_id, payment_id, project_id, user_id) VALUES (1539, (SELECT projects.end_date - INTERVAL 44 DAY FROM projects WHERE projects.id=43), 1539, 1539, 43, 7);
INSERT INTO orders (order_id, created_at, delivery_id, payment_id, supporting_project_id) VALUES (1539, (SELECT projects.end_date - INTERVAL 44 DAY FROM projects WHERE projects.id=43), 1, 1539, 1539);
INSERT INTO supporting_packages(id, option_list, package_count, order_id, project_package_id, supporting_project_id) VALUES (1539, '["CD"]', 1, 1539, 43, 1539);
INSERT INTO supporting_projects(supporting_project_id, supported_at, delivery_id, payment_id, project_id, user_id) VALUES (1540, (SELECT projects.end_date - INTERVAL 46 DAY FROM projects WHERE projects.id=43), 1540, 1540, 43, 4);
INSERT INTO orders (order_id, created_at, delivery_id, payment_id, supporting_project_id) VALUES (1540, (SELECT projects.end_date - INTERVAL 46 DAY FROM projects WHERE projects.id=43), 1, 1540, 1540);
INSERT INTO supporting_packages(id, option_list, package_count, order_id, project_package_id, supporting_project_id) VALUES (1540, '["CD"]', 2, 1540, 43, 1540);
INSERT INTO supporting_projects(supporting_project_id, supported_at, delivery_id, payment_id, project_id, user_id) VALUES (1541, (SELECT projects.end_date - INTERVAL 9 DAY FROM projects WHERE projects.id=43), 1541, 1541, 43, 1);
INSERT INTO orders (order_id, created_at, delivery_id, payment_id, supporting_project_id) VALUES (1541, (SELECT projects.end_date - INTERVAL 9 DAY FROM projects WHERE projects.id=43), 1, 1541, 1541);
INSERT INTO supporting_packages(id, option_list, package_count, order_id, project_package_id, supporting_project_id) VALUES (1541, '["CD"]', 9, 1541, 43, 1541);
INSERT INTO supporting_projects(supporting_project_id, supported_at, delivery_id, payment_id, project_id, user_id) VALUES (1542, (SELECT projects.end_date - INTERVAL 14 DAY FROM projects WHERE projects.id=43), 1542, 1542, 43, 15);
INSERT INTO orders (order_id, created_at, delivery_id, payment_id, supporting_project_id) VALUES (1542, (SELECT projects.end_date - INTERVAL 14 DAY FROM projects WHERE projects.id=43), 1, 1542, 1542);
INSERT INTO supporting_packages(id, option_list, package_count, order_id, project_package_id, supporting_project_id) VALUES (1542, '["디지털 다운로드"]', 7, 1542, 43, 1542);
INSERT INTO supporting_projects(supporting_project_id, supported_at, delivery_id, payment_id, project_id, user_id) VALUES (1543, (SELECT projects.end_date - INTERVAL 44 DAY FROM projects WHERE projects.id=43), 1543, 1543, 43, 4);
INSERT INTO orders (order_id, created_at, delivery_id, payment_id, supporting_project_id) VALUES (1543, (SELECT projects.end_date - INTERVAL 44 DAY FROM projects WHERE projects.id=43), 1, 1543, 1543);
INSERT INTO supporting_packages(id, option_list, package_count, order_id, project_package_id, supporting_project_id) VALUES (1543, '["CD"]', 8, 1543, 43, 1543);
INSERT INTO supporting_projects(supporting_project_id, supported_at, delivery_id, payment_id, project_id, user_id) VALUES (1544, (SELECT projects.end_date - INTERVAL 30 DAY FROM projects WHERE projects.id=43), 1544, 1544, 43, 1);
INSERT INTO orders (order_id, created_at, delivery_id, payment_id, supporting_project_id) VALUES (1544, (SELECT projects.end_date - INTERVAL 30 DAY FROM projects WHERE projects.id=43), 1, 1544, 1544);
INSERT INTO supporting_packages(id, option_list, package_count, order_id, project_package_id, supporting_project_id) VALUES (1544, '["CD"]', 6, 1544, 43, 1544);
INSERT INTO supporting_projects(supporting_project_id, supported_at, delivery_id, payment_id, project_id, user_id) VALUES (1545, (SELECT projects.end_date - INTERVAL 41 DAY FROM projects WHERE projects.id=43), 1545, 1545, 43, 16);
INSERT INTO orders (order_id, created_at, delivery_id, payment_id, supporting_project_id) VALUES (1545, (SELECT projects.end_date - INTERVAL 41 DAY FROM projects WHERE projects.id=43), 1, 1545, 1545);
INSERT INTO supporting_packages(id, option_list, package_count, order_id, project_package_id, supporting_project_id) VALUES (1545, '["디지털 다운로드"]', 7, 1545, 43, 1545);
INSERT INTO supporting_projects(supporting_project_id, supported_at, delivery_id, payment_id, project_id, user_id) VALUES (1546, (SELECT projects.end_date - INTERVAL 23 DAY FROM projects WHERE projects.id=43), 1546, 1546, 43, 11);
INSERT INTO orders (order_id, created_at, delivery_id, payment_id, supporting_project_id) VALUES (1546, (SELECT projects.end_date - INTERVAL 23 DAY FROM projects WHERE projects.id=43), 1, 1546, 1546);
INSERT INTO supporting_packages(id, option_list, package_count, order_id, project_package_id, supporting_project_id) VALUES (1546, '["LP"]', 3, 1546, 43, 1546);
INSERT INTO supporting_projects(supporting_project_id, supported_at, delivery_id, payment_id, project_id, user_id) VALUES (1547, (SELECT projects.end_date - INTERVAL 9 DAY FROM projects WHERE projects.id=43), 1547, 1547, 43, 22);
INSERT INTO orders (order_id, created_at, delivery_id, payment_id, supporting_project_id) VALUES (1547, (SELECT projects.end_date - INTERVAL 9 DAY FROM projects WHERE projects.id=43), 1, 1547, 1547);
INSERT INTO supporting_packages(id, option_list, package_count, order_id, project_package_id, supporting_project_id) VALUES (1547, '["디지털 다운로드"]', 8, 1547, 43, 1547);
INSERT INTO supporting_projects(supporting_project_id, supported_at, delivery_id, payment_id, project_id, user_id) VALUES (1548, (SELECT projects.end_date - INTERVAL 14 DAY FROM projects WHERE projects.id=43), 1548, 1548, 43, 9);
INSERT INTO orders (order_id, created_at, delivery_id, payment_id, supporting_project_id) VALUES (1548, (SELECT projects.end_date - INTERVAL 14 DAY FROM projects WHERE projects.id=43), 1, 1548, 1548);
INSERT INTO supporting_packages(id, option_list, package_count, order_id, project_package_id, supporting_project_id) VALUES (1548, '["LP"]', 9, 1548, 43, 1548);
INSERT INTO supporting_projects(supporting_project_id, supported_at, delivery_id, payment_id, project_id, user_id) VALUES (1549, (SELECT projects.end_date - INTERVAL 17 DAY FROM projects WHERE projects.id=43), 1549, 1549, 43, 23);
INSERT INTO orders (order_id, created_at, delivery_id, payment_id, supporting_project_id) VALUES (1549, (SELECT projects.end_date - INTERVAL 17 DAY FROM projects WHERE projects.id=43), 1, 1549, 1549);
INSERT INTO supporting_packages(id, option_list, package_count, order_id, project_package_id, supporting_project_id) VALUES (1549, '["CD"]', 8, 1549, 43, 1549);
INSERT INTO supporting_projects(supporting_project_id, supported_at, delivery_id, payment_id, project_id, user_id) VALUES (1550, (SELECT projects.end_date - INTERVAL 22 DAY FROM projects WHERE projects.id=43), 1550, 1550, 43, 18);
INSERT INTO orders (order_id, created_at, delivery_id, payment_id, supporting_project_id) VALUES (1550, (SELECT projects.end_date - INTERVAL 22 DAY FROM projects WHERE projects.id=43), 1, 1550, 1550);
INSERT INTO supporting_packages(id, option_list, package_count, order_id, project_package_id, supporting_project_id) VALUES (1550, '["디지털 다운로드"]', 2, 1550, 43, 1550);
INSERT INTO supporting_projects(supporting_project_id, supported_at, delivery_id, payment_id, project_id, user_id) VALUES (1551, (SELECT projects.end_date - INTERVAL 16 DAY FROM projects WHERE projects.id=43), 1551, 1551, 43, 5);
INSERT INTO orders (order_id, created_at, delivery_id, payment_id, supporting_project_id) VALUES (1551, (SELECT projects.end_date - INTERVAL 16 DAY FROM projects WHERE projects.id=43), 1, 1551, 1551);
INSERT INTO supporting_packages(id, option_list, package_count, order_id, project_package_id, supporting_project_id) VALUES (1551, '["디지털 다운로드"]', 5, 1551, 43, 1551);
INSERT INTO supporting_projects(supporting_project_id, supported_at, delivery_id, payment_id, project_id, user_id) VALUES (1552, (SELECT projects.end_date - INTERVAL 14 DAY FROM projects WHERE projects.id=43), 1552, 1552, 43, 29);
INSERT INTO orders (order_id, created_at, delivery_id, payment_id, supporting_project_id) VALUES (1552, (SELECT projects.end_date - INTERVAL 14 DAY FROM projects WHERE projects.id=43), 1, 1552, 1552);
INSERT INTO supporting_packages(id, option_list, package_count, order_id, project_package_id, supporting_project_id) VALUES (1552, '["디지털 다운로드"]', 2, 1552, 43, 1552);
INSERT INTO supporting_projects(supporting_project_id, supported_at, delivery_id, payment_id, project_id, user_id) VALUES (1553, (SELECT projects.end_date - INTERVAL 23 DAY FROM projects WHERE projects.id=43), 1553, 1553, 43, 16);
INSERT INTO orders (order_id, created_at, delivery_id, payment_id, supporting_project_id) VALUES (1553, (SELECT projects.end_date - INTERVAL 23 DAY FROM projects WHERE projects.id=43), 1, 1553, 1553);
INSERT INTO supporting_packages(id, option_list, package_count, order_id, project_package_id, supporting_project_id) VALUES (1553, '["LP"]', 7, 1553, 43, 1553);
INSERT INTO supporting_projects(supporting_project_id, supported_at, delivery_id, payment_id, project_id, user_id) VALUES (1554, (SELECT projects.end_date - INTERVAL 22 DAY FROM projects WHERE projects.id=43), 1554, 1554, 43, 17);
INSERT INTO orders (order_id, created_at, delivery_id, payment_id, supporting_project_id) VALUES (1554, (SELECT projects.end_date - INTERVAL 22 DAY FROM projects WHERE projects.id=43), 1, 1554, 1554);
INSERT INTO supporting_packages(id, option_list, package_count, order_id, project_package_id, supporting_project_id) VALUES (1554, '["LP"]', 10, 1554, 43, 1554);
INSERT INTO supporting_projects(supporting_project_id, supported_at, delivery_id, payment_id, project_id, user_id) VALUES (1555, (SELECT projects.end_date - INTERVAL 31 DAY FROM projects WHERE projects.id=43), 1555, 1555, 43, 22);
INSERT INTO orders (order_id, created_at, delivery_id, payment_id, supporting_project_id) VALUES (1555, (SELECT projects.end_date - INTERVAL 31 DAY FROM projects WHERE projects.id=43), 1, 1555, 1555);
INSERT INTO supporting_packages(id, option_list, package_count, order_id, project_package_id, supporting_project_id) VALUES (1555, '["LP"]', 3, 1555, 43, 1555);
INSERT INTO supporting_projects(supporting_project_id, supported_at, delivery_id, payment_id, project_id, user_id) VALUES (1556, (SELECT projects.end_date - INTERVAL 21 DAY FROM projects WHERE projects.id=43), 1556, 1556, 43, 26);
INSERT INTO orders (order_id, created_at, delivery_id, payment_id, supporting_project_id) VALUES (1556, (SELECT projects.end_date - INTERVAL 21 DAY FROM projects WHERE projects.id=43), 1, 1556, 1556);
INSERT INTO supporting_packages(id, option_list, package_count, order_id, project_package_id, supporting_project_id) VALUES (1556, '["LP"]', 10, 1556, 43, 1556);
INSERT INTO supporting_projects(supporting_project_id, supported_at, delivery_id, payment_id, project_id, user_id) VALUES (1557, (SELECT projects.end_date - INTERVAL 37 DAY FROM projects WHERE projects.id=43), 1557, 1557, 43, 17);
INSERT INTO orders (order_id, created_at, delivery_id, payment_id, supporting_project_id) VALUES (1557, (SELECT projects.end_date - INTERVAL 37 DAY FROM projects WHERE projects.id=43), 1, 1557, 1557);
INSERT INTO supporting_packages(id, option_list, package_count, order_id, project_package_id, supporting_project_id) VALUES (1557, '["디지털 다운로드"]', 5, 1557, 43, 1557);
INSERT INTO supporting_projects(supporting_project_id, supported_at, delivery_id, payment_id, project_id, user_id) VALUES (1558, (SELECT projects.end_date - INTERVAL 45 DAY FROM projects WHERE projects.id=43), 1558, 1558, 43, 8);
INSERT INTO orders (order_id, created_at, delivery_id, payment_id, supporting_project_id) VALUES (1558, (SELECT projects.end_date - INTERVAL 45 DAY FROM projects WHERE projects.id=43), 1, 1558, 1558);
INSERT INTO supporting_packages(id, option_list, package_count, order_id, project_package_id, supporting_project_id) VALUES (1558, '["LP"]', 6, 1558, 43, 1558);
INSERT INTO supporting_projects(supporting_project_id, supported_at, delivery_id, payment_id, project_id, user_id) VALUES (1559, (SELECT projects.end_date - INTERVAL 20 DAY FROM projects WHERE projects.id=43), 1559, 1559, 43, 13);
INSERT INTO orders (order_id, created_at, delivery_id, payment_id, supporting_project_id) VALUES (1559, (SELECT projects.end_date - INTERVAL 20 DAY FROM projects WHERE projects.id=43), 1, 1559, 1559);
INSERT INTO supporting_packages(id, option_list, package_count, order_id, project_package_id, supporting_project_id) VALUES (1559, '["CD"]', 4, 1559, 43, 1559);
INSERT INTO supporting_projects(supporting_project_id, supported_at, delivery_id, payment_id, project_id, user_id) VALUES (1560, (SELECT projects.end_date - INTERVAL 22 DAY FROM projects WHERE projects.id=43), 1560, 1560, 43, 33);
INSERT INTO orders (order_id, created_at, delivery_id, payment_id, supporting_project_id) VALUES (1560, (SELECT projects.end_date - INTERVAL 22 DAY FROM projects WHERE projects.id=43), 1, 1560, 1560);
INSERT INTO supporting_packages(id, option_list, package_count, order_id, project_package_id, supporting_project_id) VALUES (1560, '["CD"]', 1, 1560, 43, 1560);
INSERT INTO supporting_projects(supporting_project_id, supported_at, delivery_id, payment_id, project_id, user_id) VALUES (1561, (SELECT projects.end_date - INTERVAL 40 DAY FROM projects WHERE projects.id=43), 1561, 1561, 43, 37);
INSERT INTO orders (order_id, created_at, delivery_id, payment_id, supporting_project_id) VALUES (1561, (SELECT projects.end_date - INTERVAL 40 DAY FROM projects WHERE projects.id=43), 1, 1561, 1561);
INSERT INTO supporting_packages(id, option_list, package_count, order_id, project_package_id, supporting_project_id) VALUES (1561, '["디지털 다운로드"]', 8, 1561, 43, 1561);
INSERT INTO supporting_projects(supporting_project_id, supported_at, delivery_id, payment_id, project_id, user_id) VALUES (1562, (SELECT projects.end_date - INTERVAL 36 DAY FROM projects WHERE projects.id=43), 1562, 1562, 43, 20);
INSERT INTO orders (order_id, created_at, delivery_id, payment_id, supporting_project_id) VALUES (1562, (SELECT projects.end_date - INTERVAL 36 DAY FROM projects WHERE projects.id=43), 1, 1562, 1562);
INSERT INTO supporting_packages(id, option_list, package_count, order_id, project_package_id, supporting_project_id) VALUES (1562, '["디지털 다운로드"]', 8, 1562, 43, 1562);
INSERT INTO supporting_projects(supporting_project_id, supported_at, delivery_id, payment_id, project_id, user_id) VALUES (1563, (SELECT projects.end_date - INTERVAL 13 DAY FROM projects WHERE projects.id=43), 1563, 1563, 43, 26);
INSERT INTO orders (order_id, created_at, delivery_id, payment_id, supporting_project_id) VALUES (1563, (SELECT projects.end_date - INTERVAL 13 DAY FROM projects WHERE projects.id=43), 1, 1563, 1563);
INSERT INTO supporting_packages(id, option_list, package_count, order_id, project_package_id, supporting_project_id) VALUES (1563, '["LP"]', 6, 1563, 43, 1563);
INSERT INTO supporting_projects(supporting_project_id, supported_at, delivery_id, payment_id, project_id, user_id) VALUES (1564, (SELECT projects.end_date - INTERVAL 47 DAY FROM projects WHERE projects.id=43), 1564, 1564, 43, 19);
INSERT INTO orders (order_id, created_at, delivery_id, payment_id, supporting_project_id) VALUES (1564, (SELECT projects.end_date - INTERVAL 47 DAY FROM projects WHERE projects.id=43), 1, 1564, 1564);
INSERT INTO supporting_packages(id, option_list, package_count, order_id, project_package_id, supporting_project_id) VALUES (1564, '["LP"]', 3, 1564, 43, 1564);
INSERT INTO supporting_projects(supporting_project_id, supported_at, delivery_id, payment_id, project_id, user_id) VALUES (1565, (SELECT projects.end_date - INTERVAL 10 DAY FROM projects WHERE projects.id=43), 1565, 1565, 43, 6);
INSERT INTO orders (order_id, created_at, delivery_id, payment_id, supporting_project_id) VALUES (1565, (SELECT projects.end_date - INTERVAL 10 DAY FROM projects WHERE projects.id=43), 1, 1565, 1565);
INSERT INTO supporting_packages(id, option_list, package_count, order_id, project_package_id, supporting_project_id) VALUES (1565, '["디지털 다운로드"]', 8, 1565, 43, 1565);
INSERT INTO supporting_projects(supporting_project_id, supported_at, delivery_id, payment_id, project_id, user_id) VALUES (1566, (SELECT projects.end_date - INTERVAL 21 DAY FROM projects WHERE projects.id=43), 1566, 1566, 43, 40);
INSERT INTO orders (order_id, created_at, delivery_id, payment_id, supporting_project_id) VALUES (1566, (SELECT projects.end_date - INTERVAL 21 DAY FROM projects WHERE projects.id=43), 1, 1566, 1566);
INSERT INTO supporting_packages(id, option_list, package_count, order_id, project_package_id, supporting_project_id) VALUES (1566, '["CD"]', 5, 1566, 43, 1566);
INSERT INTO supporting_projects(supporting_project_id, supported_at, delivery_id, payment_id, project_id, user_id) VALUES (1567, (SELECT projects.end_date - INTERVAL 15 DAY FROM projects WHERE projects.id=43), 1567, 1567, 43, 7);
INSERT INTO orders (order_id, created_at, delivery_id, payment_id, supporting_project_id) VALUES (1567, (SELECT projects.end_date - INTERVAL 15 DAY FROM projects WHERE projects.id=43), 1, 1567, 1567);
INSERT INTO supporting_packages(id, option_list, package_count, order_id, project_package_id, supporting_project_id) VALUES (1567, '["LP"]', 9, 1567, 43, 1567);
INSERT INTO supporting_projects(supporting_project_id, supported_at, delivery_id, payment_id, project_id, user_id) VALUES (1568, (SELECT projects.end_date - INTERVAL 46 DAY FROM projects WHERE projects.id=43), 1568, 1568, 43, 7);
INSERT INTO orders (order_id, created_at, delivery_id, payment_id, supporting_project_id) VALUES (1568, (SELECT projects.end_date - INTERVAL 46 DAY FROM projects WHERE projects.id=43), 1, 1568, 1568);
INSERT INTO supporting_packages(id, option_list, package_count, order_id, project_package_id, supporting_project_id) VALUES (1568, '["LP"]', 3, 1568, 43, 1568);
INSERT INTO supporting_projects(supporting_project_id, supported_at, delivery_id, payment_id, project_id, user_id) VALUES (1569, (SELECT projects.end_date - INTERVAL 20 DAY FROM projects WHERE projects.id=43), 1569, 1569, 43, 6);
INSERT INTO orders (order_id, created_at, delivery_id, payment_id, supporting_project_id) VALUES (1569, (SELECT projects.end_date - INTERVAL 20 DAY FROM projects WHERE projects.id=43), 1, 1569, 1569);
INSERT INTO supporting_packages(id, option_list, package_count, order_id, project_package_id, supporting_project_id) VALUES (1569, '["디지털 다운로드"]', 9, 1569, 43, 1569);
INSERT INTO supporting_projects(supporting_project_id, supported_at, delivery_id, payment_id, project_id, user_id) VALUES (1570, (SELECT projects.end_date - INTERVAL 43 DAY FROM projects WHERE projects.id=43), 1570, 1570, 43, 3);
INSERT INTO orders (order_id, created_at, delivery_id, payment_id, supporting_project_id) VALUES (1570, (SELECT projects.end_date - INTERVAL 43 DAY FROM projects WHERE projects.id=43), 1, 1570, 1570);
INSERT INTO supporting_packages(id, option_list, package_count, order_id, project_package_id, supporting_project_id) VALUES (1570, '["디지털 다운로드"]', 7, 1570, 43, 1570);
INSERT INTO supporting_projects(supporting_project_id, supported_at, delivery_id, payment_id, project_id, user_id) VALUES (1571, (SELECT projects.end_date - INTERVAL 17 DAY FROM projects WHERE projects.id=43), 1571, 1571, 43, 21);
INSERT INTO orders (order_id, created_at, delivery_id, payment_id, supporting_project_id) VALUES (1571, (SELECT projects.end_date - INTERVAL 17 DAY FROM projects WHERE projects.id=43), 1, 1571, 1571);
INSERT INTO supporting_packages(id, option_list, package_count, order_id, project_package_id, supporting_project_id) VALUES (1571, '["디지털 다운로드"]', 9, 1571, 43, 1571);
INSERT INTO supporting_projects(supporting_project_id, supported_at, delivery_id, payment_id, project_id, user_id) VALUES (1572, (SELECT projects.end_date - INTERVAL 44 DAY FROM projects WHERE projects.id=43), 1572, 1572, 43, 24);
INSERT INTO orders (order_id, created_at, delivery_id, payment_id, supporting_project_id) VALUES (1572, (SELECT projects.end_date - INTERVAL 44 DAY FROM projects WHERE projects.id=43), 1, 1572, 1572);
INSERT INTO supporting_packages(id, option_list, package_count, order_id, project_package_id, supporting_project_id) VALUES (1572, '["LP"]', 8, 1572, 43, 1572);
INSERT INTO supporting_projects(supporting_project_id, supported_at, delivery_id, payment_id, project_id, user_id) VALUES (1573, (SELECT projects.end_date - INTERVAL 33 DAY FROM projects WHERE projects.id=43), 1573, 1573, 43, 26);
INSERT INTO orders (order_id, created_at, delivery_id, payment_id, supporting_project_id) VALUES (1573, (SELECT projects.end_date - INTERVAL 33 DAY FROM projects WHERE projects.id=43), 1, 1573, 1573);
INSERT INTO supporting_packages(id, option_list, package_count, order_id, project_package_id, supporting_project_id) VALUES (1573, '["디지털 다운로드"]', 5, 1573, 43, 1573);
INSERT INTO supporting_projects(supporting_project_id, supported_at, delivery_id, payment_id, project_id, user_id) VALUES (1574, (SELECT projects.end_date - INTERVAL 38 DAY FROM projects WHERE projects.id=43), 1574, 1574, 43, 4);
INSERT INTO orders (order_id, created_at, delivery_id, payment_id, supporting_project_id) VALUES (1574, (SELECT projects.end_date - INTERVAL 38 DAY FROM projects WHERE projects.id=43), 1, 1574, 1574);
INSERT INTO supporting_packages(id, option_list, package_count, order_id, project_package_id, supporting_project_id) VALUES (1574, '["CD"]', 1, 1574, 43, 1574);
INSERT INTO supporting_projects(supporting_project_id, supported_at, delivery_id, payment_id, project_id, user_id) VALUES (1575, (SELECT projects.end_date - INTERVAL 28 DAY FROM projects WHERE projects.id=43), 1575, 1575, 43, 19);
INSERT INTO orders (order_id, created_at, delivery_id, payment_id, supporting_project_id) VALUES (1575, (SELECT projects.end_date - INTERVAL 28 DAY FROM projects WHERE projects.id=43), 1, 1575, 1575);
INSERT INTO supporting_packages(id, option_list, package_count, order_id, project_package_id, supporting_project_id) VALUES (1575, '["디지털 다운로드"]', 4, 1575, 43, 1575);
INSERT INTO supporting_projects(supporting_project_id, supported_at, delivery_id, payment_id, project_id, user_id) VALUES (1576, (SELECT projects.end_date - INTERVAL 50 DAY FROM projects WHERE projects.id=43), 1576, 1576, 43, 31);
INSERT INTO orders (order_id, created_at, delivery_id, payment_id, supporting_project_id) VALUES (1576, (SELECT projects.end_date - INTERVAL 50 DAY FROM projects WHERE projects.id=43), 1, 1576, 1576);
INSERT INTO supporting_packages(id, option_list, package_count, order_id, project_package_id, supporting_project_id) VALUES (1576, '["디지털 다운로드"]', 5, 1576, 43, 1576);
INSERT INTO supporting_projects(supporting_project_id, supported_at, delivery_id, payment_id, project_id, user_id) VALUES (1577, (SELECT projects.end_date - INTERVAL 18 DAY FROM projects WHERE projects.id=43), 1577, 1577, 43, 32);
INSERT INTO orders (order_id, created_at, delivery_id, payment_id, supporting_project_id) VALUES (1577, (SELECT projects.end_date - INTERVAL 18 DAY FROM projects WHERE projects.id=43), 1, 1577, 1577);
INSERT INTO supporting_packages(id, option_list, package_count, order_id, project_package_id, supporting_project_id) VALUES (1577, '["디지털 다운로드"]', 7, 1577, 43, 1577);
INSERT INTO supporting_projects(supporting_project_id, supported_at, delivery_id, payment_id, project_id, user_id) VALUES (1578, (SELECT projects.end_date - INTERVAL 31 DAY FROM projects WHERE projects.id=43), 1578, 1578, 43, 23);
INSERT INTO orders (order_id, created_at, delivery_id, payment_id, supporting_project_id) VALUES (1578, (SELECT projects.end_date - INTERVAL 31 DAY FROM projects WHERE projects.id=43), 1, 1578, 1578);
INSERT INTO supporting_packages(id, option_list, package_count, order_id, project_package_id, supporting_project_id) VALUES (1578, '["디지털 다운로드"]', 4, 1578, 43, 1578);
INSERT INTO supporting_projects(supporting_project_id, supported_at, delivery_id, payment_id, project_id, user_id) VALUES (1579, (SELECT projects.end_date - INTERVAL 11 DAY FROM projects WHERE projects.id=43), 1579, 1579, 43, 19);
INSERT INTO orders (order_id, created_at, delivery_id, payment_id, supporting_project_id) VALUES (1579, (SELECT projects.end_date - INTERVAL 11 DAY FROM projects WHERE projects.id=43), 1, 1579, 1579);
INSERT INTO supporting_packages(id, option_list, package_count, order_id, project_package_id, supporting_project_id) VALUES (1579, '["디지털 다운로드"]', 7, 1579, 43, 1579);
INSERT INTO supporting_projects(supporting_project_id, supported_at, delivery_id, payment_id, project_id, user_id) VALUES (1580, (SELECT projects.end_date - INTERVAL 13 DAY FROM projects WHERE projects.id=43), 1580, 1580, 43, 14);
INSERT INTO orders (order_id, created_at, delivery_id, payment_id, supporting_project_id) VALUES (1580, (SELECT projects.end_date - INTERVAL 13 DAY FROM projects WHERE projects.id=43), 1, 1580, 1580);
INSERT INTO supporting_packages(id, option_list, package_count, order_id, project_package_id, supporting_project_id) VALUES (1580, '["LP"]', 3, 1580, 43, 1580);
INSERT INTO supporting_projects(supporting_project_id, supported_at, delivery_id, payment_id, project_id, user_id) VALUES (1581, (SELECT projects.end_date - INTERVAL 34 DAY FROM projects WHERE projects.id=43), 1581, 1581, 43, 5);
INSERT INTO orders (order_id, created_at, delivery_id, payment_id, supporting_project_id) VALUES (1581, (SELECT projects.end_date - INTERVAL 34 DAY FROM projects WHERE projects.id=43), 1, 1581, 1581);
INSERT INTO supporting_packages(id, option_list, package_count, order_id, project_package_id, supporting_project_id) VALUES (1581, '["LP"]', 3, 1581, 43, 1581);
INSERT INTO supporting_projects(supporting_project_id, supported_at, delivery_id, payment_id, project_id, user_id) VALUES (1582, (SELECT projects.end_date - INTERVAL 20 DAY FROM projects WHERE projects.id=43), 1582, 1582, 43, 23);
INSERT INTO orders (order_id, created_at, delivery_id, payment_id, supporting_project_id) VALUES (1582, (SELECT projects.end_date - INTERVAL 20 DAY FROM projects WHERE projects.id=43), 1, 1582, 1582);
INSERT INTO supporting_packages(id, option_list, package_count, order_id, project_package_id, supporting_project_id) VALUES (1582, '["LP"]', 5, 1582, 43, 1582);
INSERT INTO supporting_projects(supporting_project_id, supported_at, delivery_id, payment_id, project_id, user_id) VALUES (1583, (SELECT projects.end_date - INTERVAL 29 DAY FROM projects WHERE projects.id=43), 1583, 1583, 43, 11);
INSERT INTO orders (order_id, created_at, delivery_id, payment_id, supporting_project_id) VALUES (1583, (SELECT projects.end_date - INTERVAL 29 DAY FROM projects WHERE projects.id=43), 1, 1583, 1583);
INSERT INTO supporting_packages(id, option_list, package_count, order_id, project_package_id, supporting_project_id) VALUES (1583, '["LP"]', 5, 1583, 43, 1583);
INSERT INTO supporting_projects(supporting_project_id, supported_at, delivery_id, payment_id, project_id, user_id) VALUES (1584, (SELECT projects.end_date - INTERVAL 48 DAY FROM projects WHERE projects.id=43), 1584, 1584, 43, 3);
INSERT INTO orders (order_id, created_at, delivery_id, payment_id, supporting_project_id) VALUES (1584, (SELECT projects.end_date - INTERVAL 48 DAY FROM projects WHERE projects.id=43), 1, 1584, 1584);
INSERT INTO supporting_packages(id, option_list, package_count, order_id, project_package_id, supporting_project_id) VALUES (1584, '["디지털 다운로드"]', 4, 1584, 43, 1584);
INSERT INTO supporting_projects(supporting_project_id, supported_at, delivery_id, payment_id, project_id, user_id) VALUES (1585, (SELECT projects.end_date - INTERVAL 10 DAY FROM projects WHERE projects.id=43), 1585, 1585, 43, 7);
INSERT INTO orders (order_id, created_at, delivery_id, payment_id, supporting_project_id) VALUES (1585, (SELECT projects.end_date - INTERVAL 10 DAY FROM projects WHERE projects.id=43), 1, 1585, 1585);
INSERT INTO supporting_packages(id, option_list, package_count, order_id, project_package_id, supporting_project_id) VALUES (1585, '["디지털 다운로드"]', 2, 1585, 43, 1585);
INSERT INTO supporting_projects(supporting_project_id, supported_at, delivery_id, payment_id, project_id, user_id) VALUES (1586, (SELECT projects.end_date - INTERVAL 23 DAY FROM projects WHERE projects.id=43), 1586, 1586, 43, 5);
INSERT INTO orders (order_id, created_at, delivery_id, payment_id, supporting_project_id) VALUES (1586, (SELECT projects.end_date - INTERVAL 23 DAY FROM projects WHERE projects.id=43), 1, 1586, 1586);
INSERT INTO supporting_packages(id, option_list, package_count, order_id, project_package_id, supporting_project_id) VALUES (1586, '["CD"]', 3, 1586, 43, 1586);
INSERT INTO supporting_projects(supporting_project_id, supported_at, delivery_id, payment_id, project_id, user_id) VALUES (1587, (SELECT projects.end_date - INTERVAL 10 DAY FROM projects WHERE projects.id=43), 1587, 1587, 43, 31);
INSERT INTO orders (order_id, created_at, delivery_id, payment_id, supporting_project_id) VALUES (1587, (SELECT projects.end_date - INTERVAL 10 DAY FROM projects WHERE projects.id=43), 1, 1587, 1587);
INSERT INTO supporting_packages(id, option_list, package_count, order_id, project_package_id, supporting_project_id) VALUES (1587, '["CD"]', 3, 1587, 43, 1587);
INSERT INTO supporting_projects(supporting_project_id, supported_at, delivery_id, payment_id, project_id, user_id) VALUES (1588, (SELECT projects.end_date - INTERVAL 49 DAY FROM projects WHERE projects.id=43), 1588, 1588, 43, 28);
INSERT INTO orders (order_id, created_at, delivery_id, payment_id, supporting_project_id) VALUES (1588, (SELECT projects.end_date - INTERVAL 49 DAY FROM projects WHERE projects.id=43), 1, 1588, 1588);
INSERT INTO supporting_packages(id, option_list, package_count, order_id, project_package_id, supporting_project_id) VALUES (1588, '["LP"]', 5, 1588, 43, 1588);
INSERT INTO supporting_projects(supporting_project_id, supported_at, delivery_id, payment_id, project_id, user_id) VALUES (1589, (SELECT projects.end_date - INTERVAL 13 DAY FROM projects WHERE projects.id=43), 1589, 1589, 43, 4);
INSERT INTO orders (order_id, created_at, delivery_id, payment_id, supporting_project_id) VALUES (1589, (SELECT projects.end_date - INTERVAL 13 DAY FROM projects WHERE projects.id=43), 1, 1589, 1589);
INSERT INTO supporting_packages(id, option_list, package_count, order_id, project_package_id, supporting_project_id) VALUES (1589, '["LP"]', 7, 1589, 43, 1589);
INSERT INTO supporting_projects(supporting_project_id, supported_at, delivery_id, payment_id, project_id, user_id) VALUES (1590, (SELECT projects.end_date - INTERVAL 31 DAY FROM projects WHERE projects.id=43), 1590, 1590, 43, 4);
INSERT INTO orders (order_id, created_at, delivery_id, payment_id, supporting_project_id) VALUES (1590, (SELECT projects.end_date - INTERVAL 31 DAY FROM projects WHERE projects.id=43), 1, 1590, 1590);
INSERT INTO supporting_packages(id, option_list, package_count, order_id, project_package_id, supporting_project_id) VALUES (1590, '["CD"]', 3, 1590, 43, 1590);
INSERT INTO supporting_projects(supporting_project_id, supported_at, delivery_id, payment_id, project_id, user_id) VALUES (1591, (SELECT projects.end_date - INTERVAL 14 DAY FROM projects WHERE projects.id=43), 1591, 1591, 43, 26);
INSERT INTO orders (order_id, created_at, delivery_id, payment_id, supporting_project_id) VALUES (1591, (SELECT projects.end_date - INTERVAL 14 DAY FROM projects WHERE projects.id=43), 1, 1591, 1591);
INSERT INTO supporting_packages(id, option_list, package_count, order_id, project_package_id, supporting_project_id) VALUES (1591, '["디지털 다운로드"]', 8, 1591, 43, 1591);
INSERT INTO supporting_projects(supporting_project_id, supported_at, delivery_id, payment_id, project_id, user_id) VALUES (1592, (SELECT projects.end_date - INTERVAL 8 DAY FROM projects WHERE projects.id=43), 1592, 1592, 43, 24);
INSERT INTO orders (order_id, created_at, delivery_id, payment_id, supporting_project_id) VALUES (1592, (SELECT projects.end_date - INTERVAL 8 DAY FROM projects WHERE projects.id=43), 1, 1592, 1592);
INSERT INTO supporting_packages(id, option_list, package_count, order_id, project_package_id, supporting_project_id) VALUES (1592, '["CD"]', 6, 1592, 43, 1592);
INSERT INTO supporting_projects(supporting_project_id, supported_at, delivery_id, payment_id, project_id, user_id) VALUES (1593, (SELECT projects.end_date - INTERVAL 26 DAY FROM projects WHERE projects.id=44), 1593, 1593, 44, 31);
INSERT INTO orders (order_id, created_at, delivery_id, payment_id, supporting_project_id) VALUES (1593, (SELECT projects.end_date - INTERVAL 26 DAY FROM projects WHERE projects.id=44), 1, 1593, 1593);
INSERT INTO supporting_packages(id, option_list, package_count, order_id, project_package_id, supporting_project_id) VALUES (1593, '["키링"]', 2, 1593, 44, 1593);
INSERT INTO supporting_projects(supporting_project_id, supported_at, delivery_id, payment_id, project_id, user_id) VALUES (1594, (SELECT projects.end_date - INTERVAL 45 DAY FROM projects WHERE projects.id=44), 1594, 1594, 44, 31);
INSERT INTO orders (order_id, created_at, delivery_id, payment_id, supporting_project_id) VALUES (1594, (SELECT projects.end_date - INTERVAL 45 DAY FROM projects WHERE projects.id=44), 1, 1594, 1594);
INSERT INTO supporting_packages(id, option_list, package_count, order_id, project_package_id, supporting_project_id) VALUES (1594, '["머그컵"]', 10, 1594, 44, 1594);
INSERT INTO supporting_projects(supporting_project_id, supported_at, delivery_id, payment_id, project_id, user_id) VALUES (1595, (SELECT projects.end_date - INTERVAL 44 DAY FROM projects WHERE projects.id=44), 1595, 1595, 44, 9);
INSERT INTO orders (order_id, created_at, delivery_id, payment_id, supporting_project_id) VALUES (1595, (SELECT projects.end_date - INTERVAL 44 DAY FROM projects WHERE projects.id=44), 1, 1595, 1595);
INSERT INTO supporting_packages(id, option_list, package_count, order_id, project_package_id, supporting_project_id) VALUES (1595, '["머그컵"]', 10, 1595, 44, 1595);
INSERT INTO supporting_projects(supporting_project_id, supported_at, delivery_id, payment_id, project_id, user_id) VALUES (1596, (SELECT projects.end_date - INTERVAL 25 DAY FROM projects WHERE projects.id=44), 1596, 1596, 44, 22);
INSERT INTO orders (order_id, created_at, delivery_id, payment_id, supporting_project_id) VALUES (1596, (SELECT projects.end_date - INTERVAL 25 DAY FROM projects WHERE projects.id=44), 1, 1596, 1596);
INSERT INTO supporting_packages(id, option_list, package_count, order_id, project_package_id, supporting_project_id) VALUES (1596, '["에코백"]', 2, 1596, 44, 1596);
INSERT INTO supporting_projects(supporting_project_id, supported_at, delivery_id, payment_id, project_id, user_id) VALUES (1597, (SELECT projects.end_date - INTERVAL 18 DAY FROM projects WHERE projects.id=44), 1597, 1597, 44, 11);
INSERT INTO orders (order_id, created_at, delivery_id, payment_id, supporting_project_id) VALUES (1597, (SELECT projects.end_date - INTERVAL 18 DAY FROM projects WHERE projects.id=44), 1, 1597, 1597);
INSERT INTO supporting_packages(id, option_list, package_count, order_id, project_package_id, supporting_project_id) VALUES (1597, '["머그컵"]', 10, 1597, 44, 1597);
INSERT INTO supporting_projects(supporting_project_id, supported_at, delivery_id, payment_id, project_id, user_id) VALUES (1598, (SELECT projects.end_date - INTERVAL 39 DAY FROM projects WHERE projects.id=44), 1598, 1598, 44, 13);
INSERT INTO orders (order_id, created_at, delivery_id, payment_id, supporting_project_id) VALUES (1598, (SELECT projects.end_date - INTERVAL 39 DAY FROM projects WHERE projects.id=44), 1, 1598, 1598);
INSERT INTO supporting_packages(id, option_list, package_count, order_id, project_package_id, supporting_project_id) VALUES (1598, '["에코백"]', 5, 1598, 44, 1598);
INSERT INTO supporting_projects(supporting_project_id, supported_at, delivery_id, payment_id, project_id, user_id) VALUES (1599, (SELECT projects.end_date - INTERVAL 37 DAY FROM projects WHERE projects.id=44), 1599, 1599, 44, 37);
INSERT INTO orders (order_id, created_at, delivery_id, payment_id, supporting_project_id) VALUES (1599, (SELECT projects.end_date - INTERVAL 37 DAY FROM projects WHERE projects.id=44), 1, 1599, 1599);
INSERT INTO supporting_packages(id, option_list, package_count, order_id, project_package_id, supporting_project_id) VALUES (1599, '["머그컵"]', 10, 1599, 44, 1599);
INSERT INTO supporting_projects(supporting_project_id, supported_at, delivery_id, payment_id, project_id, user_id) VALUES (1600, (SELECT projects.end_date - INTERVAL 36 DAY FROM projects WHERE projects.id=44), 1600, 1600, 44, 28);
INSERT INTO orders (order_id, created_at, delivery_id, payment_id, supporting_project_id) VALUES (1600, (SELECT projects.end_date - INTERVAL 36 DAY FROM projects WHERE projects.id=44), 1, 1600, 1600);
INSERT INTO supporting_packages(id, option_list, package_count, order_id, project_package_id, supporting_project_id) VALUES (1600, '["키링"]', 5, 1600, 44, 1600);
INSERT INTO supporting_projects(supporting_project_id, supported_at, delivery_id, payment_id, project_id, user_id) VALUES (1601, (SELECT projects.end_date - INTERVAL 12 DAY FROM projects WHERE projects.id=44), 1601, 1601, 44, 33);
INSERT INTO orders (order_id, created_at, delivery_id, payment_id, supporting_project_id) VALUES (1601, (SELECT projects.end_date - INTERVAL 12 DAY FROM projects WHERE projects.id=44), 1, 1601, 1601);
INSERT INTO supporting_packages(id, option_list, package_count, order_id, project_package_id, supporting_project_id) VALUES (1601, '["키링"]', 9, 1601, 44, 1601);
INSERT INTO supporting_projects(supporting_project_id, supported_at, delivery_id, payment_id, project_id, user_id) VALUES (1602, (SELECT projects.end_date - INTERVAL 38 DAY FROM projects WHERE projects.id=44), 1602, 1602, 44, 7);
INSERT INTO orders (order_id, created_at, delivery_id, payment_id, supporting_project_id) VALUES (1602, (SELECT projects.end_date - INTERVAL 38 DAY FROM projects WHERE projects.id=44), 1, 1602, 1602);
INSERT INTO supporting_packages(id, option_list, package_count, order_id, project_package_id, supporting_project_id) VALUES (1602, '["키링"]', 1, 1602, 44, 1602);
INSERT INTO supporting_projects(supporting_project_id, supported_at, delivery_id, payment_id, project_id, user_id) VALUES (1603, (SELECT projects.end_date - INTERVAL 33 DAY FROM projects WHERE projects.id=44), 1603, 1603, 44, 24);
INSERT INTO orders (order_id, created_at, delivery_id, payment_id, supporting_project_id) VALUES (1603, (SELECT projects.end_date - INTERVAL 33 DAY FROM projects WHERE projects.id=44), 1, 1603, 1603);
INSERT INTO supporting_packages(id, option_list, package_count, order_id, project_package_id, supporting_project_id) VALUES (1603, '["에코백"]', 10, 1603, 44, 1603);
INSERT INTO supporting_projects(supporting_project_id, supported_at, delivery_id, payment_id, project_id, user_id) VALUES (1604, (SELECT projects.end_date - INTERVAL 44 DAY FROM projects WHERE projects.id=44), 1604, 1604, 44, 24);
INSERT INTO orders (order_id, created_at, delivery_id, payment_id, supporting_project_id) VALUES (1604, (SELECT projects.end_date - INTERVAL 44 DAY FROM projects WHERE projects.id=44), 1, 1604, 1604);
INSERT INTO supporting_packages(id, option_list, package_count, order_id, project_package_id, supporting_project_id) VALUES (1604, '["키링"]', 6, 1604, 44, 1604);
INSERT INTO supporting_projects(supporting_project_id, supported_at, delivery_id, payment_id, project_id, user_id) VALUES (1605, (SELECT projects.end_date - INTERVAL 48 DAY FROM projects WHERE projects.id=44), 1605, 1605, 44, 25);
INSERT INTO orders (order_id, created_at, delivery_id, payment_id, supporting_project_id) VALUES (1605, (SELECT projects.end_date - INTERVAL 48 DAY FROM projects WHERE projects.id=44), 1, 1605, 1605);
INSERT INTO supporting_packages(id, option_list, package_count, order_id, project_package_id, supporting_project_id) VALUES (1605, '["에코백"]', 5, 1605, 44, 1605);
INSERT INTO supporting_projects(supporting_project_id, supported_at, delivery_id, payment_id, project_id, user_id) VALUES (1606, (SELECT projects.end_date - INTERVAL 24 DAY FROM projects WHERE projects.id=44), 1606, 1606, 44, 15);
INSERT INTO orders (order_id, created_at, delivery_id, payment_id, supporting_project_id) VALUES (1606, (SELECT projects.end_date - INTERVAL 24 DAY FROM projects WHERE projects.id=44), 1, 1606, 1606);
INSERT INTO supporting_packages(id, option_list, package_count, order_id, project_package_id, supporting_project_id) VALUES (1606, '["에코백"]', 8, 1606, 44, 1606);
INSERT INTO supporting_projects(supporting_project_id, supported_at, delivery_id, payment_id, project_id, user_id) VALUES (1607, (SELECT projects.end_date - INTERVAL 10 DAY FROM projects WHERE projects.id=44), 1607, 1607, 44, 35);
INSERT INTO orders (order_id, created_at, delivery_id, payment_id, supporting_project_id) VALUES (1607, (SELECT projects.end_date - INTERVAL 10 DAY FROM projects WHERE projects.id=44), 1, 1607, 1607);
INSERT INTO supporting_packages(id, option_list, package_count, order_id, project_package_id, supporting_project_id) VALUES (1607, '["에코백"]', 4, 1607, 44, 1607);
INSERT INTO supporting_projects(supporting_project_id, supported_at, delivery_id, payment_id, project_id, user_id) VALUES (1608, (SELECT projects.end_date - INTERVAL 25 DAY FROM projects WHERE projects.id=44), 1608, 1608, 44, 7);
INSERT INTO orders (order_id, created_at, delivery_id, payment_id, supporting_project_id) VALUES (1608, (SELECT projects.end_date - INTERVAL 25 DAY FROM projects WHERE projects.id=44), 1, 1608, 1608);
INSERT INTO supporting_packages(id, option_list, package_count, order_id, project_package_id, supporting_project_id) VALUES (1608, '["에코백"]', 10, 1608, 44, 1608);
INSERT INTO supporting_projects(supporting_project_id, supported_at, delivery_id, payment_id, project_id, user_id) VALUES (1609, (SELECT projects.end_date - INTERVAL 7 DAY FROM projects WHERE projects.id=44), 1609, 1609, 44, 39);
INSERT INTO orders (order_id, created_at, delivery_id, payment_id, supporting_project_id) VALUES (1609, (SELECT projects.end_date - INTERVAL 7 DAY FROM projects WHERE projects.id=44), 1, 1609, 1609);
INSERT INTO supporting_packages(id, option_list, package_count, order_id, project_package_id, supporting_project_id) VALUES (1609, '["에코백"]', 7, 1609, 44, 1609);
INSERT INTO supporting_projects(supporting_project_id, supported_at, delivery_id, payment_id, project_id, user_id) VALUES (1610, (SELECT projects.end_date - INTERVAL 41 DAY FROM projects WHERE projects.id=44), 1610, 1610, 44, 12);
INSERT INTO orders (order_id, created_at, delivery_id, payment_id, supporting_project_id) VALUES (1610, (SELECT projects.end_date - INTERVAL 41 DAY FROM projects WHERE projects.id=44), 1, 1610, 1610);
INSERT INTO supporting_packages(id, option_list, package_count, order_id, project_package_id, supporting_project_id) VALUES (1610, '["머그컵"]', 6, 1610, 44, 1610);
INSERT INTO supporting_projects(supporting_project_id, supported_at, delivery_id, payment_id, project_id, user_id) VALUES (1611, (SELECT projects.end_date - INTERVAL 41 DAY FROM projects WHERE projects.id=44), 1611, 1611, 44, 14);
INSERT INTO orders (order_id, created_at, delivery_id, payment_id, supporting_project_id) VALUES (1611, (SELECT projects.end_date - INTERVAL 41 DAY FROM projects WHERE projects.id=44), 1, 1611, 1611);
INSERT INTO supporting_packages(id, option_list, package_count, order_id, project_package_id, supporting_project_id) VALUES (1611, '["키링"]', 1, 1611, 44, 1611);
INSERT INTO supporting_projects(supporting_project_id, supported_at, delivery_id, payment_id, project_id, user_id) VALUES (1612, (SELECT projects.end_date - INTERVAL 25 DAY FROM projects WHERE projects.id=44), 1612, 1612, 44, 21);
INSERT INTO orders (order_id, created_at, delivery_id, payment_id, supporting_project_id) VALUES (1612, (SELECT projects.end_date - INTERVAL 25 DAY FROM projects WHERE projects.id=44), 1, 1612, 1612);
INSERT INTO supporting_packages(id, option_list, package_count, order_id, project_package_id, supporting_project_id) VALUES (1612, '["키링"]', 5, 1612, 44, 1612);
INSERT INTO supporting_projects(supporting_project_id, supported_at, delivery_id, payment_id, project_id, user_id) VALUES (1613, (SELECT projects.end_date - INTERVAL 21 DAY FROM projects WHERE projects.id=44), 1613, 1613, 44, 10);
INSERT INTO orders (order_id, created_at, delivery_id, payment_id, supporting_project_id) VALUES (1613, (SELECT projects.end_date - INTERVAL 21 DAY FROM projects WHERE projects.id=44), 1, 1613, 1613);
INSERT INTO supporting_packages(id, option_list, package_count, order_id, project_package_id, supporting_project_id) VALUES (1613, '["머그컵"]', 1, 1613, 44, 1613);
INSERT INTO supporting_projects(supporting_project_id, supported_at, delivery_id, payment_id, project_id, user_id) VALUES (1614, (SELECT projects.end_date - INTERVAL 16 DAY FROM projects WHERE projects.id=44), 1614, 1614, 44, 40);
INSERT INTO orders (order_id, created_at, delivery_id, payment_id, supporting_project_id) VALUES (1614, (SELECT projects.end_date - INTERVAL 16 DAY FROM projects WHERE projects.id=44), 1, 1614, 1614);
INSERT INTO supporting_packages(id, option_list, package_count, order_id, project_package_id, supporting_project_id) VALUES (1614, '["에코백"]', 3, 1614, 44, 1614);
INSERT INTO supporting_projects(supporting_project_id, supported_at, delivery_id, payment_id, project_id, user_id) VALUES (1615, (SELECT projects.end_date - INTERVAL 17 DAY FROM projects WHERE projects.id=44), 1615, 1615, 44, 20);
INSERT INTO orders (order_id, created_at, delivery_id, payment_id, supporting_project_id) VALUES (1615, (SELECT projects.end_date - INTERVAL 17 DAY FROM projects WHERE projects.id=44), 1, 1615, 1615);
INSERT INTO supporting_packages(id, option_list, package_count, order_id, project_package_id, supporting_project_id) VALUES (1615, '["키링"]', 3, 1615, 44, 1615);
INSERT INTO supporting_projects(supporting_project_id, supported_at, delivery_id, payment_id, project_id, user_id) VALUES (1616, (SELECT projects.end_date - INTERVAL 40 DAY FROM projects WHERE projects.id=44), 1616, 1616, 44, 20);
INSERT INTO orders (order_id, created_at, delivery_id, payment_id, supporting_project_id) VALUES (1616, (SELECT projects.end_date - INTERVAL 40 DAY FROM projects WHERE projects.id=44), 1, 1616, 1616);
INSERT INTO supporting_packages(id, option_list, package_count, order_id, project_package_id, supporting_project_id) VALUES (1616, '["에코백"]', 3, 1616, 44, 1616);
INSERT INTO supporting_projects(supporting_project_id, supported_at, delivery_id, payment_id, project_id, user_id) VALUES (1617, (SELECT projects.end_date - INTERVAL 23 DAY FROM projects WHERE projects.id=44), 1617, 1617, 44, 14);
INSERT INTO orders (order_id, created_at, delivery_id, payment_id, supporting_project_id) VALUES (1617, (SELECT projects.end_date - INTERVAL 23 DAY FROM projects WHERE projects.id=44), 1, 1617, 1617);
INSERT INTO supporting_packages(id, option_list, package_count, order_id, project_package_id, supporting_project_id) VALUES (1617, '["에코백"]', 3, 1617, 44, 1617);
INSERT INTO supporting_projects(supporting_project_id, supported_at, delivery_id, payment_id, project_id, user_id) VALUES (1618, (SELECT projects.end_date - INTERVAL 44 DAY FROM projects WHERE projects.id=44), 1618, 1618, 44, 23);
INSERT INTO orders (order_id, created_at, delivery_id, payment_id, supporting_project_id) VALUES (1618, (SELECT projects.end_date - INTERVAL 44 DAY FROM projects WHERE projects.id=44), 1, 1618, 1618);
INSERT INTO supporting_packages(id, option_list, package_count, order_id, project_package_id, supporting_project_id) VALUES (1618, '["에코백"]', 5, 1618, 44, 1618);
INSERT INTO supporting_projects(supporting_project_id, supported_at, delivery_id, payment_id, project_id, user_id) VALUES (1619, (SELECT projects.end_date - INTERVAL 40 DAY FROM projects WHERE projects.id=44), 1619, 1619, 44, 13);
INSERT INTO orders (order_id, created_at, delivery_id, payment_id, supporting_project_id) VALUES (1619, (SELECT projects.end_date - INTERVAL 40 DAY FROM projects WHERE projects.id=44), 1, 1619, 1619);
INSERT INTO supporting_packages(id, option_list, package_count, order_id, project_package_id, supporting_project_id) VALUES (1619, '["에코백"]', 10, 1619, 44, 1619);
INSERT INTO supporting_projects(supporting_project_id, supported_at, delivery_id, payment_id, project_id, user_id) VALUES (1620, (SELECT projects.end_date - INTERVAL 42 DAY FROM projects WHERE projects.id=44), 1620, 1620, 44, 35);
INSERT INTO orders (order_id, created_at, delivery_id, payment_id, supporting_project_id) VALUES (1620, (SELECT projects.end_date - INTERVAL 42 DAY FROM projects WHERE projects.id=44), 1, 1620, 1620);
INSERT INTO supporting_packages(id, option_list, package_count, order_id, project_package_id, supporting_project_id) VALUES (1620, '["머그컵"]', 6, 1620, 44, 1620);
INSERT INTO supporting_projects(supporting_project_id, supported_at, delivery_id, payment_id, project_id, user_id) VALUES (1621, (SELECT projects.end_date - INTERVAL 14 DAY FROM projects WHERE projects.id=44), 1621, 1621, 44, 5);
INSERT INTO orders (order_id, created_at, delivery_id, payment_id, supporting_project_id) VALUES (1621, (SELECT projects.end_date - INTERVAL 14 DAY FROM projects WHERE projects.id=44), 1, 1621, 1621);
INSERT INTO supporting_packages(id, option_list, package_count, order_id, project_package_id, supporting_project_id) VALUES (1621, '["머그컵"]', 1, 1621, 44, 1621);
INSERT INTO supporting_projects(supporting_project_id, supported_at, delivery_id, payment_id, project_id, user_id) VALUES (1622, (SELECT projects.end_date - INTERVAL 11 DAY FROM projects WHERE projects.id=44), 1622, 1622, 44, 16);
INSERT INTO orders (order_id, created_at, delivery_id, payment_id, supporting_project_id) VALUES (1622, (SELECT projects.end_date - INTERVAL 11 DAY FROM projects WHERE projects.id=44), 1, 1622, 1622);
INSERT INTO supporting_packages(id, option_list, package_count, order_id, project_package_id, supporting_project_id) VALUES (1622, '["에코백"]', 8, 1622, 44, 1622);
INSERT INTO supporting_projects(supporting_project_id, supported_at, delivery_id, payment_id, project_id, user_id) VALUES (1623, (SELECT projects.end_date - INTERVAL 42 DAY FROM projects WHERE projects.id=44), 1623, 1623, 44, 10);
INSERT INTO orders (order_id, created_at, delivery_id, payment_id, supporting_project_id) VALUES (1623, (SELECT projects.end_date - INTERVAL 42 DAY FROM projects WHERE projects.id=44), 1, 1623, 1623);
INSERT INTO supporting_packages(id, option_list, package_count, order_id, project_package_id, supporting_project_id) VALUES (1623, '["머그컵"]', 4, 1623, 44, 1623);
INSERT INTO supporting_projects(supporting_project_id, supported_at, delivery_id, payment_id, project_id, user_id) VALUES (1624, (SELECT projects.end_date - INTERVAL 46 DAY FROM projects WHERE projects.id=44), 1624, 1624, 44, 22);
INSERT INTO orders (order_id, created_at, delivery_id, payment_id, supporting_project_id) VALUES (1624, (SELECT projects.end_date - INTERVAL 46 DAY FROM projects WHERE projects.id=44), 1, 1624, 1624);
INSERT INTO supporting_packages(id, option_list, package_count, order_id, project_package_id, supporting_project_id) VALUES (1624, '["키링"]', 3, 1624, 44, 1624);
INSERT INTO supporting_projects(supporting_project_id, supported_at, delivery_id, payment_id, project_id, user_id) VALUES (1625, (SELECT projects.end_date - INTERVAL 23 DAY FROM projects WHERE projects.id=44), 1625, 1625, 44, 37);
INSERT INTO orders (order_id, created_at, delivery_id, payment_id, supporting_project_id) VALUES (1625, (SELECT projects.end_date - INTERVAL 23 DAY FROM projects WHERE projects.id=44), 1, 1625, 1625);
INSERT INTO supporting_packages(id, option_list, package_count, order_id, project_package_id, supporting_project_id) VALUES (1625, '["에코백"]', 3, 1625, 44, 1625);
INSERT INTO supporting_projects(supporting_project_id, supported_at, delivery_id, payment_id, project_id, user_id) VALUES (1626, (SELECT projects.end_date - INTERVAL 9 DAY FROM projects WHERE projects.id=44), 1626, 1626, 44, 10);
INSERT INTO orders (order_id, created_at, delivery_id, payment_id, supporting_project_id) VALUES (1626, (SELECT projects.end_date - INTERVAL 9 DAY FROM projects WHERE projects.id=44), 1, 1626, 1626);
INSERT INTO supporting_packages(id, option_list, package_count, order_id, project_package_id, supporting_project_id) VALUES (1626, '["키링"]', 4, 1626, 44, 1626);
INSERT INTO supporting_projects(supporting_project_id, supported_at, delivery_id, payment_id, project_id, user_id) VALUES (1627, (SELECT projects.end_date - INTERVAL 30 DAY FROM projects WHERE projects.id=44), 1627, 1627, 44, 11);
INSERT INTO orders (order_id, created_at, delivery_id, payment_id, supporting_project_id) VALUES (1627, (SELECT projects.end_date - INTERVAL 30 DAY FROM projects WHERE projects.id=44), 1, 1627, 1627);
INSERT INTO supporting_packages(id, option_list, package_count, order_id, project_package_id, supporting_project_id) VALUES (1627, '["에코백"]', 5, 1627, 44, 1627);
INSERT INTO supporting_projects(supporting_project_id, supported_at, delivery_id, payment_id, project_id, user_id) VALUES (1628, (SELECT projects.end_date - INTERVAL 50 DAY FROM projects WHERE projects.id=44), 1628, 1628, 44, 11);
INSERT INTO orders (order_id, created_at, delivery_id, payment_id, supporting_project_id) VALUES (1628, (SELECT projects.end_date - INTERVAL 50 DAY FROM projects WHERE projects.id=44), 1, 1628, 1628);
INSERT INTO supporting_packages(id, option_list, package_count, order_id, project_package_id, supporting_project_id) VALUES (1628, '["머그컵"]', 8, 1628, 44, 1628);
INSERT INTO supporting_projects(supporting_project_id, supported_at, delivery_id, payment_id, project_id, user_id) VALUES (1629, (SELECT projects.end_date - INTERVAL 48 DAY FROM projects WHERE projects.id=44), 1629, 1629, 44, 16);
INSERT INTO orders (order_id, created_at, delivery_id, payment_id, supporting_project_id) VALUES (1629, (SELECT projects.end_date - INTERVAL 48 DAY FROM projects WHERE projects.id=44), 1, 1629, 1629);
INSERT INTO supporting_packages(id, option_list, package_count, order_id, project_package_id, supporting_project_id) VALUES (1629, '["머그컵"]', 9, 1629, 44, 1629);
INSERT INTO supporting_projects(supporting_project_id, supported_at, delivery_id, payment_id, project_id, user_id) VALUES (1630, (SELECT projects.end_date - INTERVAL 40 DAY FROM projects WHERE projects.id=44), 1630, 1630, 44, 10);
INSERT INTO orders (order_id, created_at, delivery_id, payment_id, supporting_project_id) VALUES (1630, (SELECT projects.end_date - INTERVAL 40 DAY FROM projects WHERE projects.id=44), 1, 1630, 1630);
INSERT INTO supporting_packages(id, option_list, package_count, order_id, project_package_id, supporting_project_id) VALUES (1630, '["키링"]', 8, 1630, 44, 1630);
INSERT INTO supporting_projects(supporting_project_id, supported_at, delivery_id, payment_id, project_id, user_id) VALUES (1631, (SELECT projects.end_date - INTERVAL 40 DAY FROM projects WHERE projects.id=44), 1631, 1631, 44, 40);
INSERT INTO orders (order_id, created_at, delivery_id, payment_id, supporting_project_id) VALUES (1631, (SELECT projects.end_date - INTERVAL 40 DAY FROM projects WHERE projects.id=44), 1, 1631, 1631);
INSERT INTO supporting_packages(id, option_list, package_count, order_id, project_package_id, supporting_project_id) VALUES (1631, '["키링"]', 10, 1631, 44, 1631);
INSERT INTO supporting_projects(supporting_project_id, supported_at, delivery_id, payment_id, project_id, user_id) VALUES (1632, (SELECT projects.end_date - INTERVAL 21 DAY FROM projects WHERE projects.id=44), 1632, 1632, 44, 15);
INSERT INTO orders (order_id, created_at, delivery_id, payment_id, supporting_project_id) VALUES (1632, (SELECT projects.end_date - INTERVAL 21 DAY FROM projects WHERE projects.id=44), 1, 1632, 1632);
INSERT INTO supporting_packages(id, option_list, package_count, order_id, project_package_id, supporting_project_id) VALUES (1632, '["에코백"]', 9, 1632, 44, 1632);
INSERT INTO supporting_projects(supporting_project_id, supported_at, delivery_id, payment_id, project_id, user_id) VALUES (1633, (SELECT projects.end_date - INTERVAL 31 DAY FROM projects WHERE projects.id=44), 1633, 1633, 44, 5);
INSERT INTO orders (order_id, created_at, delivery_id, payment_id, supporting_project_id) VALUES (1633, (SELECT projects.end_date - INTERVAL 31 DAY FROM projects WHERE projects.id=44), 1, 1633, 1633);
INSERT INTO supporting_packages(id, option_list, package_count, order_id, project_package_id, supporting_project_id) VALUES (1633, '["머그컵"]', 9, 1633, 44, 1633);
INSERT INTO supporting_projects(supporting_project_id, supported_at, delivery_id, payment_id, project_id, user_id) VALUES (1634, (SELECT projects.end_date - INTERVAL 30 DAY FROM projects WHERE projects.id=44), 1634, 1634, 44, 24);
INSERT INTO orders (order_id, created_at, delivery_id, payment_id, supporting_project_id) VALUES (1634, (SELECT projects.end_date - INTERVAL 30 DAY FROM projects WHERE projects.id=44), 1, 1634, 1634);
INSERT INTO supporting_packages(id, option_list, package_count, order_id, project_package_id, supporting_project_id) VALUES (1634, '["머그컵"]', 4, 1634, 44, 1634);
INSERT INTO supporting_projects(supporting_project_id, supported_at, delivery_id, payment_id, project_id, user_id) VALUES (1635, (SELECT projects.end_date - INTERVAL 22 DAY FROM projects WHERE projects.id=44), 1635, 1635, 44, 34);
INSERT INTO orders (order_id, created_at, delivery_id, payment_id, supporting_project_id) VALUES (1635, (SELECT projects.end_date - INTERVAL 22 DAY FROM projects WHERE projects.id=44), 1, 1635, 1635);
INSERT INTO supporting_packages(id, option_list, package_count, order_id, project_package_id, supporting_project_id) VALUES (1635, '["머그컵"]', 7, 1635, 44, 1635);
INSERT INTO supporting_projects(supporting_project_id, supported_at, delivery_id, payment_id, project_id, user_id) VALUES (1636, (SELECT projects.end_date - INTERVAL 21 DAY FROM projects WHERE projects.id=44), 1636, 1636, 44, 25);
INSERT INTO orders (order_id, created_at, delivery_id, payment_id, supporting_project_id) VALUES (1636, (SELECT projects.end_date - INTERVAL 21 DAY FROM projects WHERE projects.id=44), 1, 1636, 1636);
INSERT INTO supporting_packages(id, option_list, package_count, order_id, project_package_id, supporting_project_id) VALUES (1636, '["키링"]', 3, 1636, 44, 1636);
INSERT INTO supporting_projects(supporting_project_id, supported_at, delivery_id, payment_id, project_id, user_id) VALUES (1637, (SELECT projects.end_date - INTERVAL 41 DAY FROM projects WHERE projects.id=44), 1637, 1637, 44, 36);
INSERT INTO orders (order_id, created_at, delivery_id, payment_id, supporting_project_id) VALUES (1637, (SELECT projects.end_date - INTERVAL 41 DAY FROM projects WHERE projects.id=44), 1, 1637, 1637);
INSERT INTO supporting_packages(id, option_list, package_count, order_id, project_package_id, supporting_project_id) VALUES (1637, '["키링"]', 9, 1637, 44, 1637);
INSERT INTO supporting_projects(supporting_project_id, supported_at, delivery_id, payment_id, project_id, user_id) VALUES (1638, (SELECT projects.end_date - INTERVAL 11 DAY FROM projects WHERE projects.id=44), 1638, 1638, 44, 9);
INSERT INTO orders (order_id, created_at, delivery_id, payment_id, supporting_project_id) VALUES (1638, (SELECT projects.end_date - INTERVAL 11 DAY FROM projects WHERE projects.id=44), 1, 1638, 1638);
INSERT INTO supporting_packages(id, option_list, package_count, order_id, project_package_id, supporting_project_id) VALUES (1638, '["키링"]', 9, 1638, 44, 1638);
INSERT INTO supporting_projects(supporting_project_id, supported_at, delivery_id, payment_id, project_id, user_id) VALUES (1639, (SELECT projects.end_date - INTERVAL 39 DAY FROM projects WHERE projects.id=44), 1639, 1639, 44, 8);
INSERT INTO orders (order_id, created_at, delivery_id, payment_id, supporting_project_id) VALUES (1639, (SELECT projects.end_date - INTERVAL 39 DAY FROM projects WHERE projects.id=44), 1, 1639, 1639);
INSERT INTO supporting_packages(id, option_list, package_count, order_id, project_package_id, supporting_project_id) VALUES (1639, '["머그컵"]', 8, 1639, 44, 1639);
INSERT INTO supporting_projects(supporting_project_id, supported_at, delivery_id, payment_id, project_id, user_id) VALUES (1640, (SELECT projects.end_date - INTERVAL 40 DAY FROM projects WHERE projects.id=44), 1640, 1640, 44, 40);
INSERT INTO orders (order_id, created_at, delivery_id, payment_id, supporting_project_id) VALUES (1640, (SELECT projects.end_date - INTERVAL 40 DAY FROM projects WHERE projects.id=44), 1, 1640, 1640);
INSERT INTO supporting_packages(id, option_list, package_count, order_id, project_package_id, supporting_project_id) VALUES (1640, '["에코백"]', 6, 1640, 44, 1640);
INSERT INTO supporting_projects(supporting_project_id, supported_at, delivery_id, payment_id, project_id, user_id) VALUES (1641, (SELECT projects.end_date - INTERVAL 32 DAY FROM projects WHERE projects.id=44), 1641, 1641, 44, 33);
INSERT INTO orders (order_id, created_at, delivery_id, payment_id, supporting_project_id) VALUES (1641, (SELECT projects.end_date - INTERVAL 32 DAY FROM projects WHERE projects.id=44), 1, 1641, 1641);
INSERT INTO supporting_packages(id, option_list, package_count, order_id, project_package_id, supporting_project_id) VALUES (1641, '["에코백"]', 10, 1641, 44, 1641);
INSERT INTO supporting_projects(supporting_project_id, supported_at, delivery_id, payment_id, project_id, user_id) VALUES (1642, (SELECT projects.end_date - INTERVAL 29 DAY FROM projects WHERE projects.id=44), 1642, 1642, 44, 16);
INSERT INTO orders (order_id, created_at, delivery_id, payment_id, supporting_project_id) VALUES (1642, (SELECT projects.end_date - INTERVAL 29 DAY FROM projects WHERE projects.id=44), 1, 1642, 1642);
INSERT INTO supporting_packages(id, option_list, package_count, order_id, project_package_id, supporting_project_id) VALUES (1642, '["에코백"]', 2, 1642, 44, 1642);
INSERT INTO supporting_projects(supporting_project_id, supported_at, delivery_id, payment_id, project_id, user_id) VALUES (1643, (SELECT projects.end_date - INTERVAL 9 DAY FROM projects WHERE projects.id=44), 1643, 1643, 44, 20);
INSERT INTO orders (order_id, created_at, delivery_id, payment_id, supporting_project_id) VALUES (1643, (SELECT projects.end_date - INTERVAL 9 DAY FROM projects WHERE projects.id=44), 1, 1643, 1643);
INSERT INTO supporting_packages(id, option_list, package_count, order_id, project_package_id, supporting_project_id) VALUES (1643, '["머그컵"]', 10, 1643, 44, 1643);
INSERT INTO supporting_projects(supporting_project_id, supported_at, delivery_id, payment_id, project_id, user_id) VALUES (1644, (SELECT projects.end_date - INTERVAL 24 DAY FROM projects WHERE projects.id=44), 1644, 1644, 44, 38);
INSERT INTO orders (order_id, created_at, delivery_id, payment_id, supporting_project_id) VALUES (1644, (SELECT projects.end_date - INTERVAL 24 DAY FROM projects WHERE projects.id=44), 1, 1644, 1644);
INSERT INTO supporting_packages(id, option_list, package_count, order_id, project_package_id, supporting_project_id) VALUES (1644, '["키링"]', 1, 1644, 44, 1644);
INSERT INTO supporting_projects(supporting_project_id, supported_at, delivery_id, payment_id, project_id, user_id) VALUES (1645, (SELECT projects.end_date - INTERVAL 14 DAY FROM projects WHERE projects.id=44), 1645, 1645, 44, 10);
INSERT INTO orders (order_id, created_at, delivery_id, payment_id, supporting_project_id) VALUES (1645, (SELECT projects.end_date - INTERVAL 14 DAY FROM projects WHERE projects.id=44), 1, 1645, 1645);
INSERT INTO supporting_packages(id, option_list, package_count, order_id, project_package_id, supporting_project_id) VALUES (1645, '["머그컵"]', 9, 1645, 44, 1645);
INSERT INTO supporting_projects(supporting_project_id, supported_at, delivery_id, payment_id, project_id, user_id) VALUES (1646, (SELECT projects.end_date - INTERVAL 40 DAY FROM projects WHERE projects.id=44), 1646, 1646, 44, 33);
INSERT INTO orders (order_id, created_at, delivery_id, payment_id, supporting_project_id) VALUES (1646, (SELECT projects.end_date - INTERVAL 40 DAY FROM projects WHERE projects.id=44), 1, 1646, 1646);
INSERT INTO supporting_packages(id, option_list, package_count, order_id, project_package_id, supporting_project_id) VALUES (1646, '["머그컵"]', 1, 1646, 44, 1646);
INSERT INTO supporting_projects(supporting_project_id, supported_at, delivery_id, payment_id, project_id, user_id) VALUES (1647, (SELECT projects.end_date - INTERVAL 18 DAY FROM projects WHERE projects.id=44), 1647, 1647, 44, 9);
INSERT INTO orders (order_id, created_at, delivery_id, payment_id, supporting_project_id) VALUES (1647, (SELECT projects.end_date - INTERVAL 18 DAY FROM projects WHERE projects.id=44), 1, 1647, 1647);
INSERT INTO supporting_packages(id, option_list, package_count, order_id, project_package_id, supporting_project_id) VALUES (1647, '["키링"]', 8, 1647, 44, 1647);
INSERT INTO supporting_projects(supporting_project_id, supported_at, delivery_id, payment_id, project_id, user_id) VALUES (1648, (SELECT projects.end_date - INTERVAL 39 DAY FROM projects WHERE projects.id=44), 1648, 1648, 44, 29);
INSERT INTO orders (order_id, created_at, delivery_id, payment_id, supporting_project_id) VALUES (1648, (SELECT projects.end_date - INTERVAL 39 DAY FROM projects WHERE projects.id=44), 1, 1648, 1648);
INSERT INTO supporting_packages(id, option_list, package_count, order_id, project_package_id, supporting_project_id) VALUES (1648, '["에코백"]', 7, 1648, 44, 1648);
INSERT INTO supporting_projects(supporting_project_id, supported_at, delivery_id, payment_id, project_id, user_id) VALUES (1649, (SELECT projects.end_date - INTERVAL 15 DAY FROM projects WHERE projects.id=44), 1649, 1649, 44, 19);
INSERT INTO orders (order_id, created_at, delivery_id, payment_id, supporting_project_id) VALUES (1649, (SELECT projects.end_date - INTERVAL 15 DAY FROM projects WHERE projects.id=44), 1, 1649, 1649);
INSERT INTO supporting_packages(id, option_list, package_count, order_id, project_package_id, supporting_project_id) VALUES (1649, '["에코백"]', 6, 1649, 44, 1649);
INSERT INTO supporting_projects(supporting_project_id, supported_at, delivery_id, payment_id, project_id, user_id) VALUES (1650, (SELECT projects.end_date - INTERVAL 16 DAY FROM projects WHERE projects.id=44), 1650, 1650, 44, 19);
INSERT INTO orders (order_id, created_at, delivery_id, payment_id, supporting_project_id) VALUES (1650, (SELECT projects.end_date - INTERVAL 16 DAY FROM projects WHERE projects.id=44), 1, 1650, 1650);
INSERT INTO supporting_packages(id, option_list, package_count, order_id, project_package_id, supporting_project_id) VALUES (1650, '["에코백"]', 5, 1650, 44, 1650);
INSERT INTO supporting_projects(supporting_project_id, supported_at, delivery_id, payment_id, project_id, user_id) VALUES (1651, (SELECT projects.end_date - INTERVAL 32 DAY FROM projects WHERE projects.id=44), 1651, 1651, 44, 8);
INSERT INTO orders (order_id, created_at, delivery_id, payment_id, supporting_project_id) VALUES (1651, (SELECT projects.end_date - INTERVAL 32 DAY FROM projects WHERE projects.id=44), 1, 1651, 1651);
INSERT INTO supporting_packages(id, option_list, package_count, order_id, project_package_id, supporting_project_id) VALUES (1651, '["에코백"]', 2, 1651, 44, 1651);
INSERT INTO supporting_projects(supporting_project_id, supported_at, delivery_id, payment_id, project_id, user_id) VALUES (1652, (SELECT projects.end_date - INTERVAL 21 DAY FROM projects WHERE projects.id=44), 1652, 1652, 44, 38);
INSERT INTO orders (order_id, created_at, delivery_id, payment_id, supporting_project_id) VALUES (1652, (SELECT projects.end_date - INTERVAL 21 DAY FROM projects WHERE projects.id=44), 1, 1652, 1652);
INSERT INTO supporting_packages(id, option_list, package_count, order_id, project_package_id, supporting_project_id) VALUES (1652, '["에코백"]', 9, 1652, 44, 1652);
INSERT INTO supporting_projects(supporting_project_id, supported_at, delivery_id, payment_id, project_id, user_id) VALUES (1653, (SELECT projects.end_date - INTERVAL 40 DAY FROM projects WHERE projects.id=44), 1653, 1653, 44, 10);
INSERT INTO orders (order_id, created_at, delivery_id, payment_id, supporting_project_id) VALUES (1653, (SELECT projects.end_date - INTERVAL 40 DAY FROM projects WHERE projects.id=44), 1, 1653, 1653);
INSERT INTO supporting_packages(id, option_list, package_count, order_id, project_package_id, supporting_project_id) VALUES (1653, '["에코백"]', 7, 1653, 44, 1653);
INSERT INTO supporting_projects(supporting_project_id, supported_at, delivery_id, payment_id, project_id, user_id) VALUES (1654, (SELECT projects.end_date - INTERVAL 38 DAY FROM projects WHERE projects.id=44), 1654, 1654, 44, 36);
INSERT INTO orders (order_id, created_at, delivery_id, payment_id, supporting_project_id) VALUES (1654, (SELECT projects.end_date - INTERVAL 38 DAY FROM projects WHERE projects.id=44), 1, 1654, 1654);
INSERT INTO supporting_packages(id, option_list, package_count, order_id, project_package_id, supporting_project_id) VALUES (1654, '["키링"]', 3, 1654, 44, 1654);
INSERT INTO supporting_projects(supporting_project_id, supported_at, delivery_id, payment_id, project_id, user_id) VALUES (1655, (SELECT projects.end_date - INTERVAL 19 DAY FROM projects WHERE projects.id=44), 1655, 1655, 44, 25);
INSERT INTO orders (order_id, created_at, delivery_id, payment_id, supporting_project_id) VALUES (1655, (SELECT projects.end_date - INTERVAL 19 DAY FROM projects WHERE projects.id=44), 1, 1655, 1655);
INSERT INTO supporting_packages(id, option_list, package_count, order_id, project_package_id, supporting_project_id) VALUES (1655, '["키링"]', 9, 1655, 44, 1655);
INSERT INTO supporting_projects(supporting_project_id, supported_at, delivery_id, payment_id, project_id, user_id) VALUES (1656, (SELECT projects.end_date - INTERVAL 43 DAY FROM projects WHERE projects.id=44), 1656, 1656, 44, 34);
INSERT INTO orders (order_id, created_at, delivery_id, payment_id, supporting_project_id) VALUES (1656, (SELECT projects.end_date - INTERVAL 43 DAY FROM projects WHERE projects.id=44), 1, 1656, 1656);
INSERT INTO supporting_packages(id, option_list, package_count, order_id, project_package_id, supporting_project_id) VALUES (1656, '["머그컵"]', 4, 1656, 44, 1656);
INSERT INTO supporting_projects(supporting_project_id, supported_at, delivery_id, payment_id, project_id, user_id) VALUES (1657, (SELECT projects.end_date - INTERVAL 43 DAY FROM projects WHERE projects.id=44), 1657, 1657, 44, 29);
INSERT INTO orders (order_id, created_at, delivery_id, payment_id, supporting_project_id) VALUES (1657, (SELECT projects.end_date - INTERVAL 43 DAY FROM projects WHERE projects.id=44), 1, 1657, 1657);
INSERT INTO supporting_packages(id, option_list, package_count, order_id, project_package_id, supporting_project_id) VALUES (1657, '["에코백"]', 1, 1657, 44, 1657);
INSERT INTO supporting_projects(supporting_project_id, supported_at, delivery_id, payment_id, project_id, user_id) VALUES (1658, (SELECT projects.end_date - INTERVAL 46 DAY FROM projects WHERE projects.id=44), 1658, 1658, 44, 27);
INSERT INTO orders (order_id, created_at, delivery_id, payment_id, supporting_project_id) VALUES (1658, (SELECT projects.end_date - INTERVAL 46 DAY FROM projects WHERE projects.id=44), 1, 1658, 1658);
INSERT INTO supporting_packages(id, option_list, package_count, order_id, project_package_id, supporting_project_id) VALUES (1658, '["머그컵"]', 3, 1658, 44, 1658);
INSERT INTO supporting_projects(supporting_project_id, supported_at, delivery_id, payment_id, project_id, user_id) VALUES (1659, (SELECT projects.end_date - INTERVAL 38 DAY FROM projects WHERE projects.id=44), 1659, 1659, 44, 11);
INSERT INTO orders (order_id, created_at, delivery_id, payment_id, supporting_project_id) VALUES (1659, (SELECT projects.end_date - INTERVAL 38 DAY FROM projects WHERE projects.id=44), 1, 1659, 1659);
INSERT INTO supporting_packages(id, option_list, package_count, order_id, project_package_id, supporting_project_id) VALUES (1659, '["머그컵"]', 9, 1659, 44, 1659);
INSERT INTO supporting_projects(supporting_project_id, supported_at, delivery_id, payment_id, project_id, user_id) VALUES (1660, (SELECT projects.end_date - INTERVAL 27 DAY FROM projects WHERE projects.id=44), 1660, 1660, 44, 3);
INSERT INTO orders (order_id, created_at, delivery_id, payment_id, supporting_project_id) VALUES (1660, (SELECT projects.end_date - INTERVAL 27 DAY FROM projects WHERE projects.id=44), 1, 1660, 1660);
INSERT INTO supporting_packages(id, option_list, package_count, order_id, project_package_id, supporting_project_id) VALUES (1660, '["키링"]', 10, 1660, 44, 1660);
INSERT INTO supporting_projects(supporting_project_id, supported_at, delivery_id, payment_id, project_id, user_id) VALUES (1661, (SELECT projects.end_date - INTERVAL 26 DAY FROM projects WHERE projects.id=44), 1661, 1661, 44, 7);
INSERT INTO orders (order_id, created_at, delivery_id, payment_id, supporting_project_id) VALUES (1661, (SELECT projects.end_date - INTERVAL 26 DAY FROM projects WHERE projects.id=44), 1, 1661, 1661);
INSERT INTO supporting_packages(id, option_list, package_count, order_id, project_package_id, supporting_project_id) VALUES (1661, '["키링"]', 4, 1661, 44, 1661);
INSERT INTO supporting_projects(supporting_project_id, supported_at, delivery_id, payment_id, project_id, user_id) VALUES (1662, (SELECT projects.end_date - INTERVAL 24 DAY FROM projects WHERE projects.id=45), 1662, 1662, 45, 18);
INSERT INTO orders (order_id, created_at, delivery_id, payment_id, supporting_project_id) VALUES (1662, (SELECT projects.end_date - INTERVAL 24 DAY FROM projects WHERE projects.id=45), 1, 1662, 1662);
INSERT INTO supporting_packages(id, option_list, package_count, order_id, project_package_id, supporting_project_id) VALUES (1662, '["대형"]', 6, 1662, 45, 1662);
INSERT INTO supporting_projects(supporting_project_id, supported_at, delivery_id, payment_id, project_id, user_id) VALUES (1663, (SELECT projects.end_date - INTERVAL 35 DAY FROM projects WHERE projects.id=45), 1663, 1663, 45, 6);
INSERT INTO orders (order_id, created_at, delivery_id, payment_id, supporting_project_id) VALUES (1663, (SELECT projects.end_date - INTERVAL 35 DAY FROM projects WHERE projects.id=45), 1, 1663, 1663);
INSERT INTO supporting_packages(id, option_list, package_count, order_id, project_package_id, supporting_project_id) VALUES (1663, '["중형"]', 10, 1663, 45, 1663);
INSERT INTO supporting_projects(supporting_project_id, supported_at, delivery_id, payment_id, project_id, user_id) VALUES (1664, (SELECT projects.end_date - INTERVAL 21 DAY FROM projects WHERE projects.id=45), 1664, 1664, 45, 31);
INSERT INTO orders (order_id, created_at, delivery_id, payment_id, supporting_project_id) VALUES (1664, (SELECT projects.end_date - INTERVAL 21 DAY FROM projects WHERE projects.id=45), 1, 1664, 1664);
INSERT INTO supporting_packages(id, option_list, package_count, order_id, project_package_id, supporting_project_id) VALUES (1664, '["소형"]', 8, 1664, 45, 1664);
INSERT INTO supporting_projects(supporting_project_id, supported_at, delivery_id, payment_id, project_id, user_id) VALUES (1665, (SELECT projects.end_date - INTERVAL 44 DAY FROM projects WHERE projects.id=45), 1665, 1665, 45, 2);
INSERT INTO orders (order_id, created_at, delivery_id, payment_id, supporting_project_id) VALUES (1665, (SELECT projects.end_date - INTERVAL 44 DAY FROM projects WHERE projects.id=45), 1, 1665, 1665);
INSERT INTO supporting_packages(id, option_list, package_count, order_id, project_package_id, supporting_project_id) VALUES (1665, '["소형"]', 7, 1665, 45, 1665);
INSERT INTO supporting_projects(supporting_project_id, supported_at, delivery_id, payment_id, project_id, user_id) VALUES (1666, (SELECT projects.end_date - INTERVAL 24 DAY FROM projects WHERE projects.id=45), 1666, 1666, 45, 19);
INSERT INTO orders (order_id, created_at, delivery_id, payment_id, supporting_project_id) VALUES (1666, (SELECT projects.end_date - INTERVAL 24 DAY FROM projects WHERE projects.id=45), 1, 1666, 1666);
INSERT INTO supporting_packages(id, option_list, package_count, order_id, project_package_id, supporting_project_id) VALUES (1666, '["중형"]', 10, 1666, 45, 1666);
INSERT INTO supporting_projects(supporting_project_id, supported_at, delivery_id, payment_id, project_id, user_id) VALUES (1667, (SELECT projects.end_date - INTERVAL 36 DAY FROM projects WHERE projects.id=45), 1667, 1667, 45, 40);
INSERT INTO orders (order_id, created_at, delivery_id, payment_id, supporting_project_id) VALUES (1667, (SELECT projects.end_date - INTERVAL 36 DAY FROM projects WHERE projects.id=45), 1, 1667, 1667);
INSERT INTO supporting_packages(id, option_list, package_count, order_id, project_package_id, supporting_project_id) VALUES (1667, '["대형"]', 8, 1667, 45, 1667);
INSERT INTO supporting_projects(supporting_project_id, supported_at, delivery_id, payment_id, project_id, user_id) VALUES (1668, (SELECT projects.end_date - INTERVAL 25 DAY FROM projects WHERE projects.id=45), 1668, 1668, 45, 1);
INSERT INTO orders (order_id, created_at, delivery_id, payment_id, supporting_project_id) VALUES (1668, (SELECT projects.end_date - INTERVAL 25 DAY FROM projects WHERE projects.id=45), 1, 1668, 1668);
INSERT INTO supporting_packages(id, option_list, package_count, order_id, project_package_id, supporting_project_id) VALUES (1668, '["중형"]', 5, 1668, 45, 1668);
INSERT INTO supporting_projects(supporting_project_id, supported_at, delivery_id, payment_id, project_id, user_id) VALUES (1669, (SELECT projects.end_date - INTERVAL 32 DAY FROM projects WHERE projects.id=45), 1669, 1669, 45, 31);
INSERT INTO orders (order_id, created_at, delivery_id, payment_id, supporting_project_id) VALUES (1669, (SELECT projects.end_date - INTERVAL 32 DAY FROM projects WHERE projects.id=45), 1, 1669, 1669);
INSERT INTO supporting_packages(id, option_list, package_count, order_id, project_package_id, supporting_project_id) VALUES (1669, '["대형"]', 5, 1669, 45, 1669);
INSERT INTO supporting_projects(supporting_project_id, supported_at, delivery_id, payment_id, project_id, user_id) VALUES (1670, (SELECT projects.end_date - INTERVAL 26 DAY FROM projects WHERE projects.id=45), 1670, 1670, 45, 32);
INSERT INTO orders (order_id, created_at, delivery_id, payment_id, supporting_project_id) VALUES (1670, (SELECT projects.end_date - INTERVAL 26 DAY FROM projects WHERE projects.id=45), 1, 1670, 1670);
INSERT INTO supporting_packages(id, option_list, package_count, order_id, project_package_id, supporting_project_id) VALUES (1670, '["소형"]', 2, 1670, 45, 1670);
INSERT INTO supporting_projects(supporting_project_id, supported_at, delivery_id, payment_id, project_id, user_id) VALUES (1671, (SELECT projects.end_date - INTERVAL 24 DAY FROM projects WHERE projects.id=45), 1671, 1671, 45, 39);
INSERT INTO orders (order_id, created_at, delivery_id, payment_id, supporting_project_id) VALUES (1671, (SELECT projects.end_date - INTERVAL 24 DAY FROM projects WHERE projects.id=45), 1, 1671, 1671);
INSERT INTO supporting_packages(id, option_list, package_count, order_id, project_package_id, supporting_project_id) VALUES (1671, '["소형"]', 6, 1671, 45, 1671);
INSERT INTO supporting_projects(supporting_project_id, supported_at, delivery_id, payment_id, project_id, user_id) VALUES (1672, (SELECT projects.end_date - INTERVAL 28 DAY FROM projects WHERE projects.id=45), 1672, 1672, 45, 36);
INSERT INTO orders (order_id, created_at, delivery_id, payment_id, supporting_project_id) VALUES (1672, (SELECT projects.end_date - INTERVAL 28 DAY FROM projects WHERE projects.id=45), 1, 1672, 1672);
INSERT INTO supporting_packages(id, option_list, package_count, order_id, project_package_id, supporting_project_id) VALUES (1672, '["대형"]', 6, 1672, 45, 1672);
INSERT INTO supporting_projects(supporting_project_id, supported_at, delivery_id, payment_id, project_id, user_id) VALUES (1673, (SELECT projects.end_date - INTERVAL 28 DAY FROM projects WHERE projects.id=45), 1673, 1673, 45, 24);
INSERT INTO orders (order_id, created_at, delivery_id, payment_id, supporting_project_id) VALUES (1673, (SELECT projects.end_date - INTERVAL 28 DAY FROM projects WHERE projects.id=45), 1, 1673, 1673);
INSERT INTO supporting_packages(id, option_list, package_count, order_id, project_package_id, supporting_project_id) VALUES (1673, '["대형"]', 3, 1673, 45, 1673);
INSERT INTO supporting_projects(supporting_project_id, supported_at, delivery_id, payment_id, project_id, user_id) VALUES (1674, (SELECT projects.end_date - INTERVAL 45 DAY FROM projects WHERE projects.id=45), 1674, 1674, 45, 11);
INSERT INTO orders (order_id, created_at, delivery_id, payment_id, supporting_project_id) VALUES (1674, (SELECT projects.end_date - INTERVAL 45 DAY FROM projects WHERE projects.id=45), 1, 1674, 1674);
INSERT INTO supporting_packages(id, option_list, package_count, order_id, project_package_id, supporting_project_id) VALUES (1674, '["소형"]', 3, 1674, 45, 1674);
INSERT INTO supporting_projects(supporting_project_id, supported_at, delivery_id, payment_id, project_id, user_id) VALUES (1675, (SELECT projects.end_date - INTERVAL 25 DAY FROM projects WHERE projects.id=45), 1675, 1675, 45, 19);
INSERT INTO orders (order_id, created_at, delivery_id, payment_id, supporting_project_id) VALUES (1675, (SELECT projects.end_date - INTERVAL 25 DAY FROM projects WHERE projects.id=45), 1, 1675, 1675);
INSERT INTO supporting_packages(id, option_list, package_count, order_id, project_package_id, supporting_project_id) VALUES (1675, '["중형"]', 9, 1675, 45, 1675);
INSERT INTO supporting_projects(supporting_project_id, supported_at, delivery_id, payment_id, project_id, user_id) VALUES (1676, (SELECT projects.end_date - INTERVAL 48 DAY FROM projects WHERE projects.id=45), 1676, 1676, 45, 34);
INSERT INTO orders (order_id, created_at, delivery_id, payment_id, supporting_project_id) VALUES (1676, (SELECT projects.end_date - INTERVAL 48 DAY FROM projects WHERE projects.id=45), 1, 1676, 1676);
INSERT INTO supporting_packages(id, option_list, package_count, order_id, project_package_id, supporting_project_id) VALUES (1676, '["대형"]', 2, 1676, 45, 1676);
INSERT INTO supporting_projects(supporting_project_id, supported_at, delivery_id, payment_id, project_id, user_id) VALUES (1677, (SELECT projects.end_date - INTERVAL 25 DAY FROM projects WHERE projects.id=47), 1677, 1677, 47, 17);
INSERT INTO orders (order_id, created_at, delivery_id, payment_id, supporting_project_id) VALUES (1677, (SELECT projects.end_date - INTERVAL 25 DAY FROM projects WHERE projects.id=47), 1, 1677, 1677);
INSERT INTO supporting_packages(id, option_list, package_count, order_id, project_package_id, supporting_project_id) VALUES (1677, '["전문가용"]', 4, 1677, 47, 1677);
INSERT INTO supporting_projects(supporting_project_id, supported_at, delivery_id, payment_id, project_id, user_id) VALUES (1678, (SELECT projects.end_date - INTERVAL 22 DAY FROM projects WHERE projects.id=47), 1678, 1678, 47, 16);
INSERT INTO orders (order_id, created_at, delivery_id, payment_id, supporting_project_id) VALUES (1678, (SELECT projects.end_date - INTERVAL 22 DAY FROM projects WHERE projects.id=47), 1, 1678, 1678);
INSERT INTO supporting_packages(id, option_list, package_count, order_id, project_package_id, supporting_project_id) VALUES (1678, '["중급자용"]', 10, 1678, 47, 1678);
INSERT INTO supporting_projects(supporting_project_id, supported_at, delivery_id, payment_id, project_id, user_id) VALUES (1679, (SELECT projects.end_date - INTERVAL 41 DAY FROM projects WHERE projects.id=47), 1679, 1679, 47, 12);
INSERT INTO orders (order_id, created_at, delivery_id, payment_id, supporting_project_id) VALUES (1679, (SELECT projects.end_date - INTERVAL 41 DAY FROM projects WHERE projects.id=47), 1, 1679, 1679);
INSERT INTO supporting_packages(id, option_list, package_count, order_id, project_package_id, supporting_project_id) VALUES (1679, '["중급자용"]', 10, 1679, 47, 1679);
INSERT INTO supporting_projects(supporting_project_id, supported_at, delivery_id, payment_id, project_id, user_id) VALUES (1680, (SELECT projects.end_date - INTERVAL 8 DAY FROM projects WHERE projects.id=47), 1680, 1680, 47, 21);
INSERT INTO orders (order_id, created_at, delivery_id, payment_id, supporting_project_id) VALUES (1680, (SELECT projects.end_date - INTERVAL 8 DAY FROM projects WHERE projects.id=47), 1, 1680, 1680);
INSERT INTO supporting_packages(id, option_list, package_count, order_id, project_package_id, supporting_project_id) VALUES (1680, '["초급자용"]', 10, 1680, 47, 1680);
INSERT INTO supporting_projects(supporting_project_id, supported_at, delivery_id, payment_id, project_id, user_id) VALUES (1681, (SELECT projects.end_date - INTERVAL 15 DAY FROM projects WHERE projects.id=47), 1681, 1681, 47, 26);
INSERT INTO orders (order_id, created_at, delivery_id, payment_id, supporting_project_id) VALUES (1681, (SELECT projects.end_date - INTERVAL 15 DAY FROM projects WHERE projects.id=47), 1, 1681, 1681);
INSERT INTO supporting_packages(id, option_list, package_count, order_id, project_package_id, supporting_project_id) VALUES (1681, '["초급자용"]', 1, 1681, 47, 1681);
INSERT INTO supporting_projects(supporting_project_id, supported_at, delivery_id, payment_id, project_id, user_id) VALUES (1682, (SELECT projects.end_date - INTERVAL 40 DAY FROM projects WHERE projects.id=47), 1682, 1682, 47, 5);
INSERT INTO orders (order_id, created_at, delivery_id, payment_id, supporting_project_id) VALUES (1682, (SELECT projects.end_date - INTERVAL 40 DAY FROM projects WHERE projects.id=47), 1, 1682, 1682);
INSERT INTO supporting_packages(id, option_list, package_count, order_id, project_package_id, supporting_project_id) VALUES (1682, '["초급자용"]', 7, 1682, 47, 1682);
INSERT INTO supporting_projects(supporting_project_id, supported_at, delivery_id, payment_id, project_id, user_id) VALUES (1683, (SELECT projects.end_date - INTERVAL 13 DAY FROM projects WHERE projects.id=47), 1683, 1683, 47, 22);
INSERT INTO orders (order_id, created_at, delivery_id, payment_id, supporting_project_id) VALUES (1683, (SELECT projects.end_date - INTERVAL 13 DAY FROM projects WHERE projects.id=47), 1, 1683, 1683);
INSERT INTO supporting_packages(id, option_list, package_count, order_id, project_package_id, supporting_project_id) VALUES (1683, '["중급자용"]', 9, 1683, 47, 1683);
INSERT INTO supporting_projects(supporting_project_id, supported_at, delivery_id, payment_id, project_id, user_id) VALUES (1684, (SELECT projects.end_date - INTERVAL 49 DAY FROM projects WHERE projects.id=47), 1684, 1684, 47, 23);
INSERT INTO orders (order_id, created_at, delivery_id, payment_id, supporting_project_id) VALUES (1684, (SELECT projects.end_date - INTERVAL 49 DAY FROM projects WHERE projects.id=47), 1, 1684, 1684);
INSERT INTO supporting_packages(id, option_list, package_count, order_id, project_package_id, supporting_project_id) VALUES (1684, '["전문가용"]', 6, 1684, 47, 1684);
INSERT INTO supporting_projects(supporting_project_id, supported_at, delivery_id, payment_id, project_id, user_id) VALUES (1685, (SELECT projects.end_date - INTERVAL 36 DAY FROM projects WHERE projects.id=47), 1685, 1685, 47, 9);
INSERT INTO orders (order_id, created_at, delivery_id, payment_id, supporting_project_id) VALUES (1685, (SELECT projects.end_date - INTERVAL 36 DAY FROM projects WHERE projects.id=47), 1, 1685, 1685);
INSERT INTO supporting_packages(id, option_list, package_count, order_id, project_package_id, supporting_project_id) VALUES (1685, '["중급자용"]', 6, 1685, 47, 1685);
INSERT INTO supporting_projects(supporting_project_id, supported_at, delivery_id, payment_id, project_id, user_id) VALUES (1686, (SELECT projects.end_date - INTERVAL 27 DAY FROM projects WHERE projects.id=47), 1686, 1686, 47, 33);
INSERT INTO orders (order_id, created_at, delivery_id, payment_id, supporting_project_id) VALUES (1686, (SELECT projects.end_date - INTERVAL 27 DAY FROM projects WHERE projects.id=47), 1, 1686, 1686);
INSERT INTO supporting_packages(id, option_list, package_count, order_id, project_package_id, supporting_project_id) VALUES (1686, '["초급자용"]', 4, 1686, 47, 1686);
INSERT INTO supporting_projects(supporting_project_id, supported_at, delivery_id, payment_id, project_id, user_id) VALUES (1687, (SELECT projects.end_date - INTERVAL 14 DAY FROM projects WHERE projects.id=47), 1687, 1687, 47, 1);
INSERT INTO orders (order_id, created_at, delivery_id, payment_id, supporting_project_id) VALUES (1687, (SELECT projects.end_date - INTERVAL 14 DAY FROM projects WHERE projects.id=47), 1, 1687, 1687);
INSERT INTO supporting_packages(id, option_list, package_count, order_id, project_package_id, supporting_project_id) VALUES (1687, '["전문가용"]', 7, 1687, 47, 1687);
INSERT INTO supporting_projects(supporting_project_id, supported_at, delivery_id, payment_id, project_id, user_id) VALUES (1688, (SELECT projects.end_date - INTERVAL 42 DAY FROM projects WHERE projects.id=47), 1688, 1688, 47, 8);
INSERT INTO orders (order_id, created_at, delivery_id, payment_id, supporting_project_id) VALUES (1688, (SELECT projects.end_date - INTERVAL 42 DAY FROM projects WHERE projects.id=47), 1, 1688, 1688);
INSERT INTO supporting_packages(id, option_list, package_count, order_id, project_package_id, supporting_project_id) VALUES (1688, '["전문가용"]', 3, 1688, 47, 1688);
INSERT INTO supporting_projects(supporting_project_id, supported_at, delivery_id, payment_id, project_id, user_id) VALUES (1689, (SELECT projects.end_date - INTERVAL 40 DAY FROM projects WHERE projects.id=47), 1689, 1689, 47, 35);
INSERT INTO orders (order_id, created_at, delivery_id, payment_id, supporting_project_id) VALUES (1689, (SELECT projects.end_date - INTERVAL 40 DAY FROM projects WHERE projects.id=47), 1, 1689, 1689);
INSERT INTO supporting_packages(id, option_list, package_count, order_id, project_package_id, supporting_project_id) VALUES (1689, '["중급자용"]', 10, 1689, 47, 1689);
INSERT INTO supporting_projects(supporting_project_id, supported_at, delivery_id, payment_id, project_id, user_id) VALUES (1690, (SELECT projects.end_date - INTERVAL 13 DAY FROM projects WHERE projects.id=47), 1690, 1690, 47, 2);
INSERT INTO orders (order_id, created_at, delivery_id, payment_id, supporting_project_id) VALUES (1690, (SELECT projects.end_date - INTERVAL 13 DAY FROM projects WHERE projects.id=47), 1, 1690, 1690);
INSERT INTO supporting_packages(id, option_list, package_count, order_id, project_package_id, supporting_project_id) VALUES (1690, '["중급자용"]', 2, 1690, 47, 1690);
INSERT INTO supporting_projects(supporting_project_id, supported_at, delivery_id, payment_id, project_id, user_id) VALUES (1691, (SELECT projects.end_date - INTERVAL 31 DAY FROM projects WHERE projects.id=47), 1691, 1691, 47, 10);
INSERT INTO orders (order_id, created_at, delivery_id, payment_id, supporting_project_id) VALUES (1691, (SELECT projects.end_date - INTERVAL 31 DAY FROM projects WHERE projects.id=47), 1, 1691, 1691);
INSERT INTO supporting_packages(id, option_list, package_count, order_id, project_package_id, supporting_project_id) VALUES (1691, '["전문가용"]', 9, 1691, 47, 1691);
INSERT INTO supporting_projects(supporting_project_id, supported_at, delivery_id, payment_id, project_id, user_id) VALUES (1692, (SELECT projects.end_date - INTERVAL 30 DAY FROM projects WHERE projects.id=47), 1692, 1692, 47, 35);
INSERT INTO orders (order_id, created_at, delivery_id, payment_id, supporting_project_id) VALUES (1692, (SELECT projects.end_date - INTERVAL 30 DAY FROM projects WHERE projects.id=47), 1, 1692, 1692);
INSERT INTO supporting_packages(id, option_list, package_count, order_id, project_package_id, supporting_project_id) VALUES (1692, '["중급자용"]', 8, 1692, 47, 1692);
INSERT INTO supporting_projects(supporting_project_id, supported_at, delivery_id, payment_id, project_id, user_id) VALUES (1693, (SELECT projects.end_date - INTERVAL 16 DAY FROM projects WHERE projects.id=47), 1693, 1693, 47, 19);
INSERT INTO orders (order_id, created_at, delivery_id, payment_id, supporting_project_id) VALUES (1693, (SELECT projects.end_date - INTERVAL 16 DAY FROM projects WHERE projects.id=47), 1, 1693, 1693);
INSERT INTO supporting_packages(id, option_list, package_count, order_id, project_package_id, supporting_project_id) VALUES (1693, '["전문가용"]', 2, 1693, 47, 1693);
INSERT INTO supporting_projects(supporting_project_id, supported_at, delivery_id, payment_id, project_id, user_id) VALUES (1694, (SELECT projects.end_date - INTERVAL 43 DAY FROM projects WHERE projects.id=47), 1694, 1694, 47, 31);
INSERT INTO orders (order_id, created_at, delivery_id, payment_id, supporting_project_id) VALUES (1694, (SELECT projects.end_date - INTERVAL 43 DAY FROM projects WHERE projects.id=47), 1, 1694, 1694);
INSERT INTO supporting_packages(id, option_list, package_count, order_id, project_package_id, supporting_project_id) VALUES (1694, '["초급자용"]', 10, 1694, 47, 1694);
INSERT INTO supporting_projects(supporting_project_id, supported_at, delivery_id, payment_id, project_id, user_id) VALUES (1695, (SELECT projects.end_date - INTERVAL 37 DAY FROM projects WHERE projects.id=47), 1695, 1695, 47, 40);
INSERT INTO orders (order_id, created_at, delivery_id, payment_id, supporting_project_id) VALUES (1695, (SELECT projects.end_date - INTERVAL 37 DAY FROM projects WHERE projects.id=47), 1, 1695, 1695);
INSERT INTO supporting_packages(id, option_list, package_count, order_id, project_package_id, supporting_project_id) VALUES (1695, '["초급자용"]', 10, 1695, 47, 1695);
INSERT INTO supporting_projects(supporting_project_id, supported_at, delivery_id, payment_id, project_id, user_id) VALUES (1696, (SELECT projects.end_date - INTERVAL 43 DAY FROM projects WHERE projects.id=47), 1696, 1696, 47, 20);
INSERT INTO orders (order_id, created_at, delivery_id, payment_id, supporting_project_id) VALUES (1696, (SELECT projects.end_date - INTERVAL 43 DAY FROM projects WHERE projects.id=47), 1, 1696, 1696);
INSERT INTO supporting_packages(id, option_list, package_count, order_id, project_package_id, supporting_project_id) VALUES (1696, '["전문가용"]', 2, 1696, 47, 1696);
INSERT INTO supporting_projects(supporting_project_id, supported_at, delivery_id, payment_id, project_id, user_id) VALUES (1697, (SELECT projects.end_date - INTERVAL 39 DAY FROM projects WHERE projects.id=47), 1697, 1697, 47, 40);
INSERT INTO orders (order_id, created_at, delivery_id, payment_id, supporting_project_id) VALUES (1697, (SELECT projects.end_date - INTERVAL 39 DAY FROM projects WHERE projects.id=47), 1, 1697, 1697);
INSERT INTO supporting_packages(id, option_list, package_count, order_id, project_package_id, supporting_project_id) VALUES (1697, '["중급자용"]', 7, 1697, 47, 1697);
INSERT INTO supporting_projects(supporting_project_id, supported_at, delivery_id, payment_id, project_id, user_id) VALUES (1698, (SELECT projects.end_date - INTERVAL 13 DAY FROM projects WHERE projects.id=47), 1698, 1698, 47, 26);
INSERT INTO orders (order_id, created_at, delivery_id, payment_id, supporting_project_id) VALUES (1698, (SELECT projects.end_date - INTERVAL 13 DAY FROM projects WHERE projects.id=47), 1, 1698, 1698);
INSERT INTO supporting_packages(id, option_list, package_count, order_id, project_package_id, supporting_project_id) VALUES (1698, '["전문가용"]', 2, 1698, 47, 1698);
INSERT INTO supporting_projects(supporting_project_id, supported_at, delivery_id, payment_id, project_id, user_id) VALUES (1699, (SELECT projects.end_date - INTERVAL 46 DAY FROM projects WHERE projects.id=47), 1699, 1699, 47, 24);
INSERT INTO orders (order_id, created_at, delivery_id, payment_id, supporting_project_id) VALUES (1699, (SELECT projects.end_date - INTERVAL 46 DAY FROM projects WHERE projects.id=47), 1, 1699, 1699);
INSERT INTO supporting_packages(id, option_list, package_count, order_id, project_package_id, supporting_project_id) VALUES (1699, '["초급자용"]', 6, 1699, 47, 1699);
INSERT INTO supporting_projects(supporting_project_id, supported_at, delivery_id, payment_id, project_id, user_id) VALUES (1700, (SELECT projects.end_date - INTERVAL 7 DAY FROM projects WHERE projects.id=47), 1700, 1700, 47, 36);
INSERT INTO orders (order_id, created_at, delivery_id, payment_id, supporting_project_id) VALUES (1700, (SELECT projects.end_date - INTERVAL 7 DAY FROM projects WHERE projects.id=47), 1, 1700, 1700);
INSERT INTO supporting_packages(id, option_list, package_count, order_id, project_package_id, supporting_project_id) VALUES (1700, '["초급자용"]', 7, 1700, 47, 1700);
INSERT INTO supporting_projects(supporting_project_id, supported_at, delivery_id, payment_id, project_id, user_id) VALUES (1701, (SELECT projects.end_date - INTERVAL 21 DAY FROM projects WHERE projects.id=47), 1701, 1701, 47, 28);
INSERT INTO orders (order_id, created_at, delivery_id, payment_id, supporting_project_id) VALUES (1701, (SELECT projects.end_date - INTERVAL 21 DAY FROM projects WHERE projects.id=47), 1, 1701, 1701);
INSERT INTO supporting_packages(id, option_list, package_count, order_id, project_package_id, supporting_project_id) VALUES (1701, '["전문가용"]', 3, 1701, 47, 1701);
INSERT INTO supporting_projects(supporting_project_id, supported_at, delivery_id, payment_id, project_id, user_id) VALUES (1702, (SELECT projects.end_date - INTERVAL 7 DAY FROM projects WHERE projects.id=47), 1702, 1702, 47, 32);
INSERT INTO orders (order_id, created_at, delivery_id, payment_id, supporting_project_id) VALUES (1702, (SELECT projects.end_date - INTERVAL 7 DAY FROM projects WHERE projects.id=47), 1, 1702, 1702);
INSERT INTO supporting_packages(id, option_list, package_count, order_id, project_package_id, supporting_project_id) VALUES (1702, '["중급자용"]', 8, 1702, 47, 1702);
INSERT INTO supporting_projects(supporting_project_id, supported_at, delivery_id, payment_id, project_id, user_id) VALUES (1703, (SELECT projects.end_date - INTERVAL 49 DAY FROM projects WHERE projects.id=47), 1703, 1703, 47, 6);
INSERT INTO orders (order_id, created_at, delivery_id, payment_id, supporting_project_id) VALUES (1703, (SELECT projects.end_date - INTERVAL 49 DAY FROM projects WHERE projects.id=47), 1, 1703, 1703);
INSERT INTO supporting_packages(id, option_list, package_count, order_id, project_package_id, supporting_project_id) VALUES (1703, '["초급자용"]', 9, 1703, 47, 1703);
INSERT INTO supporting_projects(supporting_project_id, supported_at, delivery_id, payment_id, project_id, user_id) VALUES (1704, (SELECT projects.end_date - INTERVAL 11 DAY FROM projects WHERE projects.id=47), 1704, 1704, 47, 20);
INSERT INTO orders (order_id, created_at, delivery_id, payment_id, supporting_project_id) VALUES (1704, (SELECT projects.end_date - INTERVAL 11 DAY FROM projects WHERE projects.id=47), 1, 1704, 1704);
INSERT INTO supporting_packages(id, option_list, package_count, order_id, project_package_id, supporting_project_id) VALUES (1704, '["전문가용"]', 7, 1704, 47, 1704);
INSERT INTO supporting_projects(supporting_project_id, supported_at, delivery_id, payment_id, project_id, user_id) VALUES (1705, (SELECT projects.end_date - INTERVAL 37 DAY FROM projects WHERE projects.id=47), 1705, 1705, 47, 32);
INSERT INTO orders (order_id, created_at, delivery_id, payment_id, supporting_project_id) VALUES (1705, (SELECT projects.end_date - INTERVAL 37 DAY FROM projects WHERE projects.id=47), 1, 1705, 1705);
INSERT INTO supporting_packages(id, option_list, package_count, order_id, project_package_id, supporting_project_id) VALUES (1705, '["중급자용"]', 6, 1705, 47, 1705);
INSERT INTO supporting_projects(supporting_project_id, supported_at, delivery_id, payment_id, project_id, user_id) VALUES (1706, (SELECT projects.end_date - INTERVAL 37 DAY FROM projects WHERE projects.id=47), 1706, 1706, 47, 17);
INSERT INTO orders (order_id, created_at, delivery_id, payment_id, supporting_project_id) VALUES (1706, (SELECT projects.end_date - INTERVAL 37 DAY FROM projects WHERE projects.id=47), 1, 1706, 1706);
INSERT INTO supporting_packages(id, option_list, package_count, order_id, project_package_id, supporting_project_id) VALUES (1706, '["중급자용"]', 1, 1706, 47, 1706);
INSERT INTO supporting_projects(supporting_project_id, supported_at, delivery_id, payment_id, project_id, user_id) VALUES (1707, (SELECT projects.end_date - INTERVAL 29 DAY FROM projects WHERE projects.id=47), 1707, 1707, 47, 24);
INSERT INTO orders (order_id, created_at, delivery_id, payment_id, supporting_project_id) VALUES (1707, (SELECT projects.end_date - INTERVAL 29 DAY FROM projects WHERE projects.id=47), 1, 1707, 1707);
INSERT INTO supporting_packages(id, option_list, package_count, order_id, project_package_id, supporting_project_id) VALUES (1707, '["초급자용"]', 3, 1707, 47, 1707);
INSERT INTO supporting_projects(supporting_project_id, supported_at, delivery_id, payment_id, project_id, user_id) VALUES (1708, (SELECT projects.end_date - INTERVAL 37 DAY FROM projects WHERE projects.id=47), 1708, 1708, 47, 20);
INSERT INTO orders (order_id, created_at, delivery_id, payment_id, supporting_project_id) VALUES (1708, (SELECT projects.end_date - INTERVAL 37 DAY FROM projects WHERE projects.id=47), 1, 1708, 1708);
INSERT INTO supporting_packages(id, option_list, package_count, order_id, project_package_id, supporting_project_id) VALUES (1708, '["전문가용"]', 3, 1708, 47, 1708);
INSERT INTO supporting_projects(supporting_project_id, supported_at, delivery_id, payment_id, project_id, user_id) VALUES (1709, (SELECT projects.end_date - INTERVAL 31 DAY FROM projects WHERE projects.id=47), 1709, 1709, 47, 12);
INSERT INTO orders (order_id, created_at, delivery_id, payment_id, supporting_project_id) VALUES (1709, (SELECT projects.end_date - INTERVAL 31 DAY FROM projects WHERE projects.id=47), 1, 1709, 1709);
INSERT INTO supporting_packages(id, option_list, package_count, order_id, project_package_id, supporting_project_id) VALUES (1709, '["초급자용"]', 5, 1709, 47, 1709);
INSERT INTO supporting_projects(supporting_project_id, supported_at, delivery_id, payment_id, project_id, user_id) VALUES (1710, (SELECT projects.end_date - INTERVAL 18 DAY FROM projects WHERE projects.id=47), 1710, 1710, 47, 27);
INSERT INTO orders (order_id, created_at, delivery_id, payment_id, supporting_project_id) VALUES (1710, (SELECT projects.end_date - INTERVAL 18 DAY FROM projects WHERE projects.id=47), 1, 1710, 1710);
INSERT INTO supporting_packages(id, option_list, package_count, order_id, project_package_id, supporting_project_id) VALUES (1710, '["초급자용"]', 5, 1710, 47, 1710);
INSERT INTO supporting_projects(supporting_project_id, supported_at, delivery_id, payment_id, project_id, user_id) VALUES (1711, (SELECT projects.end_date - INTERVAL 13 DAY FROM projects WHERE projects.id=47), 1711, 1711, 47, 13);
INSERT INTO orders (order_id, created_at, delivery_id, payment_id, supporting_project_id) VALUES (1711, (SELECT projects.end_date - INTERVAL 13 DAY FROM projects WHERE projects.id=47), 1, 1711, 1711);
INSERT INTO supporting_packages(id, option_list, package_count, order_id, project_package_id, supporting_project_id) VALUES (1711, '["초급자용"]', 7, 1711, 47, 1711);
INSERT INTO supporting_projects(supporting_project_id, supported_at, delivery_id, payment_id, project_id, user_id) VALUES (1712, (SELECT projects.end_date - INTERVAL 7 DAY FROM projects WHERE projects.id=47), 1712, 1712, 47, 18);
INSERT INTO orders (order_id, created_at, delivery_id, payment_id, supporting_project_id) VALUES (1712, (SELECT projects.end_date - INTERVAL 7 DAY FROM projects WHERE projects.id=47), 1, 1712, 1712);
INSERT INTO supporting_packages(id, option_list, package_count, order_id, project_package_id, supporting_project_id) VALUES (1712, '["중급자용"]', 7, 1712, 47, 1712);
INSERT INTO supporting_projects(supporting_project_id, supported_at, delivery_id, payment_id, project_id, user_id) VALUES (1713, (SELECT projects.end_date - INTERVAL 42 DAY FROM projects WHERE projects.id=47), 1713, 1713, 47, 3);
INSERT INTO orders (order_id, created_at, delivery_id, payment_id, supporting_project_id) VALUES (1713, (SELECT projects.end_date - INTERVAL 42 DAY FROM projects WHERE projects.id=47), 1, 1713, 1713);
INSERT INTO supporting_packages(id, option_list, package_count, order_id, project_package_id, supporting_project_id) VALUES (1713, '["중급자용"]', 3, 1713, 47, 1713);
INSERT INTO supporting_projects(supporting_project_id, supported_at, delivery_id, payment_id, project_id, user_id) VALUES (1714, (SELECT projects.end_date - INTERVAL 38 DAY FROM projects WHERE projects.id=47), 1714, 1714, 47, 35);
INSERT INTO orders (order_id, created_at, delivery_id, payment_id, supporting_project_id) VALUES (1714, (SELECT projects.end_date - INTERVAL 38 DAY FROM projects WHERE projects.id=47), 1, 1714, 1714);
INSERT INTO supporting_packages(id, option_list, package_count, order_id, project_package_id, supporting_project_id) VALUES (1714, '["중급자용"]', 10, 1714, 47, 1714);
INSERT INTO supporting_projects(supporting_project_id, supported_at, delivery_id, payment_id, project_id, user_id) VALUES (1715, (SELECT projects.end_date - INTERVAL 50 DAY FROM projects WHERE projects.id=47), 1715, 1715, 47, 12);
INSERT INTO orders (order_id, created_at, delivery_id, payment_id, supporting_project_id) VALUES (1715, (SELECT projects.end_date - INTERVAL 50 DAY FROM projects WHERE projects.id=47), 1, 1715, 1715);
INSERT INTO supporting_packages(id, option_list, package_count, order_id, project_package_id, supporting_project_id) VALUES (1715, '["중급자용"]', 4, 1715, 47, 1715);
INSERT INTO supporting_projects(supporting_project_id, supported_at, delivery_id, payment_id, project_id, user_id) VALUES (1716, (SELECT projects.end_date - INTERVAL 28 DAY FROM projects WHERE projects.id=47), 1716, 1716, 47, 22);
INSERT INTO orders (order_id, created_at, delivery_id, payment_id, supporting_project_id) VALUES (1716, (SELECT projects.end_date - INTERVAL 28 DAY FROM projects WHERE projects.id=47), 1, 1716, 1716);
INSERT INTO supporting_packages(id, option_list, package_count, order_id, project_package_id, supporting_project_id) VALUES (1716, '["전문가용"]', 4, 1716, 47, 1716);
INSERT INTO supporting_projects(supporting_project_id, supported_at, delivery_id, payment_id, project_id, user_id) VALUES (1717, (SELECT projects.end_date - INTERVAL 45 DAY FROM projects WHERE projects.id=47), 1717, 1717, 47, 27);
INSERT INTO orders (order_id, created_at, delivery_id, payment_id, supporting_project_id) VALUES (1717, (SELECT projects.end_date - INTERVAL 45 DAY FROM projects WHERE projects.id=47), 1, 1717, 1717);
INSERT INTO supporting_packages(id, option_list, package_count, order_id, project_package_id, supporting_project_id) VALUES (1717, '["전문가용"]', 7, 1717, 47, 1717);
INSERT INTO supporting_projects(supporting_project_id, supported_at, delivery_id, payment_id, project_id, user_id) VALUES (1718, (SELECT projects.end_date - INTERVAL 10 DAY FROM projects WHERE projects.id=47), 1718, 1718, 47, 26);
INSERT INTO orders (order_id, created_at, delivery_id, payment_id, supporting_project_id) VALUES (1718, (SELECT projects.end_date - INTERVAL 10 DAY FROM projects WHERE projects.id=47), 1, 1718, 1718);
INSERT INTO supporting_packages(id, option_list, package_count, order_id, project_package_id, supporting_project_id) VALUES (1718, '["초급자용"]', 2, 1718, 47, 1718);
INSERT INTO supporting_projects(supporting_project_id, supported_at, delivery_id, payment_id, project_id, user_id) VALUES (1719, (SELECT projects.end_date - INTERVAL 16 DAY FROM projects WHERE projects.id=47), 1719, 1719, 47, 4);
INSERT INTO orders (order_id, created_at, delivery_id, payment_id, supporting_project_id) VALUES (1719, (SELECT projects.end_date - INTERVAL 16 DAY FROM projects WHERE projects.id=47), 1, 1719, 1719);
INSERT INTO supporting_packages(id, option_list, package_count, order_id, project_package_id, supporting_project_id) VALUES (1719, '["초급자용"]', 10, 1719, 47, 1719);
INSERT INTO supporting_projects(supporting_project_id, supported_at, delivery_id, payment_id, project_id, user_id) VALUES (1720, (SELECT projects.end_date - INTERVAL 45 DAY FROM projects WHERE projects.id=47), 1720, 1720, 47, 18);
INSERT INTO orders (order_id, created_at, delivery_id, payment_id, supporting_project_id) VALUES (1720, (SELECT projects.end_date - INTERVAL 45 DAY FROM projects WHERE projects.id=47), 1, 1720, 1720);
INSERT INTO supporting_packages(id, option_list, package_count, order_id, project_package_id, supporting_project_id) VALUES (1720, '["중급자용"]', 9, 1720, 47, 1720);
INSERT INTO supporting_projects(supporting_project_id, supported_at, delivery_id, payment_id, project_id, user_id) VALUES (1721, (SELECT projects.end_date - INTERVAL 26 DAY FROM projects WHERE projects.id=47), 1721, 1721, 47, 36);
INSERT INTO orders (order_id, created_at, delivery_id, payment_id, supporting_project_id) VALUES (1721, (SELECT projects.end_date - INTERVAL 26 DAY FROM projects WHERE projects.id=47), 1, 1721, 1721);
INSERT INTO supporting_packages(id, option_list, package_count, order_id, project_package_id, supporting_project_id) VALUES (1721, '["전문가용"]', 9, 1721, 47, 1721);
INSERT INTO supporting_projects(supporting_project_id, supported_at, delivery_id, payment_id, project_id, user_id) VALUES (1722, (SELECT projects.end_date - INTERVAL 9 DAY FROM projects WHERE projects.id=47), 1722, 1722, 47, 21);
INSERT INTO orders (order_id, created_at, delivery_id, payment_id, supporting_project_id) VALUES (1722, (SELECT projects.end_date - INTERVAL 9 DAY FROM projects WHERE projects.id=47), 1, 1722, 1722);
INSERT INTO supporting_packages(id, option_list, package_count, order_id, project_package_id, supporting_project_id) VALUES (1722, '["중급자용"]', 6, 1722, 47, 1722);
INSERT INTO supporting_projects(supporting_project_id, supported_at, delivery_id, payment_id, project_id, user_id) VALUES (1723, (SELECT projects.end_date - INTERVAL 35 DAY FROM projects WHERE projects.id=47), 1723, 1723, 47, 40);
INSERT INTO orders (order_id, created_at, delivery_id, payment_id, supporting_project_id) VALUES (1723, (SELECT projects.end_date - INTERVAL 35 DAY FROM projects WHERE projects.id=47), 1, 1723, 1723);
INSERT INTO supporting_packages(id, option_list, package_count, order_id, project_package_id, supporting_project_id) VALUES (1723, '["전문가용"]', 5, 1723, 47, 1723);
INSERT INTO supporting_projects(supporting_project_id, supported_at, delivery_id, payment_id, project_id, user_id) VALUES (1724, (SELECT projects.end_date - INTERVAL 39 DAY FROM projects WHERE projects.id=47), 1724, 1724, 47, 5);
INSERT INTO orders (order_id, created_at, delivery_id, payment_id, supporting_project_id) VALUES (1724, (SELECT projects.end_date - INTERVAL 39 DAY FROM projects WHERE projects.id=47), 1, 1724, 1724);
INSERT INTO supporting_packages(id, option_list, package_count, order_id, project_package_id, supporting_project_id) VALUES (1724, '["전문가용"]', 5, 1724, 47, 1724);
INSERT INTO supporting_projects(supporting_project_id, supported_at, delivery_id, payment_id, project_id, user_id) VALUES (1725, (SELECT projects.end_date - INTERVAL 17 DAY FROM projects WHERE projects.id=47), 1725, 1725, 47, 17);
INSERT INTO orders (order_id, created_at, delivery_id, payment_id, supporting_project_id) VALUES (1725, (SELECT projects.end_date - INTERVAL 17 DAY FROM projects WHERE projects.id=47), 1, 1725, 1725);
INSERT INTO supporting_packages(id, option_list, package_count, order_id, project_package_id, supporting_project_id) VALUES (1725, '["초급자용"]', 9, 1725, 47, 1725);
INSERT INTO supporting_projects(supporting_project_id, supported_at, delivery_id, payment_id, project_id, user_id) VALUES (1726, (SELECT projects.end_date - INTERVAL 50 DAY FROM projects WHERE projects.id=47), 1726, 1726, 47, 29);
INSERT INTO orders (order_id, created_at, delivery_id, payment_id, supporting_project_id) VALUES (1726, (SELECT projects.end_date - INTERVAL 50 DAY FROM projects WHERE projects.id=47), 1, 1726, 1726);
INSERT INTO supporting_packages(id, option_list, package_count, order_id, project_package_id, supporting_project_id) VALUES (1726, '["중급자용"]', 8, 1726, 47, 1726);
INSERT INTO supporting_projects(supporting_project_id, supported_at, delivery_id, payment_id, project_id, user_id) VALUES (1727, (SELECT projects.end_date - INTERVAL 29 DAY FROM projects WHERE projects.id=47), 1727, 1727, 47, 7);
INSERT INTO orders (order_id, created_at, delivery_id, payment_id, supporting_project_id) VALUES (1727, (SELECT projects.end_date - INTERVAL 29 DAY FROM projects WHERE projects.id=47), 1, 1727, 1727);
INSERT INTO supporting_packages(id, option_list, package_count, order_id, project_package_id, supporting_project_id) VALUES (1727, '["중급자용"]', 8, 1727, 47, 1727);
INSERT INTO supporting_projects(supporting_project_id, supported_at, delivery_id, payment_id, project_id, user_id) VALUES (1728, (SELECT projects.end_date - INTERVAL 50 DAY FROM projects WHERE projects.id=47), 1728, 1728, 47, 9);
INSERT INTO orders (order_id, created_at, delivery_id, payment_id, supporting_project_id) VALUES (1728, (SELECT projects.end_date - INTERVAL 50 DAY FROM projects WHERE projects.id=47), 1, 1728, 1728);
INSERT INTO supporting_packages(id, option_list, package_count, order_id, project_package_id, supporting_project_id) VALUES (1728, '["초급자용"]', 1, 1728, 47, 1728);
INSERT INTO supporting_projects(supporting_project_id, supported_at, delivery_id, payment_id, project_id, user_id) VALUES (1729, (SELECT projects.end_date - INTERVAL 19 DAY FROM projects WHERE projects.id=48), 1729, 1729, 48, 10);
INSERT INTO orders (order_id, created_at, delivery_id, payment_id, supporting_project_id) VALUES (1729, (SELECT projects.end_date - INTERVAL 19 DAY FROM projects WHERE projects.id=48), 1, 1729, 1729);
INSERT INTO supporting_packages(id, option_list, package_count, order_id, project_package_id, supporting_project_id) VALUES (1729, '["궁중 요리"]', 8, 1729, 48, 1729);
INSERT INTO supporting_projects(supporting_project_id, supported_at, delivery_id, payment_id, project_id, user_id) VALUES (1730, (SELECT projects.end_date - INTERVAL 33 DAY FROM projects WHERE projects.id=48), 1730, 1730, 48, 36);
INSERT INTO orders (order_id, created_at, delivery_id, payment_id, supporting_project_id) VALUES (1730, (SELECT projects.end_date - INTERVAL 33 DAY FROM projects WHERE projects.id=48), 1, 1730, 1730);
INSERT INTO supporting_packages(id, option_list, package_count, order_id, project_package_id, supporting_project_id) VALUES (1730, '["프리미엄"]', 7, 1730, 48, 1730);
INSERT INTO supporting_projects(supporting_project_id, supported_at, delivery_id, payment_id, project_id, user_id) VALUES (1731, (SELECT projects.end_date - INTERVAL 42 DAY FROM projects WHERE projects.id=48), 1731, 1731, 48, 32);
INSERT INTO orders (order_id, created_at, delivery_id, payment_id, supporting_project_id) VALUES (1731, (SELECT projects.end_date - INTERVAL 42 DAY FROM projects WHERE projects.id=48), 1, 1731, 1731);
INSERT INTO supporting_packages(id, option_list, package_count, order_id, project_package_id, supporting_project_id) VALUES (1731, '["궁중 요리"]', 9, 1731, 48, 1731);
INSERT INTO supporting_projects(supporting_project_id, supported_at, delivery_id, payment_id, project_id, user_id) VALUES (1732, (SELECT projects.end_date - INTERVAL 19 DAY FROM projects WHERE projects.id=48), 1732, 1732, 48, 39);
INSERT INTO orders (order_id, created_at, delivery_id, payment_id, supporting_project_id) VALUES (1732, (SELECT projects.end_date - INTERVAL 19 DAY FROM projects WHERE projects.id=48), 1, 1732, 1732);
INSERT INTO supporting_packages(id, option_list, package_count, order_id, project_package_id, supporting_project_id) VALUES (1732, '["기본"]', 10, 1732, 48, 1732);
INSERT INTO supporting_projects(supporting_project_id, supported_at, delivery_id, payment_id, project_id, user_id) VALUES (1733, (SELECT projects.end_date - INTERVAL 13 DAY FROM projects WHERE projects.id=48), 1733, 1733, 48, 13);
INSERT INTO orders (order_id, created_at, delivery_id, payment_id, supporting_project_id) VALUES (1733, (SELECT projects.end_date - INTERVAL 13 DAY FROM projects WHERE projects.id=48), 1, 1733, 1733);
INSERT INTO supporting_packages(id, option_list, package_count, order_id, project_package_id, supporting_project_id) VALUES (1733, '["프리미엄"]', 10, 1733, 48, 1733);
INSERT INTO supporting_projects(supporting_project_id, supported_at, delivery_id, payment_id, project_id, user_id) VALUES (1734, (SELECT projects.end_date - INTERVAL 30 DAY FROM projects WHERE projects.id=48), 1734, 1734, 48, 34);
INSERT INTO orders (order_id, created_at, delivery_id, payment_id, supporting_project_id) VALUES (1734, (SELECT projects.end_date - INTERVAL 30 DAY FROM projects WHERE projects.id=48), 1, 1734, 1734);
INSERT INTO supporting_packages(id, option_list, package_count, order_id, project_package_id, supporting_project_id) VALUES (1734, '["궁중 요리"]', 4, 1734, 48, 1734);
INSERT INTO supporting_projects(supporting_project_id, supported_at, delivery_id, payment_id, project_id, user_id) VALUES (1735, (SELECT projects.end_date - INTERVAL 14 DAY FROM projects WHERE projects.id=48), 1735, 1735, 48, 34);
INSERT INTO orders (order_id, created_at, delivery_id, payment_id, supporting_project_id) VALUES (1735, (SELECT projects.end_date - INTERVAL 14 DAY FROM projects WHERE projects.id=48), 1, 1735, 1735);
INSERT INTO supporting_packages(id, option_list, package_count, order_id, project_package_id, supporting_project_id) VALUES (1735, '["기본"]', 2, 1735, 48, 1735);
INSERT INTO supporting_projects(supporting_project_id, supported_at, delivery_id, payment_id, project_id, user_id) VALUES (1736, (SELECT projects.end_date - INTERVAL 11 DAY FROM projects WHERE projects.id=48), 1736, 1736, 48, 16);
INSERT INTO orders (order_id, created_at, delivery_id, payment_id, supporting_project_id) VALUES (1736, (SELECT projects.end_date - INTERVAL 11 DAY FROM projects WHERE projects.id=48), 1, 1736, 1736);
INSERT INTO supporting_packages(id, option_list, package_count, order_id, project_package_id, supporting_project_id) VALUES (1736, '["궁중 요리"]', 9, 1736, 48, 1736);
INSERT INTO supporting_projects(supporting_project_id, supported_at, delivery_id, payment_id, project_id, user_id) VALUES (1737, (SELECT projects.end_date - INTERVAL 38 DAY FROM projects WHERE projects.id=48), 1737, 1737, 48, 15);
INSERT INTO orders (order_id, created_at, delivery_id, payment_id, supporting_project_id) VALUES (1737, (SELECT projects.end_date - INTERVAL 38 DAY FROM projects WHERE projects.id=48), 1, 1737, 1737);
INSERT INTO supporting_packages(id, option_list, package_count, order_id, project_package_id, supporting_project_id) VALUES (1737, '["궁중 요리"]', 6, 1737, 48, 1737);
INSERT INTO supporting_projects(supporting_project_id, supported_at, delivery_id, payment_id, project_id, user_id) VALUES (1738, (SELECT projects.end_date - INTERVAL 48 DAY FROM projects WHERE projects.id=48), 1738, 1738, 48, 31);
INSERT INTO orders (order_id, created_at, delivery_id, payment_id, supporting_project_id) VALUES (1738, (SELECT projects.end_date - INTERVAL 48 DAY FROM projects WHERE projects.id=48), 1, 1738, 1738);
INSERT INTO supporting_packages(id, option_list, package_count, order_id, project_package_id, supporting_project_id) VALUES (1738, '["기본"]', 10, 1738, 48, 1738);
INSERT INTO supporting_projects(supporting_project_id, supported_at, delivery_id, payment_id, project_id, user_id) VALUES (1739, (SELECT projects.end_date - INTERVAL 12 DAY FROM projects WHERE projects.id=48), 1739, 1739, 48, 31);
INSERT INTO orders (order_id, created_at, delivery_id, payment_id, supporting_project_id) VALUES (1739, (SELECT projects.end_date - INTERVAL 12 DAY FROM projects WHERE projects.id=48), 1, 1739, 1739);
INSERT INTO supporting_packages(id, option_list, package_count, order_id, project_package_id, supporting_project_id) VALUES (1739, '["기본"]', 7, 1739, 48, 1739);
INSERT INTO supporting_projects(supporting_project_id, supported_at, delivery_id, payment_id, project_id, user_id) VALUES (1740, (SELECT projects.end_date - INTERVAL 44 DAY FROM projects WHERE projects.id=48), 1740, 1740, 48, 38);
INSERT INTO orders (order_id, created_at, delivery_id, payment_id, supporting_project_id) VALUES (1740, (SELECT projects.end_date - INTERVAL 44 DAY FROM projects WHERE projects.id=48), 1, 1740, 1740);
INSERT INTO supporting_packages(id, option_list, package_count, order_id, project_package_id, supporting_project_id) VALUES (1740, '["프리미엄"]', 10, 1740, 48, 1740);
INSERT INTO supporting_projects(supporting_project_id, supported_at, delivery_id, payment_id, project_id, user_id) VALUES (1741, (SELECT projects.end_date - INTERVAL 30 DAY FROM projects WHERE projects.id=48), 1741, 1741, 48, 8);
INSERT INTO orders (order_id, created_at, delivery_id, payment_id, supporting_project_id) VALUES (1741, (SELECT projects.end_date - INTERVAL 30 DAY FROM projects WHERE projects.id=48), 1, 1741, 1741);
INSERT INTO supporting_packages(id, option_list, package_count, order_id, project_package_id, supporting_project_id) VALUES (1741, '["궁중 요리"]', 7, 1741, 48, 1741);
INSERT INTO supporting_projects(supporting_project_id, supported_at, delivery_id, payment_id, project_id, user_id) VALUES (1742, (SELECT projects.end_date - INTERVAL 23 DAY FROM projects WHERE projects.id=48), 1742, 1742, 48, 35);
INSERT INTO orders (order_id, created_at, delivery_id, payment_id, supporting_project_id) VALUES (1742, (SELECT projects.end_date - INTERVAL 23 DAY FROM projects WHERE projects.id=48), 1, 1742, 1742);
INSERT INTO supporting_packages(id, option_list, package_count, order_id, project_package_id, supporting_project_id) VALUES (1742, '["기본"]', 7, 1742, 48, 1742);
INSERT INTO supporting_projects(supporting_project_id, supported_at, delivery_id, payment_id, project_id, user_id) VALUES (1743, (SELECT projects.end_date - INTERVAL 12 DAY FROM projects WHERE projects.id=48), 1743, 1743, 48, 1);
INSERT INTO orders (order_id, created_at, delivery_id, payment_id, supporting_project_id) VALUES (1743, (SELECT projects.end_date - INTERVAL 12 DAY FROM projects WHERE projects.id=48), 1, 1743, 1743);
INSERT INTO supporting_packages(id, option_list, package_count, order_id, project_package_id, supporting_project_id) VALUES (1743, '["프리미엄"]', 6, 1743, 48, 1743);
INSERT INTO supporting_projects(supporting_project_id, supported_at, delivery_id, payment_id, project_id, user_id) VALUES (1744, (SELECT projects.end_date - INTERVAL 48 DAY FROM projects WHERE projects.id=48), 1744, 1744, 48, 36);
INSERT INTO orders (order_id, created_at, delivery_id, payment_id, supporting_project_id) VALUES (1744, (SELECT projects.end_date - INTERVAL 48 DAY FROM projects WHERE projects.id=48), 1, 1744, 1744);
INSERT INTO supporting_packages(id, option_list, package_count, order_id, project_package_id, supporting_project_id) VALUES (1744, '["궁중 요리"]', 9, 1744, 48, 1744);
INSERT INTO supporting_projects(supporting_project_id, supported_at, delivery_id, payment_id, project_id, user_id) VALUES (1745, (SELECT projects.end_date - INTERVAL 7 DAY FROM projects WHERE projects.id=48), 1745, 1745, 48, 16);
INSERT INTO orders (order_id, created_at, delivery_id, payment_id, supporting_project_id) VALUES (1745, (SELECT projects.end_date - INTERVAL 7 DAY FROM projects WHERE projects.id=48), 1, 1745, 1745);
INSERT INTO supporting_packages(id, option_list, package_count, order_id, project_package_id, supporting_project_id) VALUES (1745, '["프리미엄"]', 3, 1745, 48, 1745);
INSERT INTO supporting_projects(supporting_project_id, supported_at, delivery_id, payment_id, project_id, user_id) VALUES (1746, (SELECT projects.end_date - INTERVAL 24 DAY FROM projects WHERE projects.id=48), 1746, 1746, 48, 19);
INSERT INTO orders (order_id, created_at, delivery_id, payment_id, supporting_project_id) VALUES (1746, (SELECT projects.end_date - INTERVAL 24 DAY FROM projects WHERE projects.id=48), 1, 1746, 1746);
INSERT INTO supporting_packages(id, option_list, package_count, order_id, project_package_id, supporting_project_id) VALUES (1746, '["기본"]', 1, 1746, 48, 1746);
INSERT INTO supporting_projects(supporting_project_id, supported_at, delivery_id, payment_id, project_id, user_id) VALUES (1747, (SELECT projects.end_date - INTERVAL 31 DAY FROM projects WHERE projects.id=48), 1747, 1747, 48, 24);
INSERT INTO orders (order_id, created_at, delivery_id, payment_id, supporting_project_id) VALUES (1747, (SELECT projects.end_date - INTERVAL 31 DAY FROM projects WHERE projects.id=48), 1, 1747, 1747);
INSERT INTO supporting_packages(id, option_list, package_count, order_id, project_package_id, supporting_project_id) VALUES (1747, '["궁중 요리"]', 3, 1747, 48, 1747);
INSERT INTO supporting_projects(supporting_project_id, supported_at, delivery_id, payment_id, project_id, user_id) VALUES (1748, (SELECT projects.end_date - INTERVAL 42 DAY FROM projects WHERE projects.id=48), 1748, 1748, 48, 25);
INSERT INTO orders (order_id, created_at, delivery_id, payment_id, supporting_project_id) VALUES (1748, (SELECT projects.end_date - INTERVAL 42 DAY FROM projects WHERE projects.id=48), 1, 1748, 1748);
INSERT INTO supporting_packages(id, option_list, package_count, order_id, project_package_id, supporting_project_id) VALUES (1748, '["궁중 요리"]', 7, 1748, 48, 1748);
INSERT INTO supporting_projects(supporting_project_id, supported_at, delivery_id, payment_id, project_id, user_id) VALUES (1749, (SELECT projects.end_date - INTERVAL 8 DAY FROM projects WHERE projects.id=48), 1749, 1749, 48, 39);
INSERT INTO orders (order_id, created_at, delivery_id, payment_id, supporting_project_id) VALUES (1749, (SELECT projects.end_date - INTERVAL 8 DAY FROM projects WHERE projects.id=48), 1, 1749, 1749);
INSERT INTO supporting_packages(id, option_list, package_count, order_id, project_package_id, supporting_project_id) VALUES (1749, '["프리미엄"]', 10, 1749, 48, 1749);
INSERT INTO supporting_projects(supporting_project_id, supported_at, delivery_id, payment_id, project_id, user_id) VALUES (1750, (SELECT projects.end_date - INTERVAL 33 DAY FROM projects WHERE projects.id=48), 1750, 1750, 48, 24);
INSERT INTO orders (order_id, created_at, delivery_id, payment_id, supporting_project_id) VALUES (1750, (SELECT projects.end_date - INTERVAL 33 DAY FROM projects WHERE projects.id=48), 1, 1750, 1750);
INSERT INTO supporting_packages(id, option_list, package_count, order_id, project_package_id, supporting_project_id) VALUES (1750, '["기본"]', 8, 1750, 48, 1750);
INSERT INTO supporting_projects(supporting_project_id, supported_at, delivery_id, payment_id, project_id, user_id) VALUES (1751, (SELECT projects.end_date - INTERVAL 14 DAY FROM projects WHERE projects.id=48), 1751, 1751, 48, 18);
INSERT INTO orders (order_id, created_at, delivery_id, payment_id, supporting_project_id) VALUES (1751, (SELECT projects.end_date - INTERVAL 14 DAY FROM projects WHERE projects.id=48), 1, 1751, 1751);
INSERT INTO supporting_packages(id, option_list, package_count, order_id, project_package_id, supporting_project_id) VALUES (1751, '["기본"]', 2, 1751, 48, 1751);
INSERT INTO supporting_projects(supporting_project_id, supported_at, delivery_id, payment_id, project_id, user_id) VALUES (1752, (SELECT projects.end_date - INTERVAL 29 DAY FROM projects WHERE projects.id=48), 1752, 1752, 48, 37);
INSERT INTO orders (order_id, created_at, delivery_id, payment_id, supporting_project_id) VALUES (1752, (SELECT projects.end_date - INTERVAL 29 DAY FROM projects WHERE projects.id=48), 1, 1752, 1752);
INSERT INTO supporting_packages(id, option_list, package_count, order_id, project_package_id, supporting_project_id) VALUES (1752, '["궁중 요리"]', 9, 1752, 48, 1752);
INSERT INTO supporting_projects(supporting_project_id, supported_at, delivery_id, payment_id, project_id, user_id) VALUES (1753, (SELECT projects.end_date - INTERVAL 17 DAY FROM projects WHERE projects.id=48), 1753, 1753, 48, 4);
INSERT INTO orders (order_id, created_at, delivery_id, payment_id, supporting_project_id) VALUES (1753, (SELECT projects.end_date - INTERVAL 17 DAY FROM projects WHERE projects.id=48), 1, 1753, 1753);
INSERT INTO supporting_packages(id, option_list, package_count, order_id, project_package_id, supporting_project_id) VALUES (1753, '["기본"]', 2, 1753, 48, 1753);
INSERT INTO supporting_projects(supporting_project_id, supported_at, delivery_id, payment_id, project_id, user_id) VALUES (1754, (SELECT projects.end_date - INTERVAL 26 DAY FROM projects WHERE projects.id=48), 1754, 1754, 48, 8);
INSERT INTO orders (order_id, created_at, delivery_id, payment_id, supporting_project_id) VALUES (1754, (SELECT projects.end_date - INTERVAL 26 DAY FROM projects WHERE projects.id=48), 1, 1754, 1754);
INSERT INTO supporting_packages(id, option_list, package_count, order_id, project_package_id, supporting_project_id) VALUES (1754, '["기본"]', 3, 1754, 48, 1754);
INSERT INTO supporting_projects(supporting_project_id, supported_at, delivery_id, payment_id, project_id, user_id) VALUES (1755, (SELECT projects.end_date - INTERVAL 46 DAY FROM projects WHERE projects.id=48), 1755, 1755, 48, 30);
INSERT INTO orders (order_id, created_at, delivery_id, payment_id, supporting_project_id) VALUES (1755, (SELECT projects.end_date - INTERVAL 46 DAY FROM projects WHERE projects.id=48), 1, 1755, 1755);
INSERT INTO supporting_packages(id, option_list, package_count, order_id, project_package_id, supporting_project_id) VALUES (1755, '["궁중 요리"]', 9, 1755, 48, 1755);
INSERT INTO supporting_projects(supporting_project_id, supported_at, delivery_id, payment_id, project_id, user_id) VALUES (1756, (SELECT projects.end_date - INTERVAL 27 DAY FROM projects WHERE projects.id=48), 1756, 1756, 48, 26);
INSERT INTO orders (order_id, created_at, delivery_id, payment_id, supporting_project_id) VALUES (1756, (SELECT projects.end_date - INTERVAL 27 DAY FROM projects WHERE projects.id=48), 1, 1756, 1756);
INSERT INTO supporting_packages(id, option_list, package_count, order_id, project_package_id, supporting_project_id) VALUES (1756, '["기본"]', 8, 1756, 48, 1756);
INSERT INTO supporting_projects(supporting_project_id, supported_at, delivery_id, payment_id, project_id, user_id) VALUES (1757, (SELECT projects.end_date - INTERVAL 23 DAY FROM projects WHERE projects.id=48), 1757, 1757, 48, 31);
INSERT INTO orders (order_id, created_at, delivery_id, payment_id, supporting_project_id) VALUES (1757, (SELECT projects.end_date - INTERVAL 23 DAY FROM projects WHERE projects.id=48), 1, 1757, 1757);
INSERT INTO supporting_packages(id, option_list, package_count, order_id, project_package_id, supporting_project_id) VALUES (1757, '["궁중 요리"]', 10, 1757, 48, 1757);
INSERT INTO supporting_projects(supporting_project_id, supported_at, delivery_id, payment_id, project_id, user_id) VALUES (1758, (SELECT projects.end_date - INTERVAL 38 DAY FROM projects WHERE projects.id=48), 1758, 1758, 48, 38);
INSERT INTO orders (order_id, created_at, delivery_id, payment_id, supporting_project_id) VALUES (1758, (SELECT projects.end_date - INTERVAL 38 DAY FROM projects WHERE projects.id=48), 1, 1758, 1758);
INSERT INTO supporting_packages(id, option_list, package_count, order_id, project_package_id, supporting_project_id) VALUES (1758, '["기본"]', 8, 1758, 48, 1758);
INSERT INTO supporting_projects(supporting_project_id, supported_at, delivery_id, payment_id, project_id, user_id) VALUES (1759, (SELECT projects.end_date - INTERVAL 10 DAY FROM projects WHERE projects.id=48), 1759, 1759, 48, 16);
INSERT INTO orders (order_id, created_at, delivery_id, payment_id, supporting_project_id) VALUES (1759, (SELECT projects.end_date - INTERVAL 10 DAY FROM projects WHERE projects.id=48), 1, 1759, 1759);
INSERT INTO supporting_packages(id, option_list, package_count, order_id, project_package_id, supporting_project_id) VALUES (1759, '["기본"]', 6, 1759, 48, 1759);
INSERT INTO supporting_projects(supporting_project_id, supported_at, delivery_id, payment_id, project_id, user_id) VALUES (1760, (SELECT projects.end_date - INTERVAL 12 DAY FROM projects WHERE projects.id=48), 1760, 1760, 48, 9);
INSERT INTO orders (order_id, created_at, delivery_id, payment_id, supporting_project_id) VALUES (1760, (SELECT projects.end_date - INTERVAL 12 DAY FROM projects WHERE projects.id=48), 1, 1760, 1760);
INSERT INTO supporting_packages(id, option_list, package_count, order_id, project_package_id, supporting_project_id) VALUES (1760, '["궁중 요리"]', 7, 1760, 48, 1760);
INSERT INTO supporting_projects(supporting_project_id, supported_at, delivery_id, payment_id, project_id, user_id) VALUES (1761, (SELECT projects.end_date - INTERVAL 15 DAY FROM projects WHERE projects.id=48), 1761, 1761, 48, 22);
INSERT INTO orders (order_id, created_at, delivery_id, payment_id, supporting_project_id) VALUES (1761, (SELECT projects.end_date - INTERVAL 15 DAY FROM projects WHERE projects.id=48), 1, 1761, 1761);
INSERT INTO supporting_packages(id, option_list, package_count, order_id, project_package_id, supporting_project_id) VALUES (1761, '["궁중 요리"]', 10, 1761, 48, 1761);
INSERT INTO supporting_projects(supporting_project_id, supported_at, delivery_id, payment_id, project_id, user_id) VALUES (1762, (SELECT projects.end_date - INTERVAL 38 DAY FROM projects WHERE projects.id=48), 1762, 1762, 48, 17);
INSERT INTO orders (order_id, created_at, delivery_id, payment_id, supporting_project_id) VALUES (1762, (SELECT projects.end_date - INTERVAL 38 DAY FROM projects WHERE projects.id=48), 1, 1762, 1762);
INSERT INTO supporting_packages(id, option_list, package_count, order_id, project_package_id, supporting_project_id) VALUES (1762, '["기본"]', 6, 1762, 48, 1762);
INSERT INTO supporting_projects(supporting_project_id, supported_at, delivery_id, payment_id, project_id, user_id) VALUES (1763, (SELECT projects.end_date - INTERVAL 10 DAY FROM projects WHERE projects.id=48), 1763, 1763, 48, 1);
INSERT INTO orders (order_id, created_at, delivery_id, payment_id, supporting_project_id) VALUES (1763, (SELECT projects.end_date - INTERVAL 10 DAY FROM projects WHERE projects.id=48), 1, 1763, 1763);
INSERT INTO supporting_packages(id, option_list, package_count, order_id, project_package_id, supporting_project_id) VALUES (1763, '["기본"]', 9, 1763, 48, 1763);
INSERT INTO supporting_projects(supporting_project_id, supported_at, delivery_id, payment_id, project_id, user_id) VALUES (1764, (SELECT projects.end_date - INTERVAL 29 DAY FROM projects WHERE projects.id=48), 1764, 1764, 48, 39);
INSERT INTO orders (order_id, created_at, delivery_id, payment_id, supporting_project_id) VALUES (1764, (SELECT projects.end_date - INTERVAL 29 DAY FROM projects WHERE projects.id=48), 1, 1764, 1764);
INSERT INTO supporting_packages(id, option_list, package_count, order_id, project_package_id, supporting_project_id) VALUES (1764, '["궁중 요리"]', 5, 1764, 48, 1764);
INSERT INTO supporting_projects(supporting_project_id, supported_at, delivery_id, payment_id, project_id, user_id) VALUES (1765, (SELECT projects.end_date - INTERVAL 43 DAY FROM projects WHERE projects.id=48), 1765, 1765, 48, 35);
INSERT INTO orders (order_id, created_at, delivery_id, payment_id, supporting_project_id) VALUES (1765, (SELECT projects.end_date - INTERVAL 43 DAY FROM projects WHERE projects.id=48), 1, 1765, 1765);
INSERT INTO supporting_packages(id, option_list, package_count, order_id, project_package_id, supporting_project_id) VALUES (1765, '["궁중 요리"]', 10, 1765, 48, 1765);
INSERT INTO supporting_projects(supporting_project_id, supported_at, delivery_id, payment_id, project_id, user_id) VALUES (1766, (SELECT projects.end_date - INTERVAL 26 DAY FROM projects WHERE projects.id=48), 1766, 1766, 48, 17);
INSERT INTO orders (order_id, created_at, delivery_id, payment_id, supporting_project_id) VALUES (1766, (SELECT projects.end_date - INTERVAL 26 DAY FROM projects WHERE projects.id=48), 1, 1766, 1766);
INSERT INTO supporting_packages(id, option_list, package_count, order_id, project_package_id, supporting_project_id) VALUES (1766, '["프리미엄"]', 4, 1766, 48, 1766);
INSERT INTO supporting_projects(supporting_project_id, supported_at, delivery_id, payment_id, project_id, user_id) VALUES (1767, (SELECT projects.end_date - INTERVAL 35 DAY FROM projects WHERE projects.id=48), 1767, 1767, 48, 24);
INSERT INTO orders (order_id, created_at, delivery_id, payment_id, supporting_project_id) VALUES (1767, (SELECT projects.end_date - INTERVAL 35 DAY FROM projects WHERE projects.id=48), 1, 1767, 1767);
INSERT INTO supporting_packages(id, option_list, package_count, order_id, project_package_id, supporting_project_id) VALUES (1767, '["기본"]', 2, 1767, 48, 1767);
INSERT INTO supporting_projects(supporting_project_id, supported_at, delivery_id, payment_id, project_id, user_id) VALUES (1768, (SELECT projects.end_date - INTERVAL 23 DAY FROM projects WHERE projects.id=48), 1768, 1768, 48, 39);
INSERT INTO orders (order_id, created_at, delivery_id, payment_id, supporting_project_id) VALUES (1768, (SELECT projects.end_date - INTERVAL 23 DAY FROM projects WHERE projects.id=48), 1, 1768, 1768);
INSERT INTO supporting_packages(id, option_list, package_count, order_id, project_package_id, supporting_project_id) VALUES (1768, '["궁중 요리"]', 4, 1768, 48, 1768);
INSERT INTO supporting_projects(supporting_project_id, supported_at, delivery_id, payment_id, project_id, user_id) VALUES (1769, (SELECT projects.end_date - INTERVAL 26 DAY FROM projects WHERE projects.id=48), 1769, 1769, 48, 6);
INSERT INTO orders (order_id, created_at, delivery_id, payment_id, supporting_project_id) VALUES (1769, (SELECT projects.end_date - INTERVAL 26 DAY FROM projects WHERE projects.id=48), 1, 1769, 1769);
INSERT INTO supporting_packages(id, option_list, package_count, order_id, project_package_id, supporting_project_id) VALUES (1769, '["기본"]', 3, 1769, 48, 1769);
INSERT INTO supporting_projects(supporting_project_id, supported_at, delivery_id, payment_id, project_id, user_id) VALUES (1770, (SELECT projects.end_date - INTERVAL 44 DAY FROM projects WHERE projects.id=48), 1770, 1770, 48, 24);
INSERT INTO orders (order_id, created_at, delivery_id, payment_id, supporting_project_id) VALUES (1770, (SELECT projects.end_date - INTERVAL 44 DAY FROM projects WHERE projects.id=48), 1, 1770, 1770);
INSERT INTO supporting_packages(id, option_list, package_count, order_id, project_package_id, supporting_project_id) VALUES (1770, '["궁중 요리"]', 6, 1770, 48, 1770);
INSERT INTO supporting_projects(supporting_project_id, supported_at, delivery_id, payment_id, project_id, user_id) VALUES (1771, (SELECT projects.end_date - INTERVAL 36 DAY FROM projects WHERE projects.id=48), 1771, 1771, 48, 8);
INSERT INTO orders (order_id, created_at, delivery_id, payment_id, supporting_project_id) VALUES (1771, (SELECT projects.end_date - INTERVAL 36 DAY FROM projects WHERE projects.id=48), 1, 1771, 1771);
INSERT INTO supporting_packages(id, option_list, package_count, order_id, project_package_id, supporting_project_id) VALUES (1771, '["프리미엄"]', 1, 1771, 48, 1771);
INSERT INTO supporting_projects(supporting_project_id, supported_at, delivery_id, payment_id, project_id, user_id) VALUES (1772, (SELECT projects.end_date - INTERVAL 21 DAY FROM projects WHERE projects.id=48), 1772, 1772, 48, 25);
INSERT INTO orders (order_id, created_at, delivery_id, payment_id, supporting_project_id) VALUES (1772, (SELECT projects.end_date - INTERVAL 21 DAY FROM projects WHERE projects.id=48), 1, 1772, 1772);
INSERT INTO supporting_packages(id, option_list, package_count, order_id, project_package_id, supporting_project_id) VALUES (1772, '["궁중 요리"]', 5, 1772, 48, 1772);
INSERT INTO supporting_projects(supporting_project_id, supported_at, delivery_id, payment_id, project_id, user_id) VALUES (1773, (SELECT projects.end_date - INTERVAL 8 DAY FROM projects WHERE projects.id=48), 1773, 1773, 48, 26);
INSERT INTO orders (order_id, created_at, delivery_id, payment_id, supporting_project_id) VALUES (1773, (SELECT projects.end_date - INTERVAL 8 DAY FROM projects WHERE projects.id=48), 1, 1773, 1773);
INSERT INTO supporting_packages(id, option_list, package_count, order_id, project_package_id, supporting_project_id) VALUES (1773, '["프리미엄"]', 1, 1773, 48, 1773);
INSERT INTO supporting_projects(supporting_project_id, supported_at, delivery_id, payment_id, project_id, user_id) VALUES (1774, (SELECT projects.end_date - INTERVAL 21 DAY FROM projects WHERE projects.id=48), 1774, 1774, 48, 34);
INSERT INTO orders (order_id, created_at, delivery_id, payment_id, supporting_project_id) VALUES (1774, (SELECT projects.end_date - INTERVAL 21 DAY FROM projects WHERE projects.id=48), 1, 1774, 1774);
INSERT INTO supporting_packages(id, option_list, package_count, order_id, project_package_id, supporting_project_id) VALUES (1774, '["기본"]', 10, 1774, 48, 1774);
INSERT INTO supporting_projects(supporting_project_id, supported_at, delivery_id, payment_id, project_id, user_id) VALUES (1775, (SELECT projects.end_date - INTERVAL 49 DAY FROM projects WHERE projects.id=48), 1775, 1775, 48, 11);
INSERT INTO orders (order_id, created_at, delivery_id, payment_id, supporting_project_id) VALUES (1775, (SELECT projects.end_date - INTERVAL 49 DAY FROM projects WHERE projects.id=48), 1, 1775, 1775);
INSERT INTO supporting_packages(id, option_list, package_count, order_id, project_package_id, supporting_project_id) VALUES (1775, '["기본"]', 4, 1775, 48, 1775);
INSERT INTO supporting_projects(supporting_project_id, supported_at, delivery_id, payment_id, project_id, user_id) VALUES (1776, (SELECT projects.end_date - INTERVAL 16 DAY FROM projects WHERE projects.id=48), 1776, 1776, 48, 25);
INSERT INTO orders (order_id, created_at, delivery_id, payment_id, supporting_project_id) VALUES (1776, (SELECT projects.end_date - INTERVAL 16 DAY FROM projects WHERE projects.id=48), 1, 1776, 1776);
INSERT INTO supporting_packages(id, option_list, package_count, order_id, project_package_id, supporting_project_id) VALUES (1776, '["궁중 요리"]', 5, 1776, 48, 1776);
INSERT INTO supporting_projects(supporting_project_id, supported_at, delivery_id, payment_id, project_id, user_id) VALUES (1777, (SELECT projects.end_date - INTERVAL 50 DAY FROM projects WHERE projects.id=48), 1777, 1777, 48, 18);
INSERT INTO orders (order_id, created_at, delivery_id, payment_id, supporting_project_id) VALUES (1777, (SELECT projects.end_date - INTERVAL 50 DAY FROM projects WHERE projects.id=48), 1, 1777, 1777);
INSERT INTO supporting_packages(id, option_list, package_count, order_id, project_package_id, supporting_project_id) VALUES (1777, '["프리미엄"]', 1, 1777, 48, 1777);
INSERT INTO supporting_projects(supporting_project_id, supported_at, delivery_id, payment_id, project_id, user_id) VALUES (1778, (SELECT projects.end_date - INTERVAL 42 DAY FROM projects WHERE projects.id=48), 1778, 1778, 48, 12);
INSERT INTO orders (order_id, created_at, delivery_id, payment_id, supporting_project_id) VALUES (1778, (SELECT projects.end_date - INTERVAL 42 DAY FROM projects WHERE projects.id=48), 1, 1778, 1778);
INSERT INTO supporting_packages(id, option_list, package_count, order_id, project_package_id, supporting_project_id) VALUES (1778, '["궁중 요리"]', 9, 1778, 48, 1778);
INSERT INTO supporting_projects(supporting_project_id, supported_at, delivery_id, payment_id, project_id, user_id) VALUES (1779, (SELECT projects.end_date - INTERVAL 23 DAY FROM projects WHERE projects.id=48), 1779, 1779, 48, 23);
INSERT INTO orders (order_id, created_at, delivery_id, payment_id, supporting_project_id) VALUES (1779, (SELECT projects.end_date - INTERVAL 23 DAY FROM projects WHERE projects.id=48), 1, 1779, 1779);
INSERT INTO supporting_packages(id, option_list, package_count, order_id, project_package_id, supporting_project_id) VALUES (1779, '["궁중 요리"]', 4, 1779, 48, 1779);
INSERT INTO supporting_projects(supporting_project_id, supported_at, delivery_id, payment_id, project_id, user_id) VALUES (1780, (SELECT projects.end_date - INTERVAL 44 DAY FROM projects WHERE projects.id=48), 1780, 1780, 48, 19);
INSERT INTO orders (order_id, created_at, delivery_id, payment_id, supporting_project_id) VALUES (1780, (SELECT projects.end_date - INTERVAL 44 DAY FROM projects WHERE projects.id=48), 1, 1780, 1780);
INSERT INTO supporting_packages(id, option_list, package_count, order_id, project_package_id, supporting_project_id) VALUES (1780, '["기본"]', 9, 1780, 48, 1780);
INSERT INTO supporting_projects(supporting_project_id, supported_at, delivery_id, payment_id, project_id, user_id) VALUES (1781, (SELECT projects.end_date - INTERVAL 43 DAY FROM projects WHERE projects.id=48), 1781, 1781, 48, 7);
INSERT INTO orders (order_id, created_at, delivery_id, payment_id, supporting_project_id) VALUES (1781, (SELECT projects.end_date - INTERVAL 43 DAY FROM projects WHERE projects.id=48), 1, 1781, 1781);
INSERT INTO supporting_packages(id, option_list, package_count, order_id, project_package_id, supporting_project_id) VALUES (1781, '["프리미엄"]', 2, 1781, 48, 1781);
INSERT INTO supporting_projects(supporting_project_id, supported_at, delivery_id, payment_id, project_id, user_id) VALUES (1782, (SELECT projects.end_date - INTERVAL 16 DAY FROM projects WHERE projects.id=48), 1782, 1782, 48, 27);
INSERT INTO orders (order_id, created_at, delivery_id, payment_id, supporting_project_id) VALUES (1782, (SELECT projects.end_date - INTERVAL 16 DAY FROM projects WHERE projects.id=48), 1, 1782, 1782);
INSERT INTO supporting_packages(id, option_list, package_count, order_id, project_package_id, supporting_project_id) VALUES (1782, '["기본"]', 9, 1782, 48, 1782);
INSERT INTO supporting_projects(supporting_project_id, supported_at, delivery_id, payment_id, project_id, user_id) VALUES (1783, (SELECT projects.end_date - INTERVAL 40 DAY FROM projects WHERE projects.id=48), 1783, 1783, 48, 11);
INSERT INTO orders (order_id, created_at, delivery_id, payment_id, supporting_project_id) VALUES (1783, (SELECT projects.end_date - INTERVAL 40 DAY FROM projects WHERE projects.id=48), 1, 1783, 1783);
INSERT INTO supporting_packages(id, option_list, package_count, order_id, project_package_id, supporting_project_id) VALUES (1783, '["프리미엄"]', 1, 1783, 48, 1783);
INSERT INTO supporting_projects(supporting_project_id, supported_at, delivery_id, payment_id, project_id, user_id) VALUES (1784, (SELECT projects.end_date - INTERVAL 39 DAY FROM projects WHERE projects.id=48), 1784, 1784, 48, 7);
INSERT INTO orders (order_id, created_at, delivery_id, payment_id, supporting_project_id) VALUES (1784, (SELECT projects.end_date - INTERVAL 39 DAY FROM projects WHERE projects.id=48), 1, 1784, 1784);
INSERT INTO supporting_packages(id, option_list, package_count, order_id, project_package_id, supporting_project_id) VALUES (1784, '["기본"]', 5, 1784, 48, 1784);
INSERT INTO supporting_projects(supporting_project_id, supported_at, delivery_id, payment_id, project_id, user_id) VALUES (1785, (SELECT projects.end_date - INTERVAL 14 DAY FROM projects WHERE projects.id=48), 1785, 1785, 48, 14);
INSERT INTO orders (order_id, created_at, delivery_id, payment_id, supporting_project_id) VALUES (1785, (SELECT projects.end_date - INTERVAL 14 DAY FROM projects WHERE projects.id=48), 1, 1785, 1785);
INSERT INTO supporting_packages(id, option_list, package_count, order_id, project_package_id, supporting_project_id) VALUES (1785, '["프리미엄"]', 3, 1785, 48, 1785);
INSERT INTO supporting_projects(supporting_project_id, supported_at, delivery_id, payment_id, project_id, user_id) VALUES (1786, (SELECT projects.end_date - INTERVAL 7 DAY FROM projects WHERE projects.id=48), 1786, 1786, 48, 18);
INSERT INTO orders (order_id, created_at, delivery_id, payment_id, supporting_project_id) VALUES (1786, (SELECT projects.end_date - INTERVAL 7 DAY FROM projects WHERE projects.id=48), 1, 1786, 1786);
INSERT INTO supporting_packages(id, option_list, package_count, order_id, project_package_id, supporting_project_id) VALUES (1786, '["궁중 요리"]', 9, 1786, 48, 1786);
INSERT INTO supporting_projects(supporting_project_id, supported_at, delivery_id, payment_id, project_id, user_id) VALUES (1787, (SELECT projects.end_date - INTERVAL 49 DAY FROM projects WHERE projects.id=48), 1787, 1787, 48, 34);
INSERT INTO orders (order_id, created_at, delivery_id, payment_id, supporting_project_id) VALUES (1787, (SELECT projects.end_date - INTERVAL 49 DAY FROM projects WHERE projects.id=48), 1, 1787, 1787);
INSERT INTO supporting_packages(id, option_list, package_count, order_id, project_package_id, supporting_project_id) VALUES (1787, '["기본"]', 6, 1787, 48, 1787);
INSERT INTO supporting_projects(supporting_project_id, supported_at, delivery_id, payment_id, project_id, user_id) VALUES (1788, (SELECT projects.end_date - INTERVAL 46 DAY FROM projects WHERE projects.id=48), 1788, 1788, 48, 4);
INSERT INTO orders (order_id, created_at, delivery_id, payment_id, supporting_project_id) VALUES (1788, (SELECT projects.end_date - INTERVAL 46 DAY FROM projects WHERE projects.id=48), 1, 1788, 1788);
INSERT INTO supporting_packages(id, option_list, package_count, order_id, project_package_id, supporting_project_id) VALUES (1788, '["기본"]', 3, 1788, 48, 1788);
INSERT INTO supporting_projects(supporting_project_id, supported_at, delivery_id, payment_id, project_id, user_id) VALUES (1789, (SELECT projects.end_date - INTERVAL 34 DAY FROM projects WHERE projects.id=48), 1789, 1789, 48, 32);
INSERT INTO orders (order_id, created_at, delivery_id, payment_id, supporting_project_id) VALUES (1789, (SELECT projects.end_date - INTERVAL 34 DAY FROM projects WHERE projects.id=48), 1, 1789, 1789);
INSERT INTO supporting_packages(id, option_list, package_count, order_id, project_package_id, supporting_project_id) VALUES (1789, '["프리미엄"]', 8, 1789, 48, 1789);
INSERT INTO supporting_projects(supporting_project_id, supported_at, delivery_id, payment_id, project_id, user_id) VALUES (1790, (SELECT projects.end_date - INTERVAL 30 DAY FROM projects WHERE projects.id=48), 1790, 1790, 48, 5);
INSERT INTO orders (order_id, created_at, delivery_id, payment_id, supporting_project_id) VALUES (1790, (SELECT projects.end_date - INTERVAL 30 DAY FROM projects WHERE projects.id=48), 1, 1790, 1790);
INSERT INTO supporting_packages(id, option_list, package_count, order_id, project_package_id, supporting_project_id) VALUES (1790, '["기본"]', 1, 1790, 48, 1790);
INSERT INTO supporting_projects(supporting_project_id, supported_at, delivery_id, payment_id, project_id, user_id) VALUES (1791, (SELECT projects.end_date - INTERVAL 17 DAY FROM projects WHERE projects.id=48), 1791, 1791, 48, 12);
INSERT INTO orders (order_id, created_at, delivery_id, payment_id, supporting_project_id) VALUES (1791, (SELECT projects.end_date - INTERVAL 17 DAY FROM projects WHERE projects.id=48), 1, 1791, 1791);
INSERT INTO supporting_packages(id, option_list, package_count, order_id, project_package_id, supporting_project_id) VALUES (1791, '["궁중 요리"]', 2, 1791, 48, 1791);
INSERT INTO supporting_projects(supporting_project_id, supported_at, delivery_id, payment_id, project_id, user_id) VALUES (1792, (SELECT projects.end_date - INTERVAL 49 DAY FROM projects WHERE projects.id=48), 1792, 1792, 48, 5);
INSERT INTO orders (order_id, created_at, delivery_id, payment_id, supporting_project_id) VALUES (1792, (SELECT projects.end_date - INTERVAL 49 DAY FROM projects WHERE projects.id=48), 1, 1792, 1792);
INSERT INTO supporting_packages(id, option_list, package_count, order_id, project_package_id, supporting_project_id) VALUES (1792, '["프리미엄"]', 2, 1792, 48, 1792);
INSERT INTO supporting_projects(supporting_project_id, supported_at, delivery_id, payment_id, project_id, user_id) VALUES (1793, (SELECT projects.end_date - INTERVAL 22 DAY FROM projects WHERE projects.id=48), 1793, 1793, 48, 37);
INSERT INTO orders (order_id, created_at, delivery_id, payment_id, supporting_project_id) VALUES (1793, (SELECT projects.end_date - INTERVAL 22 DAY FROM projects WHERE projects.id=48), 1, 1793, 1793);
INSERT INTO supporting_packages(id, option_list, package_count, order_id, project_package_id, supporting_project_id) VALUES (1793, '["기본"]', 8, 1793, 48, 1793);
INSERT INTO supporting_projects(supporting_project_id, supported_at, delivery_id, payment_id, project_id, user_id) VALUES (1794, (SELECT projects.end_date - INTERVAL 28 DAY FROM projects WHERE projects.id=48), 1794, 1794, 48, 30);
INSERT INTO orders (order_id, created_at, delivery_id, payment_id, supporting_project_id) VALUES (1794, (SELECT projects.end_date - INTERVAL 28 DAY FROM projects WHERE projects.id=48), 1, 1794, 1794);
INSERT INTO supporting_packages(id, option_list, package_count, order_id, project_package_id, supporting_project_id) VALUES (1794, '["기본"]', 6, 1794, 48, 1794);
INSERT INTO supporting_projects(supporting_project_id, supported_at, delivery_id, payment_id, project_id, user_id) VALUES (1795, (SELECT projects.end_date - INTERVAL 9 DAY FROM projects WHERE projects.id=48), 1795, 1795, 48, 25);
INSERT INTO orders (order_id, created_at, delivery_id, payment_id, supporting_project_id) VALUES (1795, (SELECT projects.end_date - INTERVAL 9 DAY FROM projects WHERE projects.id=48), 1, 1795, 1795);
INSERT INTO supporting_packages(id, option_list, package_count, order_id, project_package_id, supporting_project_id) VALUES (1795, '["프리미엄"]', 8, 1795, 48, 1795);
INSERT INTO supporting_projects(supporting_project_id, supported_at, delivery_id, payment_id, project_id, user_id) VALUES (1796, (SELECT projects.end_date - INTERVAL 45 DAY FROM projects WHERE projects.id=48), 1796, 1796, 48, 21);
INSERT INTO orders (order_id, created_at, delivery_id, payment_id, supporting_project_id) VALUES (1796, (SELECT projects.end_date - INTERVAL 45 DAY FROM projects WHERE projects.id=48), 1, 1796, 1796);
INSERT INTO supporting_packages(id, option_list, package_count, order_id, project_package_id, supporting_project_id) VALUES (1796, '["프리미엄"]', 7, 1796, 48, 1796);
INSERT INTO supporting_projects(supporting_project_id, supported_at, delivery_id, payment_id, project_id, user_id) VALUES (1797, (SELECT projects.end_date - INTERVAL 40 DAY FROM projects WHERE projects.id=51), 1797, 1797, 51, 15);
INSERT INTO orders (order_id, created_at, delivery_id, payment_id, supporting_project_id) VALUES (1797, (SELECT projects.end_date - INTERVAL 40 DAY FROM projects WHERE projects.id=51), 1, 1797, 1797);
INSERT INTO supporting_packages(id, option_list, package_count, order_id, project_package_id, supporting_project_id) VALUES (1797, '["일반석"]', 7, 1797, 51, 1797);
INSERT INTO supporting_projects(supporting_project_id, supported_at, delivery_id, payment_id, project_id, user_id) VALUES (1798, (SELECT projects.end_date - INTERVAL 12 DAY FROM projects WHERE projects.id=51), 1798, 1798, 51, 14);
INSERT INTO orders (order_id, created_at, delivery_id, payment_id, supporting_project_id) VALUES (1798, (SELECT projects.end_date - INTERVAL 12 DAY FROM projects WHERE projects.id=51), 1, 1798, 1798);
INSERT INTO supporting_packages(id, option_list, package_count, order_id, project_package_id, supporting_project_id) VALUES (1798, '["VIP석"]', 6, 1798, 51, 1798);
INSERT INTO supporting_projects(supporting_project_id, supported_at, delivery_id, payment_id, project_id, user_id) VALUES (1799, (SELECT projects.end_date - INTERVAL 12 DAY FROM projects WHERE projects.id=51), 1799, 1799, 51, 18);
INSERT INTO orders (order_id, created_at, delivery_id, payment_id, supporting_project_id) VALUES (1799, (SELECT projects.end_date - INTERVAL 12 DAY FROM projects WHERE projects.id=51), 1, 1799, 1799);
INSERT INTO supporting_packages(id, option_list, package_count, order_id, project_package_id, supporting_project_id) VALUES (1799, '["온라인 관람"]', 2, 1799, 51, 1799);
INSERT INTO supporting_projects(supporting_project_id, supported_at, delivery_id, payment_id, project_id, user_id) VALUES (1800, (SELECT projects.end_date - INTERVAL 17 DAY FROM projects WHERE projects.id=51), 1800, 1800, 51, 31);
INSERT INTO orders (order_id, created_at, delivery_id, payment_id, supporting_project_id) VALUES (1800, (SELECT projects.end_date - INTERVAL 17 DAY FROM projects WHERE projects.id=51), 1, 1800, 1800);
INSERT INTO supporting_packages(id, option_list, package_count, order_id, project_package_id, supporting_project_id) VALUES (1800, '["온라인 관람"]', 5, 1800, 51, 1800);
INSERT INTO supporting_projects(supporting_project_id, supported_at, delivery_id, payment_id, project_id, user_id) VALUES (1801, (SELECT projects.end_date - INTERVAL 42 DAY FROM projects WHERE projects.id=51), 1801, 1801, 51, 40);
INSERT INTO orders (order_id, created_at, delivery_id, payment_id, supporting_project_id) VALUES (1801, (SELECT projects.end_date - INTERVAL 42 DAY FROM projects WHERE projects.id=51), 1, 1801, 1801);
INSERT INTO supporting_packages(id, option_list, package_count, order_id, project_package_id, supporting_project_id) VALUES (1801, '["VIP석"]', 9, 1801, 51, 1801);
INSERT INTO supporting_projects(supporting_project_id, supported_at, delivery_id, payment_id, project_id, user_id) VALUES (1802, (SELECT projects.end_date - INTERVAL 11 DAY FROM projects WHERE projects.id=51), 1802, 1802, 51, 31);
INSERT INTO orders (order_id, created_at, delivery_id, payment_id, supporting_project_id) VALUES (1802, (SELECT projects.end_date - INTERVAL 11 DAY FROM projects WHERE projects.id=51), 1, 1802, 1802);
INSERT INTO supporting_packages(id, option_list, package_count, order_id, project_package_id, supporting_project_id) VALUES (1802, '["일반석"]', 4, 1802, 51, 1802);
INSERT INTO supporting_projects(supporting_project_id, supported_at, delivery_id, payment_id, project_id, user_id) VALUES (1803, (SELECT projects.end_date - INTERVAL 20 DAY FROM projects WHERE projects.id=51), 1803, 1803, 51, 4);
INSERT INTO orders (order_id, created_at, delivery_id, payment_id, supporting_project_id) VALUES (1803, (SELECT projects.end_date - INTERVAL 20 DAY FROM projects WHERE projects.id=51), 1, 1803, 1803);
INSERT INTO supporting_packages(id, option_list, package_count, order_id, project_package_id, supporting_project_id) VALUES (1803, '["VIP석"]', 5, 1803, 51, 1803);
INSERT INTO supporting_projects(supporting_project_id, supported_at, delivery_id, payment_id, project_id, user_id) VALUES (1804, (SELECT projects.end_date - INTERVAL 16 DAY FROM projects WHERE projects.id=51), 1804, 1804, 51, 9);
INSERT INTO orders (order_id, created_at, delivery_id, payment_id, supporting_project_id) VALUES (1804, (SELECT projects.end_date - INTERVAL 16 DAY FROM projects WHERE projects.id=51), 1, 1804, 1804);
INSERT INTO supporting_packages(id, option_list, package_count, order_id, project_package_id, supporting_project_id) VALUES (1804, '["일반석"]', 5, 1804, 51, 1804);
INSERT INTO supporting_projects(supporting_project_id, supported_at, delivery_id, payment_id, project_id, user_id) VALUES (1805, (SELECT projects.end_date - INTERVAL 48 DAY FROM projects WHERE projects.id=51), 1805, 1805, 51, 17);
INSERT INTO orders (order_id, created_at, delivery_id, payment_id, supporting_project_id) VALUES (1805, (SELECT projects.end_date - INTERVAL 48 DAY FROM projects WHERE projects.id=51), 1, 1805, 1805);
INSERT INTO supporting_packages(id, option_list, package_count, order_id, project_package_id, supporting_project_id) VALUES (1805, '["일반석"]', 8, 1805, 51, 1805);
INSERT INTO supporting_projects(supporting_project_id, supported_at, delivery_id, payment_id, project_id, user_id) VALUES (1806, (SELECT projects.end_date - INTERVAL 38 DAY FROM projects WHERE projects.id=51), 1806, 1806, 51, 7);
INSERT INTO orders (order_id, created_at, delivery_id, payment_id, supporting_project_id) VALUES (1806, (SELECT projects.end_date - INTERVAL 38 DAY FROM projects WHERE projects.id=51), 1, 1806, 1806);
INSERT INTO supporting_packages(id, option_list, package_count, order_id, project_package_id, supporting_project_id) VALUES (1806, '["일반석"]', 7, 1806, 51, 1806);
INSERT INTO supporting_projects(supporting_project_id, supported_at, delivery_id, payment_id, project_id, user_id) VALUES (1807, (SELECT projects.end_date - INTERVAL 44 DAY FROM projects WHERE projects.id=51), 1807, 1807, 51, 35);
INSERT INTO orders (order_id, created_at, delivery_id, payment_id, supporting_project_id) VALUES (1807, (SELECT projects.end_date - INTERVAL 44 DAY FROM projects WHERE projects.id=51), 1, 1807, 1807);
INSERT INTO supporting_packages(id, option_list, package_count, order_id, project_package_id, supporting_project_id) VALUES (1807, '["일반석"]', 2, 1807, 51, 1807);
INSERT INTO supporting_projects(supporting_project_id, supported_at, delivery_id, payment_id, project_id, user_id) VALUES (1808, (SELECT projects.end_date - INTERVAL 42 DAY FROM projects WHERE projects.id=51), 1808, 1808, 51, 6);
INSERT INTO orders (order_id, created_at, delivery_id, payment_id, supporting_project_id) VALUES (1808, (SELECT projects.end_date - INTERVAL 42 DAY FROM projects WHERE projects.id=51), 1, 1808, 1808);
INSERT INTO supporting_packages(id, option_list, package_count, order_id, project_package_id, supporting_project_id) VALUES (1808, '["온라인 관람"]', 1, 1808, 51, 1808);
INSERT INTO supporting_projects(supporting_project_id, supported_at, delivery_id, payment_id, project_id, user_id) VALUES (1809, (SELECT projects.end_date - INTERVAL 30 DAY FROM projects WHERE projects.id=51), 1809, 1809, 51, 30);
INSERT INTO orders (order_id, created_at, delivery_id, payment_id, supporting_project_id) VALUES (1809, (SELECT projects.end_date - INTERVAL 30 DAY FROM projects WHERE projects.id=51), 1, 1809, 1809);
INSERT INTO supporting_packages(id, option_list, package_count, order_id, project_package_id, supporting_project_id) VALUES (1809, '["일반석"]', 2, 1809, 51, 1809);
INSERT INTO supporting_projects(supporting_project_id, supported_at, delivery_id, payment_id, project_id, user_id) VALUES (1810, (SELECT projects.end_date - INTERVAL 31 DAY FROM projects WHERE projects.id=51), 1810, 1810, 51, 39);
INSERT INTO orders (order_id, created_at, delivery_id, payment_id, supporting_project_id) VALUES (1810, (SELECT projects.end_date - INTERVAL 31 DAY FROM projects WHERE projects.id=51), 1, 1810, 1810);
INSERT INTO supporting_packages(id, option_list, package_count, order_id, project_package_id, supporting_project_id) VALUES (1810, '["온라인 관람"]', 10, 1810, 51, 1810);
INSERT INTO supporting_projects(supporting_project_id, supported_at, delivery_id, payment_id, project_id, user_id) VALUES (1811, (SELECT projects.end_date - INTERVAL 49 DAY FROM projects WHERE projects.id=51), 1811, 1811, 51, 3);
INSERT INTO orders (order_id, created_at, delivery_id, payment_id, supporting_project_id) VALUES (1811, (SELECT projects.end_date - INTERVAL 49 DAY FROM projects WHERE projects.id=51), 1, 1811, 1811);
INSERT INTO supporting_packages(id, option_list, package_count, order_id, project_package_id, supporting_project_id) VALUES (1811, '["온라인 관람"]', 7, 1811, 51, 1811);
INSERT INTO supporting_projects(supporting_project_id, supported_at, delivery_id, payment_id, project_id, user_id) VALUES (1812, (SELECT projects.end_date - INTERVAL 45 DAY FROM projects WHERE projects.id=51), 1812, 1812, 51, 35);
INSERT INTO orders (order_id, created_at, delivery_id, payment_id, supporting_project_id) VALUES (1812, (SELECT projects.end_date - INTERVAL 45 DAY FROM projects WHERE projects.id=51), 1, 1812, 1812);
INSERT INTO supporting_packages(id, option_list, package_count, order_id, project_package_id, supporting_project_id) VALUES (1812, '["VIP석"]', 10, 1812, 51, 1812);
INSERT INTO supporting_projects(supporting_project_id, supported_at, delivery_id, payment_id, project_id, user_id) VALUES (1813, (SELECT projects.end_date - INTERVAL 9 DAY FROM projects WHERE projects.id=51), 1813, 1813, 51, 22);
INSERT INTO orders (order_id, created_at, delivery_id, payment_id, supporting_project_id) VALUES (1813, (SELECT projects.end_date - INTERVAL 9 DAY FROM projects WHERE projects.id=51), 1, 1813, 1813);
INSERT INTO supporting_packages(id, option_list, package_count, order_id, project_package_id, supporting_project_id) VALUES (1813, '["일반석"]', 7, 1813, 51, 1813);
INSERT INTO supporting_projects(supporting_project_id, supported_at, delivery_id, payment_id, project_id, user_id) VALUES (1814, (SELECT projects.end_date - INTERVAL 41 DAY FROM projects WHERE projects.id=51), 1814, 1814, 51, 13);
INSERT INTO orders (order_id, created_at, delivery_id, payment_id, supporting_project_id) VALUES (1814, (SELECT projects.end_date - INTERVAL 41 DAY FROM projects WHERE projects.id=51), 1, 1814, 1814);
INSERT INTO supporting_packages(id, option_list, package_count, order_id, project_package_id, supporting_project_id) VALUES (1814, '["온라인 관람"]', 9, 1814, 51, 1814);
INSERT INTO supporting_projects(supporting_project_id, supported_at, delivery_id, payment_id, project_id, user_id) VALUES (1815, (SELECT projects.end_date - INTERVAL 48 DAY FROM projects WHERE projects.id=51), 1815, 1815, 51, 23);
INSERT INTO orders (order_id, created_at, delivery_id, payment_id, supporting_project_id) VALUES (1815, (SELECT projects.end_date - INTERVAL 48 DAY FROM projects WHERE projects.id=51), 1, 1815, 1815);
INSERT INTO supporting_packages(id, option_list, package_count, order_id, project_package_id, supporting_project_id) VALUES (1815, '["일반석"]', 3, 1815, 51, 1815);
INSERT INTO supporting_projects(supporting_project_id, supported_at, delivery_id, payment_id, project_id, user_id) VALUES (1816, (SELECT projects.end_date - INTERVAL 13 DAY FROM projects WHERE projects.id=51), 1816, 1816, 51, 25);
INSERT INTO orders (order_id, created_at, delivery_id, payment_id, supporting_project_id) VALUES (1816, (SELECT projects.end_date - INTERVAL 13 DAY FROM projects WHERE projects.id=51), 1, 1816, 1816);
INSERT INTO supporting_packages(id, option_list, package_count, order_id, project_package_id, supporting_project_id) VALUES (1816, '["일반석"]', 9, 1816, 51, 1816);
INSERT INTO supporting_projects(supporting_project_id, supported_at, delivery_id, payment_id, project_id, user_id) VALUES (1817, (SELECT projects.end_date - INTERVAL 24 DAY FROM projects WHERE projects.id=51), 1817, 1817, 51, 2);
INSERT INTO orders (order_id, created_at, delivery_id, payment_id, supporting_project_id) VALUES (1817, (SELECT projects.end_date - INTERVAL 24 DAY FROM projects WHERE projects.id=51), 1, 1817, 1817);
INSERT INTO supporting_packages(id, option_list, package_count, order_id, project_package_id, supporting_project_id) VALUES (1817, '["VIP석"]', 10, 1817, 51, 1817);
INSERT INTO supporting_projects(supporting_project_id, supported_at, delivery_id, payment_id, project_id, user_id) VALUES (1818, (SELECT projects.end_date - INTERVAL 49 DAY FROM projects WHERE projects.id=51), 1818, 1818, 51, 11);
INSERT INTO orders (order_id, created_at, delivery_id, payment_id, supporting_project_id) VALUES (1818, (SELECT projects.end_date - INTERVAL 49 DAY FROM projects WHERE projects.id=51), 1, 1818, 1818);
INSERT INTO supporting_packages(id, option_list, package_count, order_id, project_package_id, supporting_project_id) VALUES (1818, '["온라인 관람"]', 8, 1818, 51, 1818);
INSERT INTO supporting_projects(supporting_project_id, supported_at, delivery_id, payment_id, project_id, user_id) VALUES (1819, (SELECT projects.end_date - INTERVAL 47 DAY FROM projects WHERE projects.id=51), 1819, 1819, 51, 13);
INSERT INTO orders (order_id, created_at, delivery_id, payment_id, supporting_project_id) VALUES (1819, (SELECT projects.end_date - INTERVAL 47 DAY FROM projects WHERE projects.id=51), 1, 1819, 1819);
INSERT INTO supporting_packages(id, option_list, package_count, order_id, project_package_id, supporting_project_id) VALUES (1819, '["일반석"]', 6, 1819, 51, 1819);
INSERT INTO supporting_projects(supporting_project_id, supported_at, delivery_id, payment_id, project_id, user_id) VALUES (1820, (SELECT projects.end_date - INTERVAL 19 DAY FROM projects WHERE projects.id=51), 1820, 1820, 51, 40);
INSERT INTO orders (order_id, created_at, delivery_id, payment_id, supporting_project_id) VALUES (1820, (SELECT projects.end_date - INTERVAL 19 DAY FROM projects WHERE projects.id=51), 1, 1820, 1820);
INSERT INTO supporting_packages(id, option_list, package_count, order_id, project_package_id, supporting_project_id) VALUES (1820, '["VIP석"]', 6, 1820, 51, 1820);
INSERT INTO supporting_projects(supporting_project_id, supported_at, delivery_id, payment_id, project_id, user_id) VALUES (1821, (SELECT projects.end_date - INTERVAL 10 DAY FROM projects WHERE projects.id=51), 1821, 1821, 51, 18);
INSERT INTO orders (order_id, created_at, delivery_id, payment_id, supporting_project_id) VALUES (1821, (SELECT projects.end_date - INTERVAL 10 DAY FROM projects WHERE projects.id=51), 1, 1821, 1821);
INSERT INTO supporting_packages(id, option_list, package_count, order_id, project_package_id, supporting_project_id) VALUES (1821, '["온라인 관람"]', 6, 1821, 51, 1821);
INSERT INTO supporting_projects(supporting_project_id, supported_at, delivery_id, payment_id, project_id, user_id) VALUES (1822, (SELECT projects.end_date - INTERVAL 7 DAY FROM projects WHERE projects.id=51), 1822, 1822, 51, 15);
INSERT INTO orders (order_id, created_at, delivery_id, payment_id, supporting_project_id) VALUES (1822, (SELECT projects.end_date - INTERVAL 7 DAY FROM projects WHERE projects.id=51), 1, 1822, 1822);
INSERT INTO supporting_packages(id, option_list, package_count, order_id, project_package_id, supporting_project_id) VALUES (1822, '["온라인 관람"]', 10, 1822, 51, 1822);
INSERT INTO supporting_projects(supporting_project_id, supported_at, delivery_id, payment_id, project_id, user_id) VALUES (1823, (SELECT projects.end_date - INTERVAL 18 DAY FROM projects WHERE projects.id=51), 1823, 1823, 51, 40);
INSERT INTO orders (order_id, created_at, delivery_id, payment_id, supporting_project_id) VALUES (1823, (SELECT projects.end_date - INTERVAL 18 DAY FROM projects WHERE projects.id=51), 1, 1823, 1823);
INSERT INTO supporting_packages(id, option_list, package_count, order_id, project_package_id, supporting_project_id) VALUES (1823, '["VIP석"]', 6, 1823, 51, 1823);
INSERT INTO supporting_projects(supporting_project_id, supported_at, delivery_id, payment_id, project_id, user_id) VALUES (1824, (SELECT projects.end_date - INTERVAL 23 DAY FROM projects WHERE projects.id=51), 1824, 1824, 51, 24);
INSERT INTO orders (order_id, created_at, delivery_id, payment_id, supporting_project_id) VALUES (1824, (SELECT projects.end_date - INTERVAL 23 DAY FROM projects WHERE projects.id=51), 1, 1824, 1824);
INSERT INTO supporting_packages(id, option_list, package_count, order_id, project_package_id, supporting_project_id) VALUES (1824, '["VIP석"]', 8, 1824, 51, 1824);
INSERT INTO supporting_projects(supporting_project_id, supported_at, delivery_id, payment_id, project_id, user_id) VALUES (1825, (SELECT projects.end_date - INTERVAL 20 DAY FROM projects WHERE projects.id=51), 1825, 1825, 51, 20);
INSERT INTO orders (order_id, created_at, delivery_id, payment_id, supporting_project_id) VALUES (1825, (SELECT projects.end_date - INTERVAL 20 DAY FROM projects WHERE projects.id=51), 1, 1825, 1825);
INSERT INTO supporting_packages(id, option_list, package_count, order_id, project_package_id, supporting_project_id) VALUES (1825, '["VIP석"]', 1, 1825, 51, 1825);
INSERT INTO supporting_projects(supporting_project_id, supported_at, delivery_id, payment_id, project_id, user_id) VALUES (1826, (SELECT projects.end_date - INTERVAL 11 DAY FROM projects WHERE projects.id=51), 1826, 1826, 51, 15);
INSERT INTO orders (order_id, created_at, delivery_id, payment_id, supporting_project_id) VALUES (1826, (SELECT projects.end_date - INTERVAL 11 DAY FROM projects WHERE projects.id=51), 1, 1826, 1826);
INSERT INTO supporting_packages(id, option_list, package_count, order_id, project_package_id, supporting_project_id) VALUES (1826, '["온라인 관람"]', 6, 1826, 51, 1826);
INSERT INTO supporting_projects(supporting_project_id, supported_at, delivery_id, payment_id, project_id, user_id) VALUES (1827, (SELECT projects.end_date - INTERVAL 47 DAY FROM projects WHERE projects.id=51), 1827, 1827, 51, 15);
INSERT INTO orders (order_id, created_at, delivery_id, payment_id, supporting_project_id) VALUES (1827, (SELECT projects.end_date - INTERVAL 47 DAY FROM projects WHERE projects.id=51), 1, 1827, 1827);
INSERT INTO supporting_packages(id, option_list, package_count, order_id, project_package_id, supporting_project_id) VALUES (1827, '["온라인 관람"]', 10, 1827, 51, 1827);
INSERT INTO supporting_projects(supporting_project_id, supported_at, delivery_id, payment_id, project_id, user_id) VALUES (1828, (SELECT projects.end_date - INTERVAL 25 DAY FROM projects WHERE projects.id=51), 1828, 1828, 51, 27);
INSERT INTO orders (order_id, created_at, delivery_id, payment_id, supporting_project_id) VALUES (1828, (SELECT projects.end_date - INTERVAL 25 DAY FROM projects WHERE projects.id=51), 1, 1828, 1828);
INSERT INTO supporting_packages(id, option_list, package_count, order_id, project_package_id, supporting_project_id) VALUES (1828, '["VIP석"]', 5, 1828, 51, 1828);
INSERT INTO supporting_projects(supporting_project_id, supported_at, delivery_id, payment_id, project_id, user_id) VALUES (1829, (SELECT projects.end_date - INTERVAL 33 DAY FROM projects WHERE projects.id=51), 1829, 1829, 51, 38);
INSERT INTO orders (order_id, created_at, delivery_id, payment_id, supporting_project_id) VALUES (1829, (SELECT projects.end_date - INTERVAL 33 DAY FROM projects WHERE projects.id=51), 1, 1829, 1829);
INSERT INTO supporting_packages(id, option_list, package_count, order_id, project_package_id, supporting_project_id) VALUES (1829, '["일반석"]', 1, 1829, 51, 1829);
INSERT INTO supporting_projects(supporting_project_id, supported_at, delivery_id, payment_id, project_id, user_id) VALUES (1830, (SELECT projects.end_date - INTERVAL 50 DAY FROM projects WHERE projects.id=51), 1830, 1830, 51, 18);
INSERT INTO orders (order_id, created_at, delivery_id, payment_id, supporting_project_id) VALUES (1830, (SELECT projects.end_date - INTERVAL 50 DAY FROM projects WHERE projects.id=51), 1, 1830, 1830);
INSERT INTO supporting_packages(id, option_list, package_count, order_id, project_package_id, supporting_project_id) VALUES (1830, '["온라인 관람"]', 3, 1830, 51, 1830);
INSERT INTO supporting_projects(supporting_project_id, supported_at, delivery_id, payment_id, project_id, user_id) VALUES (1831, (SELECT projects.end_date - INTERVAL 41 DAY FROM projects WHERE projects.id=51), 1831, 1831, 51, 24);
INSERT INTO orders (order_id, created_at, delivery_id, payment_id, supporting_project_id) VALUES (1831, (SELECT projects.end_date - INTERVAL 41 DAY FROM projects WHERE projects.id=51), 1, 1831, 1831);
INSERT INTO supporting_packages(id, option_list, package_count, order_id, project_package_id, supporting_project_id) VALUES (1831, '["VIP석"]', 6, 1831, 51, 1831);
INSERT INTO supporting_projects(supporting_project_id, supported_at, delivery_id, payment_id, project_id, user_id) VALUES (1832, (SELECT projects.end_date - INTERVAL 44 DAY FROM projects WHERE projects.id=51), 1832, 1832, 51, 5);
INSERT INTO orders (order_id, created_at, delivery_id, payment_id, supporting_project_id) VALUES (1832, (SELECT projects.end_date - INTERVAL 44 DAY FROM projects WHERE projects.id=51), 1, 1832, 1832);
INSERT INTO supporting_packages(id, option_list, package_count, order_id, project_package_id, supporting_project_id) VALUES (1832, '["온라인 관람"]', 6, 1832, 51, 1832);
INSERT INTO supporting_projects(supporting_project_id, supported_at, delivery_id, payment_id, project_id, user_id) VALUES (1833, (SELECT projects.end_date - INTERVAL 20 DAY FROM projects WHERE projects.id=51), 1833, 1833, 51, 15);
INSERT INTO orders (order_id, created_at, delivery_id, payment_id, supporting_project_id) VALUES (1833, (SELECT projects.end_date - INTERVAL 20 DAY FROM projects WHERE projects.id=51), 1, 1833, 1833);
INSERT INTO supporting_packages(id, option_list, package_count, order_id, project_package_id, supporting_project_id) VALUES (1833, '["VIP석"]', 4, 1833, 51, 1833);
INSERT INTO supporting_projects(supporting_project_id, supported_at, delivery_id, payment_id, project_id, user_id) VALUES (1834, (SELECT projects.end_date - INTERVAL 21 DAY FROM projects WHERE projects.id=51), 1834, 1834, 51, 18);
INSERT INTO orders (order_id, created_at, delivery_id, payment_id, supporting_project_id) VALUES (1834, (SELECT projects.end_date - INTERVAL 21 DAY FROM projects WHERE projects.id=51), 1, 1834, 1834);
INSERT INTO supporting_packages(id, option_list, package_count, order_id, project_package_id, supporting_project_id) VALUES (1834, '["VIP석"]', 2, 1834, 51, 1834);
INSERT INTO supporting_projects(supporting_project_id, supported_at, delivery_id, payment_id, project_id, user_id) VALUES (1835, (SELECT projects.end_date - INTERVAL 31 DAY FROM projects WHERE projects.id=51), 1835, 1835, 51, 3);
INSERT INTO orders (order_id, created_at, delivery_id, payment_id, supporting_project_id) VALUES (1835, (SELECT projects.end_date - INTERVAL 31 DAY FROM projects WHERE projects.id=51), 1, 1835, 1835);
INSERT INTO supporting_packages(id, option_list, package_count, order_id, project_package_id, supporting_project_id) VALUES (1835, '["온라인 관람"]', 3, 1835, 51, 1835);
INSERT INTO supporting_projects(supporting_project_id, supported_at, delivery_id, payment_id, project_id, user_id) VALUES (1836, (SELECT projects.end_date - INTERVAL 41 DAY FROM projects WHERE projects.id=51), 1836, 1836, 51, 22);
INSERT INTO orders (order_id, created_at, delivery_id, payment_id, supporting_project_id) VALUES (1836, (SELECT projects.end_date - INTERVAL 41 DAY FROM projects WHERE projects.id=51), 1, 1836, 1836);
INSERT INTO supporting_packages(id, option_list, package_count, order_id, project_package_id, supporting_project_id) VALUES (1836, '["VIP석"]', 2, 1836, 51, 1836);
INSERT INTO supporting_projects(supporting_project_id, supported_at, delivery_id, payment_id, project_id, user_id) VALUES (1837, (SELECT projects.end_date - INTERVAL 17 DAY FROM projects WHERE projects.id=51), 1837, 1837, 51, 36);
INSERT INTO orders (order_id, created_at, delivery_id, payment_id, supporting_project_id) VALUES (1837, (SELECT projects.end_date - INTERVAL 17 DAY FROM projects WHERE projects.id=51), 1, 1837, 1837);
INSERT INTO supporting_packages(id, option_list, package_count, order_id, project_package_id, supporting_project_id) VALUES (1837, '["일반석"]', 3, 1837, 51, 1837);
INSERT INTO supporting_projects(supporting_project_id, supported_at, delivery_id, payment_id, project_id, user_id) VALUES (1838, (SELECT projects.end_date - INTERVAL 47 DAY FROM projects WHERE projects.id=51), 1838, 1838, 51, 1);
INSERT INTO orders (order_id, created_at, delivery_id, payment_id, supporting_project_id) VALUES (1838, (SELECT projects.end_date - INTERVAL 47 DAY FROM projects WHERE projects.id=51), 1, 1838, 1838);
INSERT INTO supporting_packages(id, option_list, package_count, order_id, project_package_id, supporting_project_id) VALUES (1838, '["일반석"]', 9, 1838, 51, 1838);
INSERT INTO supporting_projects(supporting_project_id, supported_at, delivery_id, payment_id, project_id, user_id) VALUES (1839, (SELECT projects.end_date - INTERVAL 17 DAY FROM projects WHERE projects.id=51), 1839, 1839, 51, 13);
INSERT INTO orders (order_id, created_at, delivery_id, payment_id, supporting_project_id) VALUES (1839, (SELECT projects.end_date - INTERVAL 17 DAY FROM projects WHERE projects.id=51), 1, 1839, 1839);
INSERT INTO supporting_packages(id, option_list, package_count, order_id, project_package_id, supporting_project_id) VALUES (1839, '["온라인 관람"]', 1, 1839, 51, 1839);
INSERT INTO supporting_projects(supporting_project_id, supported_at, delivery_id, payment_id, project_id, user_id) VALUES (1840, (SELECT projects.end_date - INTERVAL 48 DAY FROM projects WHERE projects.id=51), 1840, 1840, 51, 34);
INSERT INTO orders (order_id, created_at, delivery_id, payment_id, supporting_project_id) VALUES (1840, (SELECT projects.end_date - INTERVAL 48 DAY FROM projects WHERE projects.id=51), 1, 1840, 1840);
INSERT INTO supporting_packages(id, option_list, package_count, order_id, project_package_id, supporting_project_id) VALUES (1840, '["온라인 관람"]', 8, 1840, 51, 1840);
INSERT INTO supporting_projects(supporting_project_id, supported_at, delivery_id, payment_id, project_id, user_id) VALUES (1841, (SELECT projects.end_date - INTERVAL 13 DAY FROM projects WHERE projects.id=51), 1841, 1841, 51, 4);
INSERT INTO orders (order_id, created_at, delivery_id, payment_id, supporting_project_id) VALUES (1841, (SELECT projects.end_date - INTERVAL 13 DAY FROM projects WHERE projects.id=51), 1, 1841, 1841);
INSERT INTO supporting_packages(id, option_list, package_count, order_id, project_package_id, supporting_project_id) VALUES (1841, '["온라인 관람"]', 5, 1841, 51, 1841);
INSERT INTO supporting_projects(supporting_project_id, supported_at, delivery_id, payment_id, project_id, user_id) VALUES (1842, (SELECT projects.end_date - INTERVAL 24 DAY FROM projects WHERE projects.id=51), 1842, 1842, 51, 38);
INSERT INTO orders (order_id, created_at, delivery_id, payment_id, supporting_project_id) VALUES (1842, (SELECT projects.end_date - INTERVAL 24 DAY FROM projects WHERE projects.id=51), 1, 1842, 1842);
INSERT INTO supporting_packages(id, option_list, package_count, order_id, project_package_id, supporting_project_id) VALUES (1842, '["VIP석"]', 5, 1842, 51, 1842);
INSERT INTO supporting_projects(supporting_project_id, supported_at, delivery_id, payment_id, project_id, user_id) VALUES (1843, (SELECT projects.end_date - INTERVAL 29 DAY FROM projects WHERE projects.id=51), 1843, 1843, 51, 7);
INSERT INTO orders (order_id, created_at, delivery_id, payment_id, supporting_project_id) VALUES (1843, (SELECT projects.end_date - INTERVAL 29 DAY FROM projects WHERE projects.id=51), 1, 1843, 1843);
INSERT INTO supporting_packages(id, option_list, package_count, order_id, project_package_id, supporting_project_id) VALUES (1843, '["온라인 관람"]', 4, 1843, 51, 1843);
INSERT INTO supporting_projects(supporting_project_id, supported_at, delivery_id, payment_id, project_id, user_id) VALUES (1844, (SELECT projects.end_date - INTERVAL 37 DAY FROM projects WHERE projects.id=51), 1844, 1844, 51, 39);
INSERT INTO orders (order_id, created_at, delivery_id, payment_id, supporting_project_id) VALUES (1844, (SELECT projects.end_date - INTERVAL 37 DAY FROM projects WHERE projects.id=51), 1, 1844, 1844);
INSERT INTO supporting_packages(id, option_list, package_count, order_id, project_package_id, supporting_project_id) VALUES (1844, '["온라인 관람"]', 9, 1844, 51, 1844);
INSERT INTO supporting_projects(supporting_project_id, supported_at, delivery_id, payment_id, project_id, user_id) VALUES (1845, (SELECT projects.end_date - INTERVAL 49 DAY FROM projects WHERE projects.id=51), 1845, 1845, 51, 26);
INSERT INTO orders (order_id, created_at, delivery_id, payment_id, supporting_project_id) VALUES (1845, (SELECT projects.end_date - INTERVAL 49 DAY FROM projects WHERE projects.id=51), 1, 1845, 1845);
INSERT INTO supporting_packages(id, option_list, package_count, order_id, project_package_id, supporting_project_id) VALUES (1845, '["온라인 관람"]', 4, 1845, 51, 1845);
INSERT INTO supporting_projects(supporting_project_id, supported_at, delivery_id, payment_id, project_id, user_id) VALUES (1846, (SELECT projects.end_date - INTERVAL 9 DAY FROM projects WHERE projects.id=51), 1846, 1846, 51, 8);
INSERT INTO orders (order_id, created_at, delivery_id, payment_id, supporting_project_id) VALUES (1846, (SELECT projects.end_date - INTERVAL 9 DAY FROM projects WHERE projects.id=51), 1, 1846, 1846);
INSERT INTO supporting_packages(id, option_list, package_count, order_id, project_package_id, supporting_project_id) VALUES (1846, '["VIP석"]', 9, 1846, 51, 1846);
INSERT INTO supporting_projects(supporting_project_id, supported_at, delivery_id, payment_id, project_id, user_id) VALUES (1847, (SELECT projects.end_date - INTERVAL 37 DAY FROM projects WHERE projects.id=51), 1847, 1847, 51, 33);
INSERT INTO orders (order_id, created_at, delivery_id, payment_id, supporting_project_id) VALUES (1847, (SELECT projects.end_date - INTERVAL 37 DAY FROM projects WHERE projects.id=51), 1, 1847, 1847);
INSERT INTO supporting_packages(id, option_list, package_count, order_id, project_package_id, supporting_project_id) VALUES (1847, '["VIP석"]', 7, 1847, 51, 1847);
INSERT INTO supporting_projects(supporting_project_id, supported_at, delivery_id, payment_id, project_id, user_id) VALUES (1848, (SELECT projects.end_date - INTERVAL 27 DAY FROM projects WHERE projects.id=51), 1848, 1848, 51, 14);
INSERT INTO orders (order_id, created_at, delivery_id, payment_id, supporting_project_id) VALUES (1848, (SELECT projects.end_date - INTERVAL 27 DAY FROM projects WHERE projects.id=51), 1, 1848, 1848);
INSERT INTO supporting_packages(id, option_list, package_count, order_id, project_package_id, supporting_project_id) VALUES (1848, '["온라인 관람"]', 5, 1848, 51, 1848);
INSERT INTO supporting_projects(supporting_project_id, supported_at, delivery_id, payment_id, project_id, user_id) VALUES (1849, (SELECT projects.end_date - INTERVAL 19 DAY FROM projects WHERE projects.id=51), 1849, 1849, 51, 26);
INSERT INTO orders (order_id, created_at, delivery_id, payment_id, supporting_project_id) VALUES (1849, (SELECT projects.end_date - INTERVAL 19 DAY FROM projects WHERE projects.id=51), 1, 1849, 1849);
INSERT INTO supporting_packages(id, option_list, package_count, order_id, project_package_id, supporting_project_id) VALUES (1849, '["VIP석"]', 8, 1849, 51, 1849);
INSERT INTO supporting_projects(supporting_project_id, supported_at, delivery_id, payment_id, project_id, user_id) VALUES (1850, (SELECT projects.end_date - INTERVAL 32 DAY FROM projects WHERE projects.id=51), 1850, 1850, 51, 10);
INSERT INTO orders (order_id, created_at, delivery_id, payment_id, supporting_project_id) VALUES (1850, (SELECT projects.end_date - INTERVAL 32 DAY FROM projects WHERE projects.id=51), 1, 1850, 1850);
INSERT INTO supporting_packages(id, option_list, package_count, order_id, project_package_id, supporting_project_id) VALUES (1850, '["VIP석"]', 1, 1850, 51, 1850);
INSERT INTO supporting_projects(supporting_project_id, supported_at, delivery_id, payment_id, project_id, user_id) VALUES (1851, (SELECT projects.end_date - INTERVAL 26 DAY FROM projects WHERE projects.id=51), 1851, 1851, 51, 32);
INSERT INTO orders (order_id, created_at, delivery_id, payment_id, supporting_project_id) VALUES (1851, (SELECT projects.end_date - INTERVAL 26 DAY FROM projects WHERE projects.id=51), 1, 1851, 1851);
INSERT INTO supporting_packages(id, option_list, package_count, order_id, project_package_id, supporting_project_id) VALUES (1851, '["온라인 관람"]', 8, 1851, 51, 1851);
INSERT INTO supporting_projects(supporting_project_id, supported_at, delivery_id, payment_id, project_id, user_id) VALUES (1852, (SELECT projects.end_date - INTERVAL 10 DAY FROM projects WHERE projects.id=51), 1852, 1852, 51, 27);
INSERT INTO orders (order_id, created_at, delivery_id, payment_id, supporting_project_id) VALUES (1852, (SELECT projects.end_date - INTERVAL 10 DAY FROM projects WHERE projects.id=51), 1, 1852, 1852);
INSERT INTO supporting_packages(id, option_list, package_count, order_id, project_package_id, supporting_project_id) VALUES (1852, '["온라인 관람"]', 1, 1852, 51, 1852);
INSERT INTO supporting_projects(supporting_project_id, supported_at, delivery_id, payment_id, project_id, user_id) VALUES (1853, (SELECT projects.end_date - INTERVAL 9 DAY FROM projects WHERE projects.id=51), 1853, 1853, 51, 11);
INSERT INTO orders (order_id, created_at, delivery_id, payment_id, supporting_project_id) VALUES (1853, (SELECT projects.end_date - INTERVAL 9 DAY FROM projects WHERE projects.id=51), 1, 1853, 1853);
INSERT INTO supporting_packages(id, option_list, package_count, order_id, project_package_id, supporting_project_id) VALUES (1853, '["일반석"]', 5, 1853, 51, 1853);
INSERT INTO supporting_projects(supporting_project_id, supported_at, delivery_id, payment_id, project_id, user_id) VALUES (1854, (SELECT projects.end_date - INTERVAL 48 DAY FROM projects WHERE projects.id=51), 1854, 1854, 51, 2);
INSERT INTO orders (order_id, created_at, delivery_id, payment_id, supporting_project_id) VALUES (1854, (SELECT projects.end_date - INTERVAL 48 DAY FROM projects WHERE projects.id=51), 1, 1854, 1854);
INSERT INTO supporting_packages(id, option_list, package_count, order_id, project_package_id, supporting_project_id) VALUES (1854, '["온라인 관람"]', 5, 1854, 51, 1854);
INSERT INTO supporting_projects(supporting_project_id, supported_at, delivery_id, payment_id, project_id, user_id) VALUES (1855, (SELECT projects.end_date - INTERVAL 36 DAY FROM projects WHERE projects.id=51), 1855, 1855, 51, 40);
INSERT INTO orders (order_id, created_at, delivery_id, payment_id, supporting_project_id) VALUES (1855, (SELECT projects.end_date - INTERVAL 36 DAY FROM projects WHERE projects.id=51), 1, 1855, 1855);
INSERT INTO supporting_packages(id, option_list, package_count, order_id, project_package_id, supporting_project_id) VALUES (1855, '["온라인 관람"]', 8, 1855, 51, 1855);
INSERT INTO supporting_projects(supporting_project_id, supported_at, delivery_id, payment_id, project_id, user_id) VALUES (1856, (SELECT projects.end_date - INTERVAL 36 DAY FROM projects WHERE projects.id=51), 1856, 1856, 51, 16);
INSERT INTO orders (order_id, created_at, delivery_id, payment_id, supporting_project_id) VALUES (1856, (SELECT projects.end_date - INTERVAL 36 DAY FROM projects WHERE projects.id=51), 1, 1856, 1856);
INSERT INTO supporting_packages(id, option_list, package_count, order_id, project_package_id, supporting_project_id) VALUES (1856, '["온라인 관람"]', 3, 1856, 51, 1856);
INSERT INTO supporting_projects(supporting_project_id, supported_at, delivery_id, payment_id, project_id, user_id) VALUES (1857, (SELECT projects.end_date - INTERVAL 25 DAY FROM projects WHERE projects.id=51), 1857, 1857, 51, 33);
INSERT INTO orders (order_id, created_at, delivery_id, payment_id, supporting_project_id) VALUES (1857, (SELECT projects.end_date - INTERVAL 25 DAY FROM projects WHERE projects.id=51), 1, 1857, 1857);
INSERT INTO supporting_packages(id, option_list, package_count, order_id, project_package_id, supporting_project_id) VALUES (1857, '["온라인 관람"]', 5, 1857, 51, 1857);
INSERT INTO supporting_projects(supporting_project_id, supported_at, delivery_id, payment_id, project_id, user_id) VALUES (1858, (SELECT projects.end_date - INTERVAL 29 DAY FROM projects WHERE projects.id=51), 1858, 1858, 51, 3);
INSERT INTO orders (order_id, created_at, delivery_id, payment_id, supporting_project_id) VALUES (1858, (SELECT projects.end_date - INTERVAL 29 DAY FROM projects WHERE projects.id=51), 1, 1858, 1858);
INSERT INTO supporting_packages(id, option_list, package_count, order_id, project_package_id, supporting_project_id) VALUES (1858, '["온라인 관람"]', 5, 1858, 51, 1858);
INSERT INTO supporting_projects(supporting_project_id, supported_at, delivery_id, payment_id, project_id, user_id) VALUES (1859, (SELECT projects.end_date - INTERVAL 39 DAY FROM projects WHERE projects.id=51), 1859, 1859, 51, 39);
INSERT INTO orders (order_id, created_at, delivery_id, payment_id, supporting_project_id) VALUES (1859, (SELECT projects.end_date - INTERVAL 39 DAY FROM projects WHERE projects.id=51), 1, 1859, 1859);
INSERT INTO supporting_packages(id, option_list, package_count, order_id, project_package_id, supporting_project_id) VALUES (1859, '["온라인 관람"]', 3, 1859, 51, 1859);
INSERT INTO supporting_projects(supporting_project_id, supported_at, delivery_id, payment_id, project_id, user_id) VALUES (1860, (SELECT projects.end_date - INTERVAL 8 DAY FROM projects WHERE projects.id=51), 1860, 1860, 51, 29);
INSERT INTO orders (order_id, created_at, delivery_id, payment_id, supporting_project_id) VALUES (1860, (SELECT projects.end_date - INTERVAL 8 DAY FROM projects WHERE projects.id=51), 1, 1860, 1860);
INSERT INTO supporting_packages(id, option_list, package_count, order_id, project_package_id, supporting_project_id) VALUES (1860, '["온라인 관람"]', 6, 1860, 51, 1860);
INSERT INTO supporting_projects(supporting_project_id, supported_at, delivery_id, payment_id, project_id, user_id) VALUES (1861, (SELECT projects.end_date - INTERVAL 21 DAY FROM projects WHERE projects.id=51), 1861, 1861, 51, 2);
INSERT INTO orders (order_id, created_at, delivery_id, payment_id, supporting_project_id) VALUES (1861, (SELECT projects.end_date - INTERVAL 21 DAY FROM projects WHERE projects.id=51), 1, 1861, 1861);
INSERT INTO supporting_packages(id, option_list, package_count, order_id, project_package_id, supporting_project_id) VALUES (1861, '["VIP석"]', 3, 1861, 51, 1861);
INSERT INTO supporting_projects(supporting_project_id, supported_at, delivery_id, payment_id, project_id, user_id) VALUES (1862, (SELECT projects.end_date - INTERVAL 28 DAY FROM projects WHERE projects.id=51), 1862, 1862, 51, 37);
INSERT INTO orders (order_id, created_at, delivery_id, payment_id, supporting_project_id) VALUES (1862, (SELECT projects.end_date - INTERVAL 28 DAY FROM projects WHERE projects.id=51), 1, 1862, 1862);
INSERT INTO supporting_packages(id, option_list, package_count, order_id, project_package_id, supporting_project_id) VALUES (1862, '["VIP석"]', 6, 1862, 51, 1862);
INSERT INTO supporting_projects(supporting_project_id, supported_at, delivery_id, payment_id, project_id, user_id) VALUES (1863, (SELECT projects.end_date - INTERVAL 18 DAY FROM projects WHERE projects.id=51), 1863, 1863, 51, 20);
INSERT INTO orders (order_id, created_at, delivery_id, payment_id, supporting_project_id) VALUES (1863, (SELECT projects.end_date - INTERVAL 18 DAY FROM projects WHERE projects.id=51), 1, 1863, 1863);
INSERT INTO supporting_packages(id, option_list, package_count, order_id, project_package_id, supporting_project_id) VALUES (1863, '["일반석"]', 10, 1863, 51, 1863);
INSERT INTO supporting_projects(supporting_project_id, supported_at, delivery_id, payment_id, project_id, user_id) VALUES (1864, (SELECT projects.end_date - INTERVAL 16 DAY FROM projects WHERE projects.id=51), 1864, 1864, 51, 40);
INSERT INTO orders (order_id, created_at, delivery_id, payment_id, supporting_project_id) VALUES (1864, (SELECT projects.end_date - INTERVAL 16 DAY FROM projects WHERE projects.id=51), 1, 1864, 1864);
INSERT INTO supporting_packages(id, option_list, package_count, order_id, project_package_id, supporting_project_id) VALUES (1864, '["온라인 관람"]', 8, 1864, 51, 1864);
INSERT INTO supporting_projects(supporting_project_id, supported_at, delivery_id, payment_id, project_id, user_id) VALUES (1865, (SELECT projects.end_date - INTERVAL 30 DAY FROM projects WHERE projects.id=51), 1865, 1865, 51, 28);
INSERT INTO orders (order_id, created_at, delivery_id, payment_id, supporting_project_id) VALUES (1865, (SELECT projects.end_date - INTERVAL 30 DAY FROM projects WHERE projects.id=51), 1, 1865, 1865);
INSERT INTO supporting_packages(id, option_list, package_count, order_id, project_package_id, supporting_project_id) VALUES (1865, '["일반석"]', 4, 1865, 51, 1865);
INSERT INTO supporting_projects(supporting_project_id, supported_at, delivery_id, payment_id, project_id, user_id) VALUES (1866, (SELECT projects.end_date - INTERVAL 39 DAY FROM projects WHERE projects.id=51), 1866, 1866, 51, 5);
INSERT INTO orders (order_id, created_at, delivery_id, payment_id, supporting_project_id) VALUES (1866, (SELECT projects.end_date - INTERVAL 39 DAY FROM projects WHERE projects.id=51), 1, 1866, 1866);
INSERT INTO supporting_packages(id, option_list, package_count, order_id, project_package_id, supporting_project_id) VALUES (1866, '["VIP석"]', 6, 1866, 51, 1866);
INSERT INTO supporting_projects(supporting_project_id, supported_at, delivery_id, payment_id, project_id, user_id) VALUES (1867, (SELECT projects.end_date - INTERVAL 22 DAY FROM projects WHERE projects.id=51), 1867, 1867, 51, 5);
INSERT INTO orders (order_id, created_at, delivery_id, payment_id, supporting_project_id) VALUES (1867, (SELECT projects.end_date - INTERVAL 22 DAY FROM projects WHERE projects.id=51), 1, 1867, 1867);
INSERT INTO supporting_packages(id, option_list, package_count, order_id, project_package_id, supporting_project_id) VALUES (1867, '["VIP석"]', 10, 1867, 51, 1867);
INSERT INTO supporting_projects(supporting_project_id, supported_at, delivery_id, payment_id, project_id, user_id) VALUES (1868, (SELECT projects.end_date - INTERVAL 11 DAY FROM projects WHERE projects.id=51), 1868, 1868, 51, 3);
INSERT INTO orders (order_id, created_at, delivery_id, payment_id, supporting_project_id) VALUES (1868, (SELECT projects.end_date - INTERVAL 11 DAY FROM projects WHERE projects.id=51), 1, 1868, 1868);
INSERT INTO supporting_packages(id, option_list, package_count, order_id, project_package_id, supporting_project_id) VALUES (1868, '["VIP석"]', 8, 1868, 51, 1868);
INSERT INTO supporting_projects(supporting_project_id, supported_at, delivery_id, payment_id, project_id, user_id) VALUES (1869, (SELECT projects.end_date - INTERVAL 14 DAY FROM projects WHERE projects.id=51), 1869, 1869, 51, 18);
INSERT INTO orders (order_id, created_at, delivery_id, payment_id, supporting_project_id) VALUES (1869, (SELECT projects.end_date - INTERVAL 14 DAY FROM projects WHERE projects.id=51), 1, 1869, 1869);
INSERT INTO supporting_packages(id, option_list, package_count, order_id, project_package_id, supporting_project_id) VALUES (1869, '["VIP석"]', 8, 1869, 51, 1869);
INSERT INTO supporting_projects(supporting_project_id, supported_at, delivery_id, payment_id, project_id, user_id) VALUES (1870, (SELECT projects.end_date - INTERVAL 41 DAY FROM projects WHERE projects.id=51), 1870, 1870, 51, 1);
INSERT INTO orders (order_id, created_at, delivery_id, payment_id, supporting_project_id) VALUES (1870, (SELECT projects.end_date - INTERVAL 41 DAY FROM projects WHERE projects.id=51), 1, 1870, 1870);
INSERT INTO supporting_packages(id, option_list, package_count, order_id, project_package_id, supporting_project_id) VALUES (1870, '["일반석"]', 8, 1870, 51, 1870);
INSERT INTO supporting_projects(supporting_project_id, supported_at, delivery_id, payment_id, project_id, user_id) VALUES (1871, (SELECT projects.end_date - INTERVAL 24 DAY FROM projects WHERE projects.id=51), 1871, 1871, 51, 39);
INSERT INTO orders (order_id, created_at, delivery_id, payment_id, supporting_project_id) VALUES (1871, (SELECT projects.end_date - INTERVAL 24 DAY FROM projects WHERE projects.id=51), 1, 1871, 1871);
INSERT INTO supporting_packages(id, option_list, package_count, order_id, project_package_id, supporting_project_id) VALUES (1871, '["일반석"]', 5, 1871, 51, 1871);
INSERT INTO supporting_projects(supporting_project_id, supported_at, delivery_id, payment_id, project_id, user_id) VALUES (1872, (SELECT projects.end_date - INTERVAL 15 DAY FROM projects WHERE projects.id=51), 1872, 1872, 51, 18);
INSERT INTO orders (order_id, created_at, delivery_id, payment_id, supporting_project_id) VALUES (1872, (SELECT projects.end_date - INTERVAL 15 DAY FROM projects WHERE projects.id=51), 1, 1872, 1872);
INSERT INTO supporting_packages(id, option_list, package_count, order_id, project_package_id, supporting_project_id) VALUES (1872, '["일반석"]', 4, 1872, 51, 1872);
INSERT INTO supporting_projects(supporting_project_id, supported_at, delivery_id, payment_id, project_id, user_id) VALUES (1873, (SELECT projects.end_date - INTERVAL 18 DAY FROM projects WHERE projects.id=51), 1873, 1873, 51, 24);
INSERT INTO orders (order_id, created_at, delivery_id, payment_id, supporting_project_id) VALUES (1873, (SELECT projects.end_date - INTERVAL 18 DAY FROM projects WHERE projects.id=51), 1, 1873, 1873);
INSERT INTO supporting_packages(id, option_list, package_count, order_id, project_package_id, supporting_project_id) VALUES (1873, '["일반석"]', 4, 1873, 51, 1873);
INSERT INTO supporting_projects(supporting_project_id, supported_at, delivery_id, payment_id, project_id, user_id) VALUES (1874, (SELECT projects.end_date - INTERVAL 37 DAY FROM projects WHERE projects.id=51), 1874, 1874, 51, 7);
INSERT INTO orders (order_id, created_at, delivery_id, payment_id, supporting_project_id) VALUES (1874, (SELECT projects.end_date - INTERVAL 37 DAY FROM projects WHERE projects.id=51), 1, 1874, 1874);
INSERT INTO supporting_packages(id, option_list, package_count, order_id, project_package_id, supporting_project_id) VALUES (1874, '["온라인 관람"]', 9, 1874, 51, 1874);
INSERT INTO supporting_projects(supporting_project_id, supported_at, delivery_id, payment_id, project_id, user_id) VALUES (1875, (SELECT projects.end_date - INTERVAL 9 DAY FROM projects WHERE projects.id=52), 1875, 1875, 52, 37);
INSERT INTO orders (order_id, created_at, delivery_id, payment_id, supporting_project_id) VALUES (1875, (SELECT projects.end_date - INTERVAL 9 DAY FROM projects WHERE projects.id=52), 1, 1875, 1875);
INSERT INTO supporting_packages(id, option_list, package_count, order_id, project_package_id, supporting_project_id) VALUES (1875, '["티셔츠"]', 4, 1875, 52, 1875);
INSERT INTO supporting_projects(supporting_project_id, supported_at, delivery_id, payment_id, project_id, user_id) VALUES (1876, (SELECT projects.end_date - INTERVAL 38 DAY FROM projects WHERE projects.id=52), 1876, 1876, 52, 34);
INSERT INTO orders (order_id, created_at, delivery_id, payment_id, supporting_project_id) VALUES (1876, (SELECT projects.end_date - INTERVAL 38 DAY FROM projects WHERE projects.id=52), 1, 1876, 1876);
INSERT INTO supporting_packages(id, option_list, package_count, order_id, project_package_id, supporting_project_id) VALUES (1876, '["재킷"]', 8, 1876, 52, 1876);
INSERT INTO supporting_projects(supporting_project_id, supported_at, delivery_id, payment_id, project_id, user_id) VALUES (1877, (SELECT projects.end_date - INTERVAL 37 DAY FROM projects WHERE projects.id=52), 1877, 1877, 52, 8);
INSERT INTO orders (order_id, created_at, delivery_id, payment_id, supporting_project_id) VALUES (1877, (SELECT projects.end_date - INTERVAL 37 DAY FROM projects WHERE projects.id=52), 1, 1877, 1877);
INSERT INTO supporting_packages(id, option_list, package_count, order_id, project_package_id, supporting_project_id) VALUES (1877, '["재킷"]', 5, 1877, 52, 1877);
INSERT INTO supporting_projects(supporting_project_id, supported_at, delivery_id, payment_id, project_id, user_id) VALUES (1878, (SELECT projects.end_date - INTERVAL 24 DAY FROM projects WHERE projects.id=52), 1878, 1878, 52, 28);
INSERT INTO orders (order_id, created_at, delivery_id, payment_id, supporting_project_id) VALUES (1878, (SELECT projects.end_date - INTERVAL 24 DAY FROM projects WHERE projects.id=52), 1, 1878, 1878);
INSERT INTO supporting_packages(id, option_list, package_count, order_id, project_package_id, supporting_project_id) VALUES (1878, '["티셔츠"]', 1, 1878, 52, 1878);
INSERT INTO supporting_projects(supporting_project_id, supported_at, delivery_id, payment_id, project_id, user_id) VALUES (1879, (SELECT projects.end_date - INTERVAL 11 DAY FROM projects WHERE projects.id=52), 1879, 1879, 52, 16);
INSERT INTO orders (order_id, created_at, delivery_id, payment_id, supporting_project_id) VALUES (1879, (SELECT projects.end_date - INTERVAL 11 DAY FROM projects WHERE projects.id=52), 1, 1879, 1879);
INSERT INTO supporting_packages(id, option_list, package_count, order_id, project_package_id, supporting_project_id) VALUES (1879, '["티셔츠"]', 2, 1879, 52, 1879);
INSERT INTO supporting_projects(supporting_project_id, supported_at, delivery_id, payment_id, project_id, user_id) VALUES (1880, (SELECT projects.end_date - INTERVAL 50 DAY FROM projects WHERE projects.id=52), 1880, 1880, 52, 20);
INSERT INTO orders (order_id, created_at, delivery_id, payment_id, supporting_project_id) VALUES (1880, (SELECT projects.end_date - INTERVAL 50 DAY FROM projects WHERE projects.id=52), 1, 1880, 1880);
INSERT INTO supporting_packages(id, option_list, package_count, order_id, project_package_id, supporting_project_id) VALUES (1880, '["재킷"]', 1, 1880, 52, 1880);
INSERT INTO supporting_projects(supporting_project_id, supported_at, delivery_id, payment_id, project_id, user_id) VALUES (1881, (SELECT projects.end_date - INTERVAL 38 DAY FROM projects WHERE projects.id=52), 1881, 1881, 52, 14);
INSERT INTO orders (order_id, created_at, delivery_id, payment_id, supporting_project_id) VALUES (1881, (SELECT projects.end_date - INTERVAL 38 DAY FROM projects WHERE projects.id=52), 1, 1881, 1881);
INSERT INTO supporting_packages(id, option_list, package_count, order_id, project_package_id, supporting_project_id) VALUES (1881, '["한복 스타일"]', 10, 1881, 52, 1881);
INSERT INTO supporting_projects(supporting_project_id, supported_at, delivery_id, payment_id, project_id, user_id) VALUES (1882, (SELECT projects.end_date - INTERVAL 50 DAY FROM projects WHERE projects.id=52), 1882, 1882, 52, 24);
INSERT INTO orders (order_id, created_at, delivery_id, payment_id, supporting_project_id) VALUES (1882, (SELECT projects.end_date - INTERVAL 50 DAY FROM projects WHERE projects.id=52), 1, 1882, 1882);
INSERT INTO supporting_packages(id, option_list, package_count, order_id, project_package_id, supporting_project_id) VALUES (1882, '["재킷"]', 8, 1882, 52, 1882);
INSERT INTO supporting_projects(supporting_project_id, supported_at, delivery_id, payment_id, project_id, user_id) VALUES (1883, (SELECT projects.end_date - INTERVAL 31 DAY FROM projects WHERE projects.id=52), 1883, 1883, 52, 35);
INSERT INTO orders (order_id, created_at, delivery_id, payment_id, supporting_project_id) VALUES (1883, (SELECT projects.end_date - INTERVAL 31 DAY FROM projects WHERE projects.id=52), 1, 1883, 1883);
INSERT INTO supporting_packages(id, option_list, package_count, order_id, project_package_id, supporting_project_id) VALUES (1883, '["한복 스타일"]', 5, 1883, 52, 1883);
INSERT INTO supporting_projects(supporting_project_id, supported_at, delivery_id, payment_id, project_id, user_id) VALUES (1884, (SELECT projects.end_date - INTERVAL 7 DAY FROM projects WHERE projects.id=52), 1884, 1884, 52, 26);
INSERT INTO orders (order_id, created_at, delivery_id, payment_id, supporting_project_id) VALUES (1884, (SELECT projects.end_date - INTERVAL 7 DAY FROM projects WHERE projects.id=52), 1, 1884, 1884);
INSERT INTO supporting_packages(id, option_list, package_count, order_id, project_package_id, supporting_project_id) VALUES (1884, '["티셔츠"]', 3, 1884, 52, 1884);
INSERT INTO supporting_projects(supporting_project_id, supported_at, delivery_id, payment_id, project_id, user_id) VALUES (1885, (SELECT projects.end_date - INTERVAL 26 DAY FROM projects WHERE projects.id=52), 1885, 1885, 52, 32);
INSERT INTO orders (order_id, created_at, delivery_id, payment_id, supporting_project_id) VALUES (1885, (SELECT projects.end_date - INTERVAL 26 DAY FROM projects WHERE projects.id=52), 1, 1885, 1885);
INSERT INTO supporting_packages(id, option_list, package_count, order_id, project_package_id, supporting_project_id) VALUES (1885, '["티셔츠"]', 2, 1885, 52, 1885);
INSERT INTO supporting_projects(supporting_project_id, supported_at, delivery_id, payment_id, project_id, user_id) VALUES (1886, (SELECT projects.end_date - INTERVAL 18 DAY FROM projects WHERE projects.id=52), 1886, 1886, 52, 28);
INSERT INTO orders (order_id, created_at, delivery_id, payment_id, supporting_project_id) VALUES (1886, (SELECT projects.end_date - INTERVAL 18 DAY FROM projects WHERE projects.id=52), 1, 1886, 1886);
INSERT INTO supporting_packages(id, option_list, package_count, order_id, project_package_id, supporting_project_id) VALUES (1886, '["재킷"]', 8, 1886, 52, 1886);
INSERT INTO supporting_projects(supporting_project_id, supported_at, delivery_id, payment_id, project_id, user_id) VALUES (1887, (SELECT projects.end_date - INTERVAL 13 DAY FROM projects WHERE projects.id=52), 1887, 1887, 52, 16);
INSERT INTO orders (order_id, created_at, delivery_id, payment_id, supporting_project_id) VALUES (1887, (SELECT projects.end_date - INTERVAL 13 DAY FROM projects WHERE projects.id=52), 1, 1887, 1887);
INSERT INTO supporting_packages(id, option_list, package_count, order_id, project_package_id, supporting_project_id) VALUES (1887, '["티셔츠"]', 1, 1887, 52, 1887);
INSERT INTO supporting_projects(supporting_project_id, supported_at, delivery_id, payment_id, project_id, user_id) VALUES (1888, (SELECT projects.end_date - INTERVAL 36 DAY FROM projects WHERE projects.id=52), 1888, 1888, 52, 27);
INSERT INTO orders (order_id, created_at, delivery_id, payment_id, supporting_project_id) VALUES (1888, (SELECT projects.end_date - INTERVAL 36 DAY FROM projects WHERE projects.id=52), 1, 1888, 1888);
INSERT INTO supporting_packages(id, option_list, package_count, order_id, project_package_id, supporting_project_id) VALUES (1888, '["티셔츠"]', 3, 1888, 52, 1888);
INSERT INTO supporting_projects(supporting_project_id, supported_at, delivery_id, payment_id, project_id, user_id) VALUES (1889, (SELECT projects.end_date - INTERVAL 18 DAY FROM projects WHERE projects.id=52), 1889, 1889, 52, 35);
INSERT INTO orders (order_id, created_at, delivery_id, payment_id, supporting_project_id) VALUES (1889, (SELECT projects.end_date - INTERVAL 18 DAY FROM projects WHERE projects.id=52), 1, 1889, 1889);
INSERT INTO supporting_packages(id, option_list, package_count, order_id, project_package_id, supporting_project_id) VALUES (1889, '["티셔츠"]', 8, 1889, 52, 1889);
INSERT INTO supporting_projects(supporting_project_id, supported_at, delivery_id, payment_id, project_id, user_id) VALUES (1890, (SELECT projects.end_date - INTERVAL 40 DAY FROM projects WHERE projects.id=52), 1890, 1890, 52, 7);
INSERT INTO orders (order_id, created_at, delivery_id, payment_id, supporting_project_id) VALUES (1890, (SELECT projects.end_date - INTERVAL 40 DAY FROM projects WHERE projects.id=52), 1, 1890, 1890);
INSERT INTO supporting_packages(id, option_list, package_count, order_id, project_package_id, supporting_project_id) VALUES (1890, '["티셔츠"]', 6, 1890, 52, 1890);
INSERT INTO supporting_projects(supporting_project_id, supported_at, delivery_id, payment_id, project_id, user_id) VALUES (1891, (SELECT projects.end_date - INTERVAL 36 DAY FROM projects WHERE projects.id=52), 1891, 1891, 52, 23);
INSERT INTO orders (order_id, created_at, delivery_id, payment_id, supporting_project_id) VALUES (1891, (SELECT projects.end_date - INTERVAL 36 DAY FROM projects WHERE projects.id=52), 1, 1891, 1891);
INSERT INTO supporting_packages(id, option_list, package_count, order_id, project_package_id, supporting_project_id) VALUES (1891, '["한복 스타일"]', 5, 1891, 52, 1891);
INSERT INTO supporting_projects(supporting_project_id, supported_at, delivery_id, payment_id, project_id, user_id) VALUES (1892, (SELECT projects.end_date - INTERVAL 13 DAY FROM projects WHERE projects.id=52), 1892, 1892, 52, 13);
INSERT INTO orders (order_id, created_at, delivery_id, payment_id, supporting_project_id) VALUES (1892, (SELECT projects.end_date - INTERVAL 13 DAY FROM projects WHERE projects.id=52), 1, 1892, 1892);
INSERT INTO supporting_packages(id, option_list, package_count, order_id, project_package_id, supporting_project_id) VALUES (1892, '["한복 스타일"]', 10, 1892, 52, 1892);
INSERT INTO supporting_projects(supporting_project_id, supported_at, delivery_id, payment_id, project_id, user_id) VALUES (1893, (SELECT projects.end_date - INTERVAL 26 DAY FROM projects WHERE projects.id=52), 1893, 1893, 52, 32);
INSERT INTO orders (order_id, created_at, delivery_id, payment_id, supporting_project_id) VALUES (1893, (SELECT projects.end_date - INTERVAL 26 DAY FROM projects WHERE projects.id=52), 1, 1893, 1893);
INSERT INTO supporting_packages(id, option_list, package_count, order_id, project_package_id, supporting_project_id) VALUES (1893, '["한복 스타일"]', 6, 1893, 52, 1893);
INSERT INTO supporting_projects(supporting_project_id, supported_at, delivery_id, payment_id, project_id, user_id) VALUES (1894, (SELECT projects.end_date - INTERVAL 49 DAY FROM projects WHERE projects.id=52), 1894, 1894, 52, 39);
INSERT INTO orders (order_id, created_at, delivery_id, payment_id, supporting_project_id) VALUES (1894, (SELECT projects.end_date - INTERVAL 49 DAY FROM projects WHERE projects.id=52), 1, 1894, 1894);
INSERT INTO supporting_packages(id, option_list, package_count, order_id, project_package_id, supporting_project_id) VALUES (1894, '["한복 스타일"]', 5, 1894, 52, 1894);
INSERT INTO supporting_projects(supporting_project_id, supported_at, delivery_id, payment_id, project_id, user_id) VALUES (1895, (SELECT projects.end_date - INTERVAL 9 DAY FROM projects WHERE projects.id=52), 1895, 1895, 52, 5);
INSERT INTO orders (order_id, created_at, delivery_id, payment_id, supporting_project_id) VALUES (1895, (SELECT projects.end_date - INTERVAL 9 DAY FROM projects WHERE projects.id=52), 1, 1895, 1895);
INSERT INTO supporting_packages(id, option_list, package_count, order_id, project_package_id, supporting_project_id) VALUES (1895, '["티셔츠"]', 5, 1895, 52, 1895);
INSERT INTO supporting_projects(supporting_project_id, supported_at, delivery_id, payment_id, project_id, user_id) VALUES (1896, (SELECT projects.end_date - INTERVAL 20 DAY FROM projects WHERE projects.id=52), 1896, 1896, 52, 18);
INSERT INTO orders (order_id, created_at, delivery_id, payment_id, supporting_project_id) VALUES (1896, (SELECT projects.end_date - INTERVAL 20 DAY FROM projects WHERE projects.id=52), 1, 1896, 1896);
INSERT INTO supporting_packages(id, option_list, package_count, order_id, project_package_id, supporting_project_id) VALUES (1896, '["한복 스타일"]', 10, 1896, 52, 1896);
INSERT INTO supporting_projects(supporting_project_id, supported_at, delivery_id, payment_id, project_id, user_id) VALUES (1897, (SELECT projects.end_date - INTERVAL 12 DAY FROM projects WHERE projects.id=52), 1897, 1897, 52, 12);
INSERT INTO orders (order_id, created_at, delivery_id, payment_id, supporting_project_id) VALUES (1897, (SELECT projects.end_date - INTERVAL 12 DAY FROM projects WHERE projects.id=52), 1, 1897, 1897);
INSERT INTO supporting_packages(id, option_list, package_count, order_id, project_package_id, supporting_project_id) VALUES (1897, '["재킷"]', 7, 1897, 52, 1897);
INSERT INTO supporting_projects(supporting_project_id, supported_at, delivery_id, payment_id, project_id, user_id) VALUES (1898, (SELECT projects.end_date - INTERVAL 41 DAY FROM projects WHERE projects.id=52), 1898, 1898, 52, 22);
INSERT INTO orders (order_id, created_at, delivery_id, payment_id, supporting_project_id) VALUES (1898, (SELECT projects.end_date - INTERVAL 41 DAY FROM projects WHERE projects.id=52), 1, 1898, 1898);
INSERT INTO supporting_packages(id, option_list, package_count, order_id, project_package_id, supporting_project_id) VALUES (1898, '["한복 스타일"]', 4, 1898, 52, 1898);
INSERT INTO supporting_projects(supporting_project_id, supported_at, delivery_id, payment_id, project_id, user_id) VALUES (1899, (SELECT projects.end_date - INTERVAL 14 DAY FROM projects WHERE projects.id=52), 1899, 1899, 52, 35);
INSERT INTO orders (order_id, created_at, delivery_id, payment_id, supporting_project_id) VALUES (1899, (SELECT projects.end_date - INTERVAL 14 DAY FROM projects WHERE projects.id=52), 1, 1899, 1899);
INSERT INTO supporting_packages(id, option_list, package_count, order_id, project_package_id, supporting_project_id) VALUES (1899, '["티셔츠"]', 9, 1899, 52, 1899);
INSERT INTO supporting_projects(supporting_project_id, supported_at, delivery_id, payment_id, project_id, user_id) VALUES (1900, (SELECT projects.end_date - INTERVAL 13 DAY FROM projects WHERE projects.id=52), 1900, 1900, 52, 2);
INSERT INTO orders (order_id, created_at, delivery_id, payment_id, supporting_project_id) VALUES (1900, (SELECT projects.end_date - INTERVAL 13 DAY FROM projects WHERE projects.id=52), 1, 1900, 1900);
INSERT INTO supporting_packages(id, option_list, package_count, order_id, project_package_id, supporting_project_id) VALUES (1900, '["티셔츠"]', 9, 1900, 52, 1900);
INSERT INTO supporting_projects(supporting_project_id, supported_at, delivery_id, payment_id, project_id, user_id) VALUES (1901, (SELECT projects.end_date - INTERVAL 16 DAY FROM projects WHERE projects.id=52), 1901, 1901, 52, 36);
INSERT INTO orders (order_id, created_at, delivery_id, payment_id, supporting_project_id) VALUES (1901, (SELECT projects.end_date - INTERVAL 16 DAY FROM projects WHERE projects.id=52), 1, 1901, 1901);
INSERT INTO supporting_packages(id, option_list, package_count, order_id, project_package_id, supporting_project_id) VALUES (1901, '["재킷"]', 7, 1901, 52, 1901);
INSERT INTO supporting_projects(supporting_project_id, supported_at, delivery_id, payment_id, project_id, user_id) VALUES (1902, (SELECT projects.end_date - INTERVAL 29 DAY FROM projects WHERE projects.id=52), 1902, 1902, 52, 20);
INSERT INTO orders (order_id, created_at, delivery_id, payment_id, supporting_project_id) VALUES (1902, (SELECT projects.end_date - INTERVAL 29 DAY FROM projects WHERE projects.id=52), 1, 1902, 1902);
INSERT INTO supporting_packages(id, option_list, package_count, order_id, project_package_id, supporting_project_id) VALUES (1902, '["한복 스타일"]', 7, 1902, 52, 1902);
INSERT INTO supporting_projects(supporting_project_id, supported_at, delivery_id, payment_id, project_id, user_id) VALUES (1903, (SELECT projects.end_date - INTERVAL 13 DAY FROM projects WHERE projects.id=52), 1903, 1903, 52, 5);
INSERT INTO orders (order_id, created_at, delivery_id, payment_id, supporting_project_id) VALUES (1903, (SELECT projects.end_date - INTERVAL 13 DAY FROM projects WHERE projects.id=52), 1, 1903, 1903);
INSERT INTO supporting_packages(id, option_list, package_count, order_id, project_package_id, supporting_project_id) VALUES (1903, '["재킷"]', 8, 1903, 52, 1903);
INSERT INTO supporting_projects(supporting_project_id, supported_at, delivery_id, payment_id, project_id, user_id) VALUES (1904, (SELECT projects.end_date - INTERVAL 50 DAY FROM projects WHERE projects.id=52), 1904, 1904, 52, 17);
INSERT INTO orders (order_id, created_at, delivery_id, payment_id, supporting_project_id) VALUES (1904, (SELECT projects.end_date - INTERVAL 50 DAY FROM projects WHERE projects.id=52), 1, 1904, 1904);
INSERT INTO supporting_packages(id, option_list, package_count, order_id, project_package_id, supporting_project_id) VALUES (1904, '["한복 스타일"]', 3, 1904, 52, 1904);
INSERT INTO supporting_projects(supporting_project_id, supported_at, delivery_id, payment_id, project_id, user_id) VALUES (1905, (SELECT projects.end_date - INTERVAL 43 DAY FROM projects WHERE projects.id=52), 1905, 1905, 52, 1);
INSERT INTO orders (order_id, created_at, delivery_id, payment_id, supporting_project_id) VALUES (1905, (SELECT projects.end_date - INTERVAL 43 DAY FROM projects WHERE projects.id=52), 1, 1905, 1905);
INSERT INTO supporting_packages(id, option_list, package_count, order_id, project_package_id, supporting_project_id) VALUES (1905, '["한복 스타일"]', 7, 1905, 52, 1905);
INSERT INTO supporting_projects(supporting_project_id, supported_at, delivery_id, payment_id, project_id, user_id) VALUES (1906, (SELECT projects.end_date - INTERVAL 33 DAY FROM projects WHERE projects.id=52), 1906, 1906, 52, 34);
INSERT INTO orders (order_id, created_at, delivery_id, payment_id, supporting_project_id) VALUES (1906, (SELECT projects.end_date - INTERVAL 33 DAY FROM projects WHERE projects.id=52), 1, 1906, 1906);
INSERT INTO supporting_packages(id, option_list, package_count, order_id, project_package_id, supporting_project_id) VALUES (1906, '["한복 스타일"]', 7, 1906, 52, 1906);
INSERT INTO supporting_projects(supporting_project_id, supported_at, delivery_id, payment_id, project_id, user_id) VALUES (1907, (SELECT projects.end_date - INTERVAL 31 DAY FROM projects WHERE projects.id=52), 1907, 1907, 52, 22);
INSERT INTO orders (order_id, created_at, delivery_id, payment_id, supporting_project_id) VALUES (1907, (SELECT projects.end_date - INTERVAL 31 DAY FROM projects WHERE projects.id=52), 1, 1907, 1907);
INSERT INTO supporting_packages(id, option_list, package_count, order_id, project_package_id, supporting_project_id) VALUES (1907, '["재킷"]', 9, 1907, 52, 1907);
INSERT INTO supporting_projects(supporting_project_id, supported_at, delivery_id, payment_id, project_id, user_id) VALUES (1908, (SELECT projects.end_date - INTERVAL 10 DAY FROM projects WHERE projects.id=52), 1908, 1908, 52, 36);
INSERT INTO orders (order_id, created_at, delivery_id, payment_id, supporting_project_id) VALUES (1908, (SELECT projects.end_date - INTERVAL 10 DAY FROM projects WHERE projects.id=52), 1, 1908, 1908);
INSERT INTO supporting_packages(id, option_list, package_count, order_id, project_package_id, supporting_project_id) VALUES (1908, '["티셔츠"]', 7, 1908, 52, 1908);
INSERT INTO supporting_projects(supporting_project_id, supported_at, delivery_id, payment_id, project_id, user_id) VALUES (1909, (SELECT projects.end_date - INTERVAL 43 DAY FROM projects WHERE projects.id=52), 1909, 1909, 52, 33);
INSERT INTO orders (order_id, created_at, delivery_id, payment_id, supporting_project_id) VALUES (1909, (SELECT projects.end_date - INTERVAL 43 DAY FROM projects WHERE projects.id=52), 1, 1909, 1909);
INSERT INTO supporting_packages(id, option_list, package_count, order_id, project_package_id, supporting_project_id) VALUES (1909, '["한복 스타일"]', 5, 1909, 52, 1909);
INSERT INTO supporting_projects(supporting_project_id, supported_at, delivery_id, payment_id, project_id, user_id) VALUES (1910, (SELECT projects.end_date - INTERVAL 41 DAY FROM projects WHERE projects.id=52), 1910, 1910, 52, 3);
INSERT INTO orders (order_id, created_at, delivery_id, payment_id, supporting_project_id) VALUES (1910, (SELECT projects.end_date - INTERVAL 41 DAY FROM projects WHERE projects.id=52), 1, 1910, 1910);
INSERT INTO supporting_packages(id, option_list, package_count, order_id, project_package_id, supporting_project_id) VALUES (1910, '["티셔츠"]', 2, 1910, 52, 1910);
INSERT INTO supporting_projects(supporting_project_id, supported_at, delivery_id, payment_id, project_id, user_id) VALUES (1911, (SELECT projects.end_date - INTERVAL 13 DAY FROM projects WHERE projects.id=52), 1911, 1911, 52, 21);
INSERT INTO orders (order_id, created_at, delivery_id, payment_id, supporting_project_id) VALUES (1911, (SELECT projects.end_date - INTERVAL 13 DAY FROM projects WHERE projects.id=52), 1, 1911, 1911);
INSERT INTO supporting_packages(id, option_list, package_count, order_id, project_package_id, supporting_project_id) VALUES (1911, '["티셔츠"]', 9, 1911, 52, 1911);
INSERT INTO supporting_projects(supporting_project_id, supported_at, delivery_id, payment_id, project_id, user_id) VALUES (1912, (SELECT projects.end_date - INTERVAL 49 DAY FROM projects WHERE projects.id=52), 1912, 1912, 52, 31);
INSERT INTO orders (order_id, created_at, delivery_id, payment_id, supporting_project_id) VALUES (1912, (SELECT projects.end_date - INTERVAL 49 DAY FROM projects WHERE projects.id=52), 1, 1912, 1912);
INSERT INTO supporting_packages(id, option_list, package_count, order_id, project_package_id, supporting_project_id) VALUES (1912, '["한복 스타일"]', 7, 1912, 52, 1912);
INSERT INTO supporting_projects(supporting_project_id, supported_at, delivery_id, payment_id, project_id, user_id) VALUES (1913, (SELECT projects.end_date - INTERVAL 19 DAY FROM projects WHERE projects.id=52), 1913, 1913, 52, 19);
INSERT INTO orders (order_id, created_at, delivery_id, payment_id, supporting_project_id) VALUES (1913, (SELECT projects.end_date - INTERVAL 19 DAY FROM projects WHERE projects.id=52), 1, 1913, 1913);
INSERT INTO supporting_packages(id, option_list, package_count, order_id, project_package_id, supporting_project_id) VALUES (1913, '["한복 스타일"]', 9, 1913, 52, 1913);
INSERT INTO supporting_projects(supporting_project_id, supported_at, delivery_id, payment_id, project_id, user_id) VALUES (1914, (SELECT projects.end_date - INTERVAL 7 DAY FROM projects WHERE projects.id=52), 1914, 1914, 52, 18);
INSERT INTO orders (order_id, created_at, delivery_id, payment_id, supporting_project_id) VALUES (1914, (SELECT projects.end_date - INTERVAL 7 DAY FROM projects WHERE projects.id=52), 1, 1914, 1914);
INSERT INTO supporting_packages(id, option_list, package_count, order_id, project_package_id, supporting_project_id) VALUES (1914, '["한복 스타일"]', 3, 1914, 52, 1914);
INSERT INTO supporting_projects(supporting_project_id, supported_at, delivery_id, payment_id, project_id, user_id) VALUES (1915, (SELECT projects.end_date - INTERVAL 42 DAY FROM projects WHERE projects.id=52), 1915, 1915, 52, 39);
INSERT INTO orders (order_id, created_at, delivery_id, payment_id, supporting_project_id) VALUES (1915, (SELECT projects.end_date - INTERVAL 42 DAY FROM projects WHERE projects.id=52), 1, 1915, 1915);
INSERT INTO supporting_packages(id, option_list, package_count, order_id, project_package_id, supporting_project_id) VALUES (1915, '["재킷"]', 7, 1915, 52, 1915);
INSERT INTO supporting_projects(supporting_project_id, supported_at, delivery_id, payment_id, project_id, user_id) VALUES (1916, (SELECT projects.end_date - INTERVAL 21 DAY FROM projects WHERE projects.id=52), 1916, 1916, 52, 15);
INSERT INTO orders (order_id, created_at, delivery_id, payment_id, supporting_project_id) VALUES (1916, (SELECT projects.end_date - INTERVAL 21 DAY FROM projects WHERE projects.id=52), 1, 1916, 1916);
INSERT INTO supporting_packages(id, option_list, package_count, order_id, project_package_id, supporting_project_id) VALUES (1916, '["한복 스타일"]', 9, 1916, 52, 1916);
INSERT INTO supporting_projects(supporting_project_id, supported_at, delivery_id, payment_id, project_id, user_id) VALUES (1917, (SELECT projects.end_date - INTERVAL 46 DAY FROM projects WHERE projects.id=52), 1917, 1917, 52, 7);
INSERT INTO orders (order_id, created_at, delivery_id, payment_id, supporting_project_id) VALUES (1917, (SELECT projects.end_date - INTERVAL 46 DAY FROM projects WHERE projects.id=52), 1, 1917, 1917);
INSERT INTO supporting_packages(id, option_list, package_count, order_id, project_package_id, supporting_project_id) VALUES (1917, '["티셔츠"]', 2, 1917, 52, 1917);
INSERT INTO supporting_projects(supporting_project_id, supported_at, delivery_id, payment_id, project_id, user_id) VALUES (1918, (SELECT projects.end_date - INTERVAL 40 DAY FROM projects WHERE projects.id=52), 1918, 1918, 52, 14);
INSERT INTO orders (order_id, created_at, delivery_id, payment_id, supporting_project_id) VALUES (1918, (SELECT projects.end_date - INTERVAL 40 DAY FROM projects WHERE projects.id=52), 1, 1918, 1918);
INSERT INTO supporting_packages(id, option_list, package_count, order_id, project_package_id, supporting_project_id) VALUES (1918, '["재킷"]', 3, 1918, 52, 1918);
INSERT INTO supporting_projects(supporting_project_id, supported_at, delivery_id, payment_id, project_id, user_id) VALUES (1919, (SELECT projects.end_date - INTERVAL 35 DAY FROM projects WHERE projects.id=52), 1919, 1919, 52, 36);
INSERT INTO orders (order_id, created_at, delivery_id, payment_id, supporting_project_id) VALUES (1919, (SELECT projects.end_date - INTERVAL 35 DAY FROM projects WHERE projects.id=52), 1, 1919, 1919);
INSERT INTO supporting_packages(id, option_list, package_count, order_id, project_package_id, supporting_project_id) VALUES (1919, '["재킷"]', 6, 1919, 52, 1919);
INSERT INTO supporting_projects(supporting_project_id, supported_at, delivery_id, payment_id, project_id, user_id) VALUES (1920, (SELECT projects.end_date - INTERVAL 17 DAY FROM projects WHERE projects.id=52), 1920, 1920, 52, 12);
INSERT INTO orders (order_id, created_at, delivery_id, payment_id, supporting_project_id) VALUES (1920, (SELECT projects.end_date - INTERVAL 17 DAY FROM projects WHERE projects.id=52), 1, 1920, 1920);
INSERT INTO supporting_packages(id, option_list, package_count, order_id, project_package_id, supporting_project_id) VALUES (1920, '["재킷"]', 8, 1920, 52, 1920);
INSERT INTO supporting_projects(supporting_project_id, supported_at, delivery_id, payment_id, project_id, user_id) VALUES (1921, (SELECT projects.end_date - INTERVAL 7 DAY FROM projects WHERE projects.id=52), 1921, 1921, 52, 38);
INSERT INTO orders (order_id, created_at, delivery_id, payment_id, supporting_project_id) VALUES (1921, (SELECT projects.end_date - INTERVAL 7 DAY FROM projects WHERE projects.id=52), 1, 1921, 1921);
INSERT INTO supporting_packages(id, option_list, package_count, order_id, project_package_id, supporting_project_id) VALUES (1921, '["한복 스타일"]', 10, 1921, 52, 1921);
INSERT INTO supporting_projects(supporting_project_id, supported_at, delivery_id, payment_id, project_id, user_id) VALUES (1922, (SELECT projects.end_date - INTERVAL 29 DAY FROM projects WHERE projects.id=52), 1922, 1922, 52, 11);
INSERT INTO orders (order_id, created_at, delivery_id, payment_id, supporting_project_id) VALUES (1922, (SELECT projects.end_date - INTERVAL 29 DAY FROM projects WHERE projects.id=52), 1, 1922, 1922);
INSERT INTO supporting_packages(id, option_list, package_count, order_id, project_package_id, supporting_project_id) VALUES (1922, '["재킷"]', 10, 1922, 52, 1922);
INSERT INTO supporting_projects(supporting_project_id, supported_at, delivery_id, payment_id, project_id, user_id) VALUES (1923, (SELECT projects.end_date - INTERVAL 7 DAY FROM projects WHERE projects.id=52), 1923, 1923, 52, 35);
INSERT INTO orders (order_id, created_at, delivery_id, payment_id, supporting_project_id) VALUES (1923, (SELECT projects.end_date - INTERVAL 7 DAY FROM projects WHERE projects.id=52), 1, 1923, 1923);
INSERT INTO supporting_packages(id, option_list, package_count, order_id, project_package_id, supporting_project_id) VALUES (1923, '["한복 스타일"]', 3, 1923, 52, 1923);
INSERT INTO supporting_projects(supporting_project_id, supported_at, delivery_id, payment_id, project_id, user_id) VALUES (1924, (SELECT projects.end_date - INTERVAL 34 DAY FROM projects WHERE projects.id=52), 1924, 1924, 52, 14);
INSERT INTO orders (order_id, created_at, delivery_id, payment_id, supporting_project_id) VALUES (1924, (SELECT projects.end_date - INTERVAL 34 DAY FROM projects WHERE projects.id=52), 1, 1924, 1924);
INSERT INTO supporting_packages(id, option_list, package_count, order_id, project_package_id, supporting_project_id) VALUES (1924, '["재킷"]', 1, 1924, 52, 1924);
INSERT INTO supporting_projects(supporting_project_id, supported_at, delivery_id, payment_id, project_id, user_id) VALUES (1925, (SELECT projects.end_date - INTERVAL 37 DAY FROM projects WHERE projects.id=52), 1925, 1925, 52, 30);
INSERT INTO orders (order_id, created_at, delivery_id, payment_id, supporting_project_id) VALUES (1925, (SELECT projects.end_date - INTERVAL 37 DAY FROM projects WHERE projects.id=52), 1, 1925, 1925);
INSERT INTO supporting_packages(id, option_list, package_count, order_id, project_package_id, supporting_project_id) VALUES (1925, '["티셔츠"]', 3, 1925, 52, 1925);
INSERT INTO supporting_projects(supporting_project_id, supported_at, delivery_id, payment_id, project_id, user_id) VALUES (1926, (SELECT projects.end_date - INTERVAL 12 DAY FROM projects WHERE projects.id=52), 1926, 1926, 52, 4);
INSERT INTO orders (order_id, created_at, delivery_id, payment_id, supporting_project_id) VALUES (1926, (SELECT projects.end_date - INTERVAL 12 DAY FROM projects WHERE projects.id=52), 1, 1926, 1926);
INSERT INTO supporting_packages(id, option_list, package_count, order_id, project_package_id, supporting_project_id) VALUES (1926, '["재킷"]', 2, 1926, 52, 1926);
INSERT INTO supporting_projects(supporting_project_id, supported_at, delivery_id, payment_id, project_id, user_id) VALUES (1927, (SELECT projects.end_date - INTERVAL 17 DAY FROM projects WHERE projects.id=52), 1927, 1927, 52, 12);
INSERT INTO orders (order_id, created_at, delivery_id, payment_id, supporting_project_id) VALUES (1927, (SELECT projects.end_date - INTERVAL 17 DAY FROM projects WHERE projects.id=52), 1, 1927, 1927);
INSERT INTO supporting_packages(id, option_list, package_count, order_id, project_package_id, supporting_project_id) VALUES (1927, '["한복 스타일"]', 4, 1927, 52, 1927);
INSERT INTO supporting_projects(supporting_project_id, supported_at, delivery_id, payment_id, project_id, user_id) VALUES (1928, (SELECT projects.end_date - INTERVAL 15 DAY FROM projects WHERE projects.id=53), 1928, 1928, 53, 20);
INSERT INTO orders (order_id, created_at, delivery_id, payment_id, supporting_project_id) VALUES (1928, (SELECT projects.end_date - INTERVAL 15 DAY FROM projects WHERE projects.id=53), 1, 1928, 1928);
INSERT INTO supporting_packages(id, option_list, package_count, order_id, project_package_id, supporting_project_id) VALUES (1928, '["전문가용"]', 7, 1928, 53, 1928);
INSERT INTO supporting_projects(supporting_project_id, supported_at, delivery_id, payment_id, project_id, user_id) VALUES (1929, (SELECT projects.end_date - INTERVAL 22 DAY FROM projects WHERE projects.id=53), 1929, 1929, 53, 24);
INSERT INTO orders (order_id, created_at, delivery_id, payment_id, supporting_project_id) VALUES (1929, (SELECT projects.end_date - INTERVAL 22 DAY FROM projects WHERE projects.id=53), 1, 1929, 1929);
INSERT INTO supporting_packages(id, option_list, package_count, order_id, project_package_id, supporting_project_id) VALUES (1929, '["개인용"]', 8, 1929, 53, 1929);
INSERT INTO supporting_projects(supporting_project_id, supported_at, delivery_id, payment_id, project_id, user_id) VALUES (1930, (SELECT projects.end_date - INTERVAL 41 DAY FROM projects WHERE projects.id=53), 1930, 1930, 53, 24);
INSERT INTO orders (order_id, created_at, delivery_id, payment_id, supporting_project_id) VALUES (1930, (SELECT projects.end_date - INTERVAL 41 DAY FROM projects WHERE projects.id=53), 1, 1930, 1930);
INSERT INTO supporting_packages(id, option_list, package_count, order_id, project_package_id, supporting_project_id) VALUES (1930, '["전문가용"]', 2, 1930, 53, 1930);
INSERT INTO supporting_projects(supporting_project_id, supported_at, delivery_id, payment_id, project_id, user_id) VALUES (1931, (SELECT projects.end_date - INTERVAL 19 DAY FROM projects WHERE projects.id=54), 1931, 1931, 54, 13);
INSERT INTO orders (order_id, created_at, delivery_id, payment_id, supporting_project_id) VALUES (1931, (SELECT projects.end_date - INTERVAL 19 DAY FROM projects WHERE projects.id=54), 1, 1931, 1931);
INSERT INTO supporting_packages(id, option_list, package_count, order_id, project_package_id, supporting_project_id) VALUES (1931, '["스킨케어"]', 8, 1931, 54, 1931);
INSERT INTO supporting_projects(supporting_project_id, supported_at, delivery_id, payment_id, project_id, user_id) VALUES (1932, (SELECT projects.end_date - INTERVAL 22 DAY FROM projects WHERE projects.id=54), 1932, 1932, 54, 8);
INSERT INTO orders (order_id, created_at, delivery_id, payment_id, supporting_project_id) VALUES (1932, (SELECT projects.end_date - INTERVAL 22 DAY FROM projects WHERE projects.id=54), 1, 1932, 1932);
INSERT INTO supporting_packages(id, option_list, package_count, order_id, project_package_id, supporting_project_id) VALUES (1932, '["스킨케어"]', 7, 1932, 54, 1932);
INSERT INTO supporting_projects(supporting_project_id, supported_at, delivery_id, payment_id, project_id, user_id) VALUES (1933, (SELECT projects.end_date - INTERVAL 28 DAY FROM projects WHERE projects.id=54), 1933, 1933, 54, 27);
INSERT INTO orders (order_id, created_at, delivery_id, payment_id, supporting_project_id) VALUES (1933, (SELECT projects.end_date - INTERVAL 28 DAY FROM projects WHERE projects.id=54), 1, 1933, 1933);
INSERT INTO supporting_packages(id, option_list, package_count, order_id, project_package_id, supporting_project_id) VALUES (1933, '["패션 콜라보"]', 2, 1933, 54, 1933);
INSERT INTO supporting_projects(supporting_project_id, supported_at, delivery_id, payment_id, project_id, user_id) VALUES (1934, (SELECT projects.end_date - INTERVAL 35 DAY FROM projects WHERE projects.id=54), 1934, 1934, 54, 10);
INSERT INTO orders (order_id, created_at, delivery_id, payment_id, supporting_project_id) VALUES (1934, (SELECT projects.end_date - INTERVAL 35 DAY FROM projects WHERE projects.id=54), 1, 1934, 1934);
INSERT INTO supporting_packages(id, option_list, package_count, order_id, project_package_id, supporting_project_id) VALUES (1934, '["스킨케어"]', 5, 1934, 54, 1934);
INSERT INTO supporting_projects(supporting_project_id, supported_at, delivery_id, payment_id, project_id, user_id) VALUES (1935, (SELECT projects.end_date - INTERVAL 39 DAY FROM projects WHERE projects.id=54), 1935, 1935, 54, 21);
INSERT INTO orders (order_id, created_at, delivery_id, payment_id, supporting_project_id) VALUES (1935, (SELECT projects.end_date - INTERVAL 39 DAY FROM projects WHERE projects.id=54), 1, 1935, 1935);
INSERT INTO supporting_packages(id, option_list, package_count, order_id, project_package_id, supporting_project_id) VALUES (1935, '["스킨케어"]', 7, 1935, 54, 1935);
INSERT INTO supporting_projects(supporting_project_id, supported_at, delivery_id, payment_id, project_id, user_id) VALUES (1936, (SELECT projects.end_date - INTERVAL 20 DAY FROM projects WHERE projects.id=54), 1936, 1936, 54, 36);
INSERT INTO orders (order_id, created_at, delivery_id, payment_id, supporting_project_id) VALUES (1936, (SELECT projects.end_date - INTERVAL 20 DAY FROM projects WHERE projects.id=54), 1, 1936, 1936);
INSERT INTO supporting_packages(id, option_list, package_count, order_id, project_package_id, supporting_project_id) VALUES (1936, '["패션 콜라보"]', 3, 1936, 54, 1936);
INSERT INTO supporting_projects(supporting_project_id, supported_at, delivery_id, payment_id, project_id, user_id) VALUES (1937, (SELECT projects.end_date - INTERVAL 37 DAY FROM projects WHERE projects.id=54), 1937, 1937, 54, 4);
INSERT INTO orders (order_id, created_at, delivery_id, payment_id, supporting_project_id) VALUES (1937, (SELECT projects.end_date - INTERVAL 37 DAY FROM projects WHERE projects.id=54), 1, 1937, 1937);
INSERT INTO supporting_packages(id, option_list, package_count, order_id, project_package_id, supporting_project_id) VALUES (1937, '["패션 콜라보"]', 8, 1937, 54, 1937);
INSERT INTO supporting_projects(supporting_project_id, supported_at, delivery_id, payment_id, project_id, user_id) VALUES (1938, (SELECT projects.end_date - INTERVAL 49 DAY FROM projects WHERE projects.id=56), 1938, 1938, 56, 22);
INSERT INTO orders (order_id, created_at, delivery_id, payment_id, supporting_project_id) VALUES (1938, (SELECT projects.end_date - INTERVAL 49 DAY FROM projects WHERE projects.id=56), 1, 1938, 1938);
INSERT INTO supporting_packages(id, option_list, package_count, order_id, project_package_id, supporting_project_id) VALUES (1938, '["한정판"]', 3, 1938, 56, 1938);
INSERT INTO supporting_projects(supporting_project_id, supported_at, delivery_id, payment_id, project_id, user_id) VALUES (1939, (SELECT projects.end_date - INTERVAL 19 DAY FROM projects WHERE projects.id=56), 1939, 1939, 56, 24);
INSERT INTO orders (order_id, created_at, delivery_id, payment_id, supporting_project_id) VALUES (1939, (SELECT projects.end_date - INTERVAL 19 DAY FROM projects WHERE projects.id=56), 1, 1939, 1939);
INSERT INTO supporting_packages(id, option_list, package_count, order_id, project_package_id, supporting_project_id) VALUES (1939, '["티셔츠"]', 8, 1939, 56, 1939);
INSERT INTO supporting_projects(supporting_project_id, supported_at, delivery_id, payment_id, project_id, user_id) VALUES (1940, (SELECT projects.end_date - INTERVAL 24 DAY FROM projects WHERE projects.id=56), 1940, 1940, 56, 15);
INSERT INTO orders (order_id, created_at, delivery_id, payment_id, supporting_project_id) VALUES (1940, (SELECT projects.end_date - INTERVAL 24 DAY FROM projects WHERE projects.id=56), 1, 1940, 1940);
INSERT INTO supporting_packages(id, option_list, package_count, order_id, project_package_id, supporting_project_id) VALUES (1940, '["티셔츠"]', 8, 1940, 56, 1940);
INSERT INTO supporting_projects(supporting_project_id, supported_at, delivery_id, payment_id, project_id, user_id) VALUES (1941, (SELECT projects.end_date - INTERVAL 17 DAY FROM projects WHERE projects.id=56), 1941, 1941, 56, 8);
INSERT INTO orders (order_id, created_at, delivery_id, payment_id, supporting_project_id) VALUES (1941, (SELECT projects.end_date - INTERVAL 17 DAY FROM projects WHERE projects.id=56), 1, 1941, 1941);
INSERT INTO supporting_packages(id, option_list, package_count, order_id, project_package_id, supporting_project_id) VALUES (1941, '["한정판"]', 9, 1941, 56, 1941);
INSERT INTO supporting_projects(supporting_project_id, supported_at, delivery_id, payment_id, project_id, user_id) VALUES (1942, (SELECT projects.end_date - INTERVAL 18 DAY FROM projects WHERE projects.id=56), 1942, 1942, 56, 1);
INSERT INTO orders (order_id, created_at, delivery_id, payment_id, supporting_project_id) VALUES (1942, (SELECT projects.end_date - INTERVAL 18 DAY FROM projects WHERE projects.id=56), 1, 1942, 1942);
INSERT INTO supporting_packages(id, option_list, package_count, order_id, project_package_id, supporting_project_id) VALUES (1942, '["티셔츠"]', 2, 1942, 56, 1942);
INSERT INTO supporting_projects(supporting_project_id, supported_at, delivery_id, payment_id, project_id, user_id) VALUES (1943, (SELECT projects.end_date - INTERVAL 32 DAY FROM projects WHERE projects.id=56), 1943, 1943, 56, 13);
INSERT INTO orders (order_id, created_at, delivery_id, payment_id, supporting_project_id) VALUES (1943, (SELECT projects.end_date - INTERVAL 32 DAY FROM projects WHERE projects.id=56), 1, 1943, 1943);
INSERT INTO supporting_packages(id, option_list, package_count, order_id, project_package_id, supporting_project_id) VALUES (1943, '["아우터"]', 8, 1943, 56, 1943);
INSERT INTO supporting_projects(supporting_project_id, supported_at, delivery_id, payment_id, project_id, user_id) VALUES (1944, (SELECT projects.end_date - INTERVAL 17 DAY FROM projects WHERE projects.id=56), 1944, 1944, 56, 23);
INSERT INTO orders (order_id, created_at, delivery_id, payment_id, supporting_project_id) VALUES (1944, (SELECT projects.end_date - INTERVAL 17 DAY FROM projects WHERE projects.id=56), 1, 1944, 1944);
INSERT INTO supporting_packages(id, option_list, package_count, order_id, project_package_id, supporting_project_id) VALUES (1944, '["한정판"]', 7, 1944, 56, 1944);
INSERT INTO supporting_projects(supporting_project_id, supported_at, delivery_id, payment_id, project_id, user_id) VALUES (1945, (SELECT projects.end_date - INTERVAL 8 DAY FROM projects WHERE projects.id=56), 1945, 1945, 56, 33);
INSERT INTO orders (order_id, created_at, delivery_id, payment_id, supporting_project_id) VALUES (1945, (SELECT projects.end_date - INTERVAL 8 DAY FROM projects WHERE projects.id=56), 1, 1945, 1945);
INSERT INTO supporting_packages(id, option_list, package_count, order_id, project_package_id, supporting_project_id) VALUES (1945, '["아우터"]', 6, 1945, 56, 1945);
INSERT INTO supporting_projects(supporting_project_id, supported_at, delivery_id, payment_id, project_id, user_id) VALUES (1946, (SELECT projects.end_date - INTERVAL 45 DAY FROM projects WHERE projects.id=56), 1946, 1946, 56, 15);
INSERT INTO orders (order_id, created_at, delivery_id, payment_id, supporting_project_id) VALUES (1946, (SELECT projects.end_date - INTERVAL 45 DAY FROM projects WHERE projects.id=56), 1, 1946, 1946);
INSERT INTO supporting_packages(id, option_list, package_count, order_id, project_package_id, supporting_project_id) VALUES (1946, '["아우터"]', 2, 1946, 56, 1946);
INSERT INTO supporting_projects(supporting_project_id, supported_at, delivery_id, payment_id, project_id, user_id) VALUES (1947, (SELECT projects.end_date - INTERVAL 35 DAY FROM projects WHERE projects.id=56), 1947, 1947, 56, 32);
INSERT INTO orders (order_id, created_at, delivery_id, payment_id, supporting_project_id) VALUES (1947, (SELECT projects.end_date - INTERVAL 35 DAY FROM projects WHERE projects.id=56), 1, 1947, 1947);
INSERT INTO supporting_packages(id, option_list, package_count, order_id, project_package_id, supporting_project_id) VALUES (1947, '["한정판"]', 10, 1947, 56, 1947);
INSERT INTO supporting_projects(supporting_project_id, supported_at, delivery_id, payment_id, project_id, user_id) VALUES (1948, (SELECT projects.end_date - INTERVAL 34 DAY FROM projects WHERE projects.id=56), 1948, 1948, 56, 9);
INSERT INTO orders (order_id, created_at, delivery_id, payment_id, supporting_project_id) VALUES (1948, (SELECT projects.end_date - INTERVAL 34 DAY FROM projects WHERE projects.id=56), 1, 1948, 1948);
INSERT INTO supporting_packages(id, option_list, package_count, order_id, project_package_id, supporting_project_id) VALUES (1948, '["티셔츠"]', 3, 1948, 56, 1948);
INSERT INTO supporting_projects(supporting_project_id, supported_at, delivery_id, payment_id, project_id, user_id) VALUES (1949, (SELECT projects.end_date - INTERVAL 48 DAY FROM projects WHERE projects.id=56), 1949, 1949, 56, 6);
INSERT INTO orders (order_id, created_at, delivery_id, payment_id, supporting_project_id) VALUES (1949, (SELECT projects.end_date - INTERVAL 48 DAY FROM projects WHERE projects.id=56), 1, 1949, 1949);
INSERT INTO supporting_packages(id, option_list, package_count, order_id, project_package_id, supporting_project_id) VALUES (1949, '["아우터"]', 4, 1949, 56, 1949);
INSERT INTO supporting_projects(supporting_project_id, supported_at, delivery_id, payment_id, project_id, user_id) VALUES (1950, (SELECT projects.end_date - INTERVAL 31 DAY FROM projects WHERE projects.id=56), 1950, 1950, 56, 28);
INSERT INTO orders (order_id, created_at, delivery_id, payment_id, supporting_project_id) VALUES (1950, (SELECT projects.end_date - INTERVAL 31 DAY FROM projects WHERE projects.id=56), 1, 1950, 1950);
INSERT INTO supporting_packages(id, option_list, package_count, order_id, project_package_id, supporting_project_id) VALUES (1950, '["티셔츠"]', 10, 1950, 56, 1950);
INSERT INTO supporting_projects(supporting_project_id, supported_at, delivery_id, payment_id, project_id, user_id) VALUES (1951, (SELECT projects.end_date - INTERVAL 16 DAY FROM projects WHERE projects.id=56), 1951, 1951, 56, 8);
INSERT INTO orders (order_id, created_at, delivery_id, payment_id, supporting_project_id) VALUES (1951, (SELECT projects.end_date - INTERVAL 16 DAY FROM projects WHERE projects.id=56), 1, 1951, 1951);
INSERT INTO supporting_packages(id, option_list, package_count, order_id, project_package_id, supporting_project_id) VALUES (1951, '["아우터"]', 5, 1951, 56, 1951);
INSERT INTO supporting_projects(supporting_project_id, supported_at, delivery_id, payment_id, project_id, user_id) VALUES (1952, (SELECT projects.end_date - INTERVAL 21 DAY FROM projects WHERE projects.id=56), 1952, 1952, 56, 2);
INSERT INTO orders (order_id, created_at, delivery_id, payment_id, supporting_project_id) VALUES (1952, (SELECT projects.end_date - INTERVAL 21 DAY FROM projects WHERE projects.id=56), 1, 1952, 1952);
INSERT INTO supporting_packages(id, option_list, package_count, order_id, project_package_id, supporting_project_id) VALUES (1952, '["아우터"]', 7, 1952, 56, 1952);
INSERT INTO supporting_projects(supporting_project_id, supported_at, delivery_id, payment_id, project_id, user_id) VALUES (1953, (SELECT projects.end_date - INTERVAL 17 DAY FROM projects WHERE projects.id=56), 1953, 1953, 56, 1);
INSERT INTO orders (order_id, created_at, delivery_id, payment_id, supporting_project_id) VALUES (1953, (SELECT projects.end_date - INTERVAL 17 DAY FROM projects WHERE projects.id=56), 1, 1953, 1953);
INSERT INTO supporting_packages(id, option_list, package_count, order_id, project_package_id, supporting_project_id) VALUES (1953, '["아우터"]', 9, 1953, 56, 1953);
INSERT INTO supporting_projects(supporting_project_id, supported_at, delivery_id, payment_id, project_id, user_id) VALUES (1954, (SELECT projects.end_date - INTERVAL 23 DAY FROM projects WHERE projects.id=56), 1954, 1954, 56, 30);
INSERT INTO orders (order_id, created_at, delivery_id, payment_id, supporting_project_id) VALUES (1954, (SELECT projects.end_date - INTERVAL 23 DAY FROM projects WHERE projects.id=56), 1, 1954, 1954);
INSERT INTO supporting_packages(id, option_list, package_count, order_id, project_package_id, supporting_project_id) VALUES (1954, '["한정판"]', 7, 1954, 56, 1954);
INSERT INTO supporting_projects(supporting_project_id, supported_at, delivery_id, payment_id, project_id, user_id) VALUES (1955, (SELECT projects.end_date - INTERVAL 48 DAY FROM projects WHERE projects.id=56), 1955, 1955, 56, 17);
INSERT INTO orders (order_id, created_at, delivery_id, payment_id, supporting_project_id) VALUES (1955, (SELECT projects.end_date - INTERVAL 48 DAY FROM projects WHERE projects.id=56), 1, 1955, 1955);
INSERT INTO supporting_packages(id, option_list, package_count, order_id, project_package_id, supporting_project_id) VALUES (1955, '["티셔츠"]', 5, 1955, 56, 1955);
INSERT INTO supporting_projects(supporting_project_id, supported_at, delivery_id, payment_id, project_id, user_id) VALUES (1956, (SELECT projects.end_date - INTERVAL 8 DAY FROM projects WHERE projects.id=56), 1956, 1956, 56, 21);
INSERT INTO orders (order_id, created_at, delivery_id, payment_id, supporting_project_id) VALUES (1956, (SELECT projects.end_date - INTERVAL 8 DAY FROM projects WHERE projects.id=56), 1, 1956, 1956);
INSERT INTO supporting_packages(id, option_list, package_count, order_id, project_package_id, supporting_project_id) VALUES (1956, '["티셔츠"]', 2, 1956, 56, 1956);
INSERT INTO supporting_projects(supporting_project_id, supported_at, delivery_id, payment_id, project_id, user_id) VALUES (1957, (SELECT projects.end_date - INTERVAL 37 DAY FROM projects WHERE projects.id=56), 1957, 1957, 56, 34);
INSERT INTO orders (order_id, created_at, delivery_id, payment_id, supporting_project_id) VALUES (1957, (SELECT projects.end_date - INTERVAL 37 DAY FROM projects WHERE projects.id=56), 1, 1957, 1957);
INSERT INTO supporting_packages(id, option_list, package_count, order_id, project_package_id, supporting_project_id) VALUES (1957, '["한정판"]', 6, 1957, 56, 1957);
INSERT INTO supporting_projects(supporting_project_id, supported_at, delivery_id, payment_id, project_id, user_id) VALUES (1958, (SELECT projects.end_date - INTERVAL 32 DAY FROM projects WHERE projects.id=56), 1958, 1958, 56, 10);
INSERT INTO orders (order_id, created_at, delivery_id, payment_id, supporting_project_id) VALUES (1958, (SELECT projects.end_date - INTERVAL 32 DAY FROM projects WHERE projects.id=56), 1, 1958, 1958);
INSERT INTO supporting_packages(id, option_list, package_count, order_id, project_package_id, supporting_project_id) VALUES (1958, '["한정판"]', 10, 1958, 56, 1958);
INSERT INTO supporting_projects(supporting_project_id, supported_at, delivery_id, payment_id, project_id, user_id) VALUES (1959, (SELECT projects.end_date - INTERVAL 10 DAY FROM projects WHERE projects.id=56), 1959, 1959, 56, 8);
INSERT INTO orders (order_id, created_at, delivery_id, payment_id, supporting_project_id) VALUES (1959, (SELECT projects.end_date - INTERVAL 10 DAY FROM projects WHERE projects.id=56), 1, 1959, 1959);
INSERT INTO supporting_packages(id, option_list, package_count, order_id, project_package_id, supporting_project_id) VALUES (1959, '["한정판"]', 5, 1959, 56, 1959);
INSERT INTO supporting_projects(supporting_project_id, supported_at, delivery_id, payment_id, project_id, user_id) VALUES (1960, (SELECT projects.end_date - INTERVAL 17 DAY FROM projects WHERE projects.id=56), 1960, 1960, 56, 21);
INSERT INTO orders (order_id, created_at, delivery_id, payment_id, supporting_project_id) VALUES (1960, (SELECT projects.end_date - INTERVAL 17 DAY FROM projects WHERE projects.id=56), 1, 1960, 1960);
INSERT INTO supporting_packages(id, option_list, package_count, order_id, project_package_id, supporting_project_id) VALUES (1960, '["한정판"]', 10, 1960, 56, 1960);
INSERT INTO supporting_projects(supporting_project_id, supported_at, delivery_id, payment_id, project_id, user_id) VALUES (1961, (SELECT projects.end_date - INTERVAL 46 DAY FROM projects WHERE projects.id=56), 1961, 1961, 56, 15);
INSERT INTO orders (order_id, created_at, delivery_id, payment_id, supporting_project_id) VALUES (1961, (SELECT projects.end_date - INTERVAL 46 DAY FROM projects WHERE projects.id=56), 1, 1961, 1961);
INSERT INTO supporting_packages(id, option_list, package_count, order_id, project_package_id, supporting_project_id) VALUES (1961, '["아우터"]', 10, 1961, 56, 1961);
INSERT INTO supporting_projects(supporting_project_id, supported_at, delivery_id, payment_id, project_id, user_id) VALUES (1962, (SELECT projects.end_date - INTERVAL 33 DAY FROM projects WHERE projects.id=56), 1962, 1962, 56, 6);
INSERT INTO orders (order_id, created_at, delivery_id, payment_id, supporting_project_id) VALUES (1962, (SELECT projects.end_date - INTERVAL 33 DAY FROM projects WHERE projects.id=56), 1, 1962, 1962);
INSERT INTO supporting_packages(id, option_list, package_count, order_id, project_package_id, supporting_project_id) VALUES (1962, '["한정판"]', 3, 1962, 56, 1962);
INSERT INTO supporting_projects(supporting_project_id, supported_at, delivery_id, payment_id, project_id, user_id) VALUES (1963, (SELECT projects.end_date - INTERVAL 26 DAY FROM projects WHERE projects.id=56), 1963, 1963, 56, 25);
INSERT INTO orders (order_id, created_at, delivery_id, payment_id, supporting_project_id) VALUES (1963, (SELECT projects.end_date - INTERVAL 26 DAY FROM projects WHERE projects.id=56), 1, 1963, 1963);
INSERT INTO supporting_packages(id, option_list, package_count, order_id, project_package_id, supporting_project_id) VALUES (1963, '["티셔츠"]', 5, 1963, 56, 1963);
INSERT INTO supporting_projects(supporting_project_id, supported_at, delivery_id, payment_id, project_id, user_id) VALUES (1964, (SELECT projects.end_date - INTERVAL 43 DAY FROM projects WHERE projects.id=56), 1964, 1964, 56, 16);
INSERT INTO orders (order_id, created_at, delivery_id, payment_id, supporting_project_id) VALUES (1964, (SELECT projects.end_date - INTERVAL 43 DAY FROM projects WHERE projects.id=56), 1, 1964, 1964);
INSERT INTO supporting_packages(id, option_list, package_count, order_id, project_package_id, supporting_project_id) VALUES (1964, '["티셔츠"]', 6, 1964, 56, 1964);
INSERT INTO supporting_projects(supporting_project_id, supported_at, delivery_id, payment_id, project_id, user_id) VALUES (1965, (SELECT projects.end_date - INTERVAL 32 DAY FROM projects WHERE projects.id=56), 1965, 1965, 56, 25);
INSERT INTO orders (order_id, created_at, delivery_id, payment_id, supporting_project_id) VALUES (1965, (SELECT projects.end_date - INTERVAL 32 DAY FROM projects WHERE projects.id=56), 1, 1965, 1965);
INSERT INTO supporting_packages(id, option_list, package_count, order_id, project_package_id, supporting_project_id) VALUES (1965, '["티셔츠"]', 7, 1965, 56, 1965);
INSERT INTO supporting_projects(supporting_project_id, supported_at, delivery_id, payment_id, project_id, user_id) VALUES (1966, (SELECT projects.end_date - INTERVAL 32 DAY FROM projects WHERE projects.id=56), 1966, 1966, 56, 26);
INSERT INTO orders (order_id, created_at, delivery_id, payment_id, supporting_project_id) VALUES (1966, (SELECT projects.end_date - INTERVAL 32 DAY FROM projects WHERE projects.id=56), 1, 1966, 1966);
INSERT INTO supporting_packages(id, option_list, package_count, order_id, project_package_id, supporting_project_id) VALUES (1966, '["한정판"]', 1, 1966, 56, 1966);
INSERT INTO supporting_projects(supporting_project_id, supported_at, delivery_id, payment_id, project_id, user_id) VALUES (1967, (SELECT projects.end_date - INTERVAL 38 DAY FROM projects WHERE projects.id=56), 1967, 1967, 56, 28);
INSERT INTO orders (order_id, created_at, delivery_id, payment_id, supporting_project_id) VALUES (1967, (SELECT projects.end_date - INTERVAL 38 DAY FROM projects WHERE projects.id=56), 1, 1967, 1967);
INSERT INTO supporting_packages(id, option_list, package_count, order_id, project_package_id, supporting_project_id) VALUES (1967, '["티셔츠"]', 10, 1967, 56, 1967);
INSERT INTO supporting_projects(supporting_project_id, supported_at, delivery_id, payment_id, project_id, user_id) VALUES (1968, (SELECT projects.end_date - INTERVAL 25 DAY FROM projects WHERE projects.id=56), 1968, 1968, 56, 33);
INSERT INTO orders (order_id, created_at, delivery_id, payment_id, supporting_project_id) VALUES (1968, (SELECT projects.end_date - INTERVAL 25 DAY FROM projects WHERE projects.id=56), 1, 1968, 1968);
INSERT INTO supporting_packages(id, option_list, package_count, order_id, project_package_id, supporting_project_id) VALUES (1968, '["한정판"]', 4, 1968, 56, 1968);
INSERT INTO supporting_projects(supporting_project_id, supported_at, delivery_id, payment_id, project_id, user_id) VALUES (1969, (SELECT projects.end_date - INTERVAL 34 DAY FROM projects WHERE projects.id=56), 1969, 1969, 56, 34);
INSERT INTO orders (order_id, created_at, delivery_id, payment_id, supporting_project_id) VALUES (1969, (SELECT projects.end_date - INTERVAL 34 DAY FROM projects WHERE projects.id=56), 1, 1969, 1969);
INSERT INTO supporting_packages(id, option_list, package_count, order_id, project_package_id, supporting_project_id) VALUES (1969, '["티셔츠"]', 1, 1969, 56, 1969);
INSERT INTO supporting_projects(supporting_project_id, supported_at, delivery_id, payment_id, project_id, user_id) VALUES (1970, (SELECT projects.end_date - INTERVAL 31 DAY FROM projects WHERE projects.id=56), 1970, 1970, 56, 21);
INSERT INTO orders (order_id, created_at, delivery_id, payment_id, supporting_project_id) VALUES (1970, (SELECT projects.end_date - INTERVAL 31 DAY FROM projects WHERE projects.id=56), 1, 1970, 1970);
INSERT INTO supporting_packages(id, option_list, package_count, order_id, project_package_id, supporting_project_id) VALUES (1970, '["티셔츠"]', 1, 1970, 56, 1970);
INSERT INTO supporting_projects(supporting_project_id, supported_at, delivery_id, payment_id, project_id, user_id) VALUES (1971, (SELECT projects.end_date - INTERVAL 7 DAY FROM projects WHERE projects.id=56), 1971, 1971, 56, 9);
INSERT INTO orders (order_id, created_at, delivery_id, payment_id, supporting_project_id) VALUES (1971, (SELECT projects.end_date - INTERVAL 7 DAY FROM projects WHERE projects.id=56), 1, 1971, 1971);
INSERT INTO supporting_packages(id, option_list, package_count, order_id, project_package_id, supporting_project_id) VALUES (1971, '["한정판"]', 5, 1971, 56, 1971);
INSERT INTO supporting_projects(supporting_project_id, supported_at, delivery_id, payment_id, project_id, user_id) VALUES (1972, (SELECT projects.end_date - INTERVAL 16 DAY FROM projects WHERE projects.id=56), 1972, 1972, 56, 21);
INSERT INTO orders (order_id, created_at, delivery_id, payment_id, supporting_project_id) VALUES (1972, (SELECT projects.end_date - INTERVAL 16 DAY FROM projects WHERE projects.id=56), 1, 1972, 1972);
INSERT INTO supporting_packages(id, option_list, package_count, order_id, project_package_id, supporting_project_id) VALUES (1972, '["티셔츠"]', 5, 1972, 56, 1972);
INSERT INTO supporting_projects(supporting_project_id, supported_at, delivery_id, payment_id, project_id, user_id) VALUES (1973, (SELECT projects.end_date - INTERVAL 33 DAY FROM projects WHERE projects.id=56), 1973, 1973, 56, 29);
INSERT INTO orders (order_id, created_at, delivery_id, payment_id, supporting_project_id) VALUES (1973, (SELECT projects.end_date - INTERVAL 33 DAY FROM projects WHERE projects.id=56), 1, 1973, 1973);
INSERT INTO supporting_packages(id, option_list, package_count, order_id, project_package_id, supporting_project_id) VALUES (1973, '["티셔츠"]', 8, 1973, 56, 1973);
INSERT INTO supporting_projects(supporting_project_id, supported_at, delivery_id, payment_id, project_id, user_id) VALUES (1974, (SELECT projects.end_date - INTERVAL 20 DAY FROM projects WHERE projects.id=56), 1974, 1974, 56, 30);
INSERT INTO orders (order_id, created_at, delivery_id, payment_id, supporting_project_id) VALUES (1974, (SELECT projects.end_date - INTERVAL 20 DAY FROM projects WHERE projects.id=56), 1, 1974, 1974);
INSERT INTO supporting_packages(id, option_list, package_count, order_id, project_package_id, supporting_project_id) VALUES (1974, '["한정판"]', 2, 1974, 56, 1974);
INSERT INTO supporting_projects(supporting_project_id, supported_at, delivery_id, payment_id, project_id, user_id) VALUES (1975, (SELECT projects.end_date - INTERVAL 38 DAY FROM projects WHERE projects.id=56), 1975, 1975, 56, 37);
INSERT INTO orders (order_id, created_at, delivery_id, payment_id, supporting_project_id) VALUES (1975, (SELECT projects.end_date - INTERVAL 38 DAY FROM projects WHERE projects.id=56), 1, 1975, 1975);
INSERT INTO supporting_packages(id, option_list, package_count, order_id, project_package_id, supporting_project_id) VALUES (1975, '["티셔츠"]', 6, 1975, 56, 1975);
INSERT INTO supporting_projects(supporting_project_id, supported_at, delivery_id, payment_id, project_id, user_id) VALUES (1976, (SELECT projects.end_date - INTERVAL 9 DAY FROM projects WHERE projects.id=56), 1976, 1976, 56, 22);
INSERT INTO orders (order_id, created_at, delivery_id, payment_id, supporting_project_id) VALUES (1976, (SELECT projects.end_date - INTERVAL 9 DAY FROM projects WHERE projects.id=56), 1, 1976, 1976);
INSERT INTO supporting_packages(id, option_list, package_count, order_id, project_package_id, supporting_project_id) VALUES (1976, '["티셔츠"]', 8, 1976, 56, 1976);
INSERT INTO supporting_projects(supporting_project_id, supported_at, delivery_id, payment_id, project_id, user_id) VALUES (1977, (SELECT projects.end_date - INTERVAL 16 DAY FROM projects WHERE projects.id=56), 1977, 1977, 56, 24);
INSERT INTO orders (order_id, created_at, delivery_id, payment_id, supporting_project_id) VALUES (1977, (SELECT projects.end_date - INTERVAL 16 DAY FROM projects WHERE projects.id=56), 1, 1977, 1977);
INSERT INTO supporting_packages(id, option_list, package_count, order_id, project_package_id, supporting_project_id) VALUES (1977, '["티셔츠"]', 4, 1977, 56, 1977);
INSERT INTO supporting_projects(supporting_project_id, supported_at, delivery_id, payment_id, project_id, user_id) VALUES (1978, (SELECT projects.end_date - INTERVAL 33 DAY FROM projects WHERE projects.id=56), 1978, 1978, 56, 27);
INSERT INTO orders (order_id, created_at, delivery_id, payment_id, supporting_project_id) VALUES (1978, (SELECT projects.end_date - INTERVAL 33 DAY FROM projects WHERE projects.id=56), 1, 1978, 1978);
INSERT INTO supporting_packages(id, option_list, package_count, order_id, project_package_id, supporting_project_id) VALUES (1978, '["한정판"]', 2, 1978, 56, 1978);
INSERT INTO supporting_projects(supporting_project_id, supported_at, delivery_id, payment_id, project_id, user_id) VALUES (1979, (SELECT projects.end_date - INTERVAL 31 DAY FROM projects WHERE projects.id=56), 1979, 1979, 56, 19);
INSERT INTO orders (order_id, created_at, delivery_id, payment_id, supporting_project_id) VALUES (1979, (SELECT projects.end_date - INTERVAL 31 DAY FROM projects WHERE projects.id=56), 1, 1979, 1979);
INSERT INTO supporting_packages(id, option_list, package_count, order_id, project_package_id, supporting_project_id) VALUES (1979, '["아우터"]', 2, 1979, 56, 1979);
INSERT INTO supporting_projects(supporting_project_id, supported_at, delivery_id, payment_id, project_id, user_id) VALUES (1980, (SELECT projects.end_date - INTERVAL 17 DAY FROM projects WHERE projects.id=56), 1980, 1980, 56, 3);
INSERT INTO orders (order_id, created_at, delivery_id, payment_id, supporting_project_id) VALUES (1980, (SELECT projects.end_date - INTERVAL 17 DAY FROM projects WHERE projects.id=56), 1, 1980, 1980);
INSERT INTO supporting_packages(id, option_list, package_count, order_id, project_package_id, supporting_project_id) VALUES (1980, '["한정판"]', 4, 1980, 56, 1980);
INSERT INTO supporting_projects(supporting_project_id, supported_at, delivery_id, payment_id, project_id, user_id) VALUES (1981, (SELECT projects.end_date - INTERVAL 24 DAY FROM projects WHERE projects.id=56), 1981, 1981, 56, 1);
INSERT INTO orders (order_id, created_at, delivery_id, payment_id, supporting_project_id) VALUES (1981, (SELECT projects.end_date - INTERVAL 24 DAY FROM projects WHERE projects.id=56), 1, 1981, 1981);
INSERT INTO supporting_packages(id, option_list, package_count, order_id, project_package_id, supporting_project_id) VALUES (1981, '["한정판"]', 10, 1981, 56, 1981);
INSERT INTO supporting_projects(supporting_project_id, supported_at, delivery_id, payment_id, project_id, user_id) VALUES (1982, (SELECT projects.end_date - INTERVAL 39 DAY FROM projects WHERE projects.id=56), 1982, 1982, 56, 23);
INSERT INTO orders (order_id, created_at, delivery_id, payment_id, supporting_project_id) VALUES (1982, (SELECT projects.end_date - INTERVAL 39 DAY FROM projects WHERE projects.id=56), 1, 1982, 1982);
INSERT INTO supporting_packages(id, option_list, package_count, order_id, project_package_id, supporting_project_id) VALUES (1982, '["티셔츠"]', 4, 1982, 56, 1982);
INSERT INTO supporting_projects(supporting_project_id, supported_at, delivery_id, payment_id, project_id, user_id) VALUES (1983, (SELECT projects.end_date - INTERVAL 43 DAY FROM projects WHERE projects.id=56), 1983, 1983, 56, 32);
INSERT INTO orders (order_id, created_at, delivery_id, payment_id, supporting_project_id) VALUES (1983, (SELECT projects.end_date - INTERVAL 43 DAY FROM projects WHERE projects.id=56), 1, 1983, 1983);
INSERT INTO supporting_packages(id, option_list, package_count, order_id, project_package_id, supporting_project_id) VALUES (1983, '["티셔츠"]', 7, 1983, 56, 1983);
INSERT INTO supporting_projects(supporting_project_id, supported_at, delivery_id, payment_id, project_id, user_id) VALUES (1984, (SELECT projects.end_date - INTERVAL 15 DAY FROM projects WHERE projects.id=57), 1984, 1984, 57, 5);
INSERT INTO orders (order_id, created_at, delivery_id, payment_id, supporting_project_id) VALUES (1984, (SELECT projects.end_date - INTERVAL 15 DAY FROM projects WHERE projects.id=57), 1, 1984, 1984);
INSERT INTO supporting_packages(id, option_list, package_count, order_id, project_package_id, supporting_project_id) VALUES (1984, '["초급"]', 8, 1984, 57, 1984);
INSERT INTO supporting_projects(supporting_project_id, supported_at, delivery_id, payment_id, project_id, user_id) VALUES (1985, (SELECT projects.end_date - INTERVAL 25 DAY FROM projects WHERE projects.id=57), 1985, 1985, 57, 14);
INSERT INTO orders (order_id, created_at, delivery_id, payment_id, supporting_project_id) VALUES (1985, (SELECT projects.end_date - INTERVAL 25 DAY FROM projects WHERE projects.id=57), 1, 1985, 1985);
INSERT INTO supporting_packages(id, option_list, package_count, order_id, project_package_id, supporting_project_id) VALUES (1985, '["초급"]', 3, 1985, 57, 1985);
INSERT INTO supporting_projects(supporting_project_id, supported_at, delivery_id, payment_id, project_id, user_id) VALUES (1986, (SELECT projects.end_date - INTERVAL 48 DAY FROM projects WHERE projects.id=57), 1986, 1986, 57, 11);
INSERT INTO orders (order_id, created_at, delivery_id, payment_id, supporting_project_id) VALUES (1986, (SELECT projects.end_date - INTERVAL 48 DAY FROM projects WHERE projects.id=57), 1, 1986, 1986);
INSERT INTO supporting_packages(id, option_list, package_count, order_id, project_package_id, supporting_project_id) VALUES (1986, '["초급"]', 4, 1986, 57, 1986);
INSERT INTO supporting_projects(supporting_project_id, supported_at, delivery_id, payment_id, project_id, user_id) VALUES (1987, (SELECT projects.end_date - INTERVAL 25 DAY FROM projects WHERE projects.id=57), 1987, 1987, 57, 34);
INSERT INTO orders (order_id, created_at, delivery_id, payment_id, supporting_project_id) VALUES (1987, (SELECT projects.end_date - INTERVAL 25 DAY FROM projects WHERE projects.id=57), 1, 1987, 1987);
INSERT INTO supporting_packages(id, option_list, package_count, order_id, project_package_id, supporting_project_id) VALUES (1987, '["초급"]', 4, 1987, 57, 1987);
INSERT INTO supporting_projects(supporting_project_id, supported_at, delivery_id, payment_id, project_id, user_id) VALUES (1988, (SELECT projects.end_date - INTERVAL 12 DAY FROM projects WHERE projects.id=57), 1988, 1988, 57, 2);
INSERT INTO orders (order_id, created_at, delivery_id, payment_id, supporting_project_id) VALUES (1988, (SELECT projects.end_date - INTERVAL 12 DAY FROM projects WHERE projects.id=57), 1, 1988, 1988);
INSERT INTO supporting_packages(id, option_list, package_count, order_id, project_package_id, supporting_project_id) VALUES (1988, '["고급"]', 2, 1988, 57, 1988);
INSERT INTO supporting_projects(supporting_project_id, supported_at, delivery_id, payment_id, project_id, user_id) VALUES (1989, (SELECT projects.end_date - INTERVAL 25 DAY FROM projects WHERE projects.id=57), 1989, 1989, 57, 23);
INSERT INTO orders (order_id, created_at, delivery_id, payment_id, supporting_project_id) VALUES (1989, (SELECT projects.end_date - INTERVAL 25 DAY FROM projects WHERE projects.id=57), 1, 1989, 1989);
INSERT INTO supporting_packages(id, option_list, package_count, order_id, project_package_id, supporting_project_id) VALUES (1989, '["중급"]', 6, 1989, 57, 1989);
INSERT INTO supporting_projects(supporting_project_id, supported_at, delivery_id, payment_id, project_id, user_id) VALUES (1990, (SELECT projects.end_date - INTERVAL 44 DAY FROM projects WHERE projects.id=57), 1990, 1990, 57, 22);
INSERT INTO orders (order_id, created_at, delivery_id, payment_id, supporting_project_id) VALUES (1990, (SELECT projects.end_date - INTERVAL 44 DAY FROM projects WHERE projects.id=57), 1, 1990, 1990);
INSERT INTO supporting_packages(id, option_list, package_count, order_id, project_package_id, supporting_project_id) VALUES (1990, '["초급"]', 4, 1990, 57, 1990);
INSERT INTO supporting_projects(supporting_project_id, supported_at, delivery_id, payment_id, project_id, user_id) VALUES (1991, (SELECT projects.end_date - INTERVAL 39 DAY FROM projects WHERE projects.id=57), 1991, 1991, 57, 4);
INSERT INTO orders (order_id, created_at, delivery_id, payment_id, supporting_project_id) VALUES (1991, (SELECT projects.end_date - INTERVAL 39 DAY FROM projects WHERE projects.id=57), 1, 1991, 1991);
INSERT INTO supporting_packages(id, option_list, package_count, order_id, project_package_id, supporting_project_id) VALUES (1991, '["중급"]', 6, 1991, 57, 1991);
INSERT INTO supporting_projects(supporting_project_id, supported_at, delivery_id, payment_id, project_id, user_id) VALUES (1992, (SELECT projects.end_date - INTERVAL 45 DAY FROM projects WHERE projects.id=57), 1992, 1992, 57, 35);
INSERT INTO orders (order_id, created_at, delivery_id, payment_id, supporting_project_id) VALUES (1992, (SELECT projects.end_date - INTERVAL 45 DAY FROM projects WHERE projects.id=57), 1, 1992, 1992);
INSERT INTO supporting_packages(id, option_list, package_count, order_id, project_package_id, supporting_project_id) VALUES (1992, '["초급"]', 9, 1992, 57, 1992);
INSERT INTO supporting_projects(supporting_project_id, supported_at, delivery_id, payment_id, project_id, user_id) VALUES (1993, (SELECT projects.end_date - INTERVAL 35 DAY FROM projects WHERE projects.id=57), 1993, 1993, 57, 6);
INSERT INTO orders (order_id, created_at, delivery_id, payment_id, supporting_project_id) VALUES (1993, (SELECT projects.end_date - INTERVAL 35 DAY FROM projects WHERE projects.id=57), 1, 1993, 1993);
INSERT INTO supporting_packages(id, option_list, package_count, order_id, project_package_id, supporting_project_id) VALUES (1993, '["고급"]', 5, 1993, 57, 1993);
INSERT INTO supporting_projects(supporting_project_id, supported_at, delivery_id, payment_id, project_id, user_id) VALUES (1994, (SELECT projects.end_date - INTERVAL 13 DAY FROM projects WHERE projects.id=57), 1994, 1994, 57, 14);
INSERT INTO orders (order_id, created_at, delivery_id, payment_id, supporting_project_id) VALUES (1994, (SELECT projects.end_date - INTERVAL 13 DAY FROM projects WHERE projects.id=57), 1, 1994, 1994);
INSERT INTO supporting_packages(id, option_list, package_count, order_id, project_package_id, supporting_project_id) VALUES (1994, '["고급"]', 8, 1994, 57, 1994);
INSERT INTO supporting_projects(supporting_project_id, supported_at, delivery_id, payment_id, project_id, user_id) VALUES (1995, (SELECT projects.end_date - INTERVAL 13 DAY FROM projects WHERE projects.id=57), 1995, 1995, 57, 13);
INSERT INTO orders (order_id, created_at, delivery_id, payment_id, supporting_project_id) VALUES (1995, (SELECT projects.end_date - INTERVAL 13 DAY FROM projects WHERE projects.id=57), 1, 1995, 1995);
INSERT INTO supporting_packages(id, option_list, package_count, order_id, project_package_id, supporting_project_id) VALUES (1995, '["고급"]', 5, 1995, 57, 1995);
INSERT INTO supporting_projects(supporting_project_id, supported_at, delivery_id, payment_id, project_id, user_id) VALUES (1996, (SELECT projects.end_date - INTERVAL 25 DAY FROM projects WHERE projects.id=57), 1996, 1996, 57, 18);
INSERT INTO orders (order_id, created_at, delivery_id, payment_id, supporting_project_id) VALUES (1996, (SELECT projects.end_date - INTERVAL 25 DAY FROM projects WHERE projects.id=57), 1, 1996, 1996);
INSERT INTO supporting_packages(id, option_list, package_count, order_id, project_package_id, supporting_project_id) VALUES (1996, '["초급"]', 9, 1996, 57, 1996);
INSERT INTO supporting_projects(supporting_project_id, supported_at, delivery_id, payment_id, project_id, user_id) VALUES (1997, (SELECT projects.end_date - INTERVAL 35 DAY FROM projects WHERE projects.id=57), 1997, 1997, 57, 35);
INSERT INTO orders (order_id, created_at, delivery_id, payment_id, supporting_project_id) VALUES (1997, (SELECT projects.end_date - INTERVAL 35 DAY FROM projects WHERE projects.id=57), 1, 1997, 1997);
INSERT INTO supporting_packages(id, option_list, package_count, order_id, project_package_id, supporting_project_id) VALUES (1997, '["고급"]', 9, 1997, 57, 1997);
INSERT INTO supporting_projects(supporting_project_id, supported_at, delivery_id, payment_id, project_id, user_id) VALUES (1998, (SELECT projects.end_date - INTERVAL 29 DAY FROM projects WHERE projects.id=57), 1998, 1998, 57, 20);
INSERT INTO orders (order_id, created_at, delivery_id, payment_id, supporting_project_id) VALUES (1998, (SELECT projects.end_date - INTERVAL 29 DAY FROM projects WHERE projects.id=57), 1, 1998, 1998);
INSERT INTO supporting_packages(id, option_list, package_count, order_id, project_package_id, supporting_project_id) VALUES (1998, '["중급"]', 9, 1998, 57, 1998);
INSERT INTO supporting_projects(supporting_project_id, supported_at, delivery_id, payment_id, project_id, user_id) VALUES (1999, (SELECT projects.end_date - INTERVAL 44 DAY FROM projects WHERE projects.id=57), 1999, 1999, 57, 30);
INSERT INTO orders (order_id, created_at, delivery_id, payment_id, supporting_project_id) VALUES (1999, (SELECT projects.end_date - INTERVAL 44 DAY FROM projects WHERE projects.id=57), 1, 1999, 1999);
INSERT INTO supporting_packages(id, option_list, package_count, order_id, project_package_id, supporting_project_id) VALUES (1999, '["중급"]', 10, 1999, 57, 1999);
INSERT INTO supporting_projects(supporting_project_id, supported_at, delivery_id, payment_id, project_id, user_id) VALUES (2000, (SELECT projects.end_date - INTERVAL 24 DAY FROM projects WHERE projects.id=57), 2000, 2000, 57, 11);
INSERT INTO orders (order_id, created_at, delivery_id, payment_id, supporting_project_id) VALUES (2000, (SELECT projects.end_date - INTERVAL 24 DAY FROM projects WHERE projects.id=57), 1, 2000, 2000);
INSERT INTO supporting_packages(id, option_list, package_count, order_id, project_package_id, supporting_project_id) VALUES (2000, '["중급"]', 10, 2000, 57, 2000);
INSERT INTO supporting_projects(supporting_project_id, supported_at, delivery_id, payment_id, project_id, user_id) VALUES (2001, (SELECT projects.end_date - INTERVAL 9 DAY FROM projects WHERE projects.id=57), 2001, 2001, 57, 3);
INSERT INTO orders (order_id, created_at, delivery_id, payment_id, supporting_project_id) VALUES (2001, (SELECT projects.end_date - INTERVAL 9 DAY FROM projects WHERE projects.id=57), 1, 2001, 2001);
INSERT INTO supporting_packages(id, option_list, package_count, order_id, project_package_id, supporting_project_id) VALUES (2001, '["고급"]', 7, 2001, 57, 2001);
INSERT INTO supporting_projects(supporting_project_id, supported_at, delivery_id, payment_id, project_id, user_id) VALUES (2002, (SELECT projects.end_date - INTERVAL 35 DAY FROM projects WHERE projects.id=57), 2002, 2002, 57, 38);
INSERT INTO orders (order_id, created_at, delivery_id, payment_id, supporting_project_id) VALUES (2002, (SELECT projects.end_date - INTERVAL 35 DAY FROM projects WHERE projects.id=57), 1, 2002, 2002);
INSERT INTO supporting_packages(id, option_list, package_count, order_id, project_package_id, supporting_project_id) VALUES (2002, '["고급"]', 1, 2002, 57, 2002);
INSERT INTO supporting_projects(supporting_project_id, supported_at, delivery_id, payment_id, project_id, user_id) VALUES (2003, (SELECT projects.end_date - INTERVAL 39 DAY FROM projects WHERE projects.id=60), 2003, 2003, 60, 8);
INSERT INTO orders (order_id, created_at, delivery_id, payment_id, supporting_project_id) VALUES (2003, (SELECT projects.end_date - INTERVAL 39 DAY FROM projects WHERE projects.id=60), 1, 2003, 2003);
INSERT INTO supporting_packages(id, option_list, package_count, order_id, project_package_id, supporting_project_id) VALUES (2003, '["프리미엄"]', 9, 2003, 60, 2003);
INSERT INTO supporting_projects(supporting_project_id, supported_at, delivery_id, payment_id, project_id, user_id) VALUES (2004, (SELECT projects.end_date - INTERVAL 11 DAY FROM projects WHERE projects.id=60), 2004, 2004, 60, 35);
INSERT INTO orders (order_id, created_at, delivery_id, payment_id, supporting_project_id) VALUES (2004, (SELECT projects.end_date - INTERVAL 11 DAY FROM projects WHERE projects.id=60), 1, 2004, 2004);
INSERT INTO supporting_packages(id, option_list, package_count, order_id, project_package_id, supporting_project_id) VALUES (2004, '["한정판"]', 9, 2004, 60, 2004);
INSERT INTO supporting_projects(supporting_project_id, supported_at, delivery_id, payment_id, project_id, user_id) VALUES (2005, (SELECT projects.end_date - INTERVAL 43 DAY FROM projects WHERE projects.id=60), 2005, 2005, 60, 25);
INSERT INTO orders (order_id, created_at, delivery_id, payment_id, supporting_project_id) VALUES (2005, (SELECT projects.end_date - INTERVAL 43 DAY FROM projects WHERE projects.id=60), 1, 2005, 2005);
INSERT INTO supporting_packages(id, option_list, package_count, order_id, project_package_id, supporting_project_id) VALUES (2005, '["프리미엄"]', 10, 2005, 60, 2005);
INSERT INTO supporting_projects(supporting_project_id, supported_at, delivery_id, payment_id, project_id, user_id) VALUES (2006, (SELECT projects.end_date - INTERVAL 29 DAY FROM projects WHERE projects.id=60), 2006, 2006, 60, 17);
INSERT INTO orders (order_id, created_at, delivery_id, payment_id, supporting_project_id) VALUES (2006, (SELECT projects.end_date - INTERVAL 29 DAY FROM projects WHERE projects.id=60), 1, 2006, 2006);
INSERT INTO supporting_packages(id, option_list, package_count, order_id, project_package_id, supporting_project_id) VALUES (2006, '["프리미엄"]', 2, 2006, 60, 2006);
INSERT INTO supporting_projects(supporting_project_id, supported_at, delivery_id, payment_id, project_id, user_id) VALUES (2007, (SELECT projects.end_date - INTERVAL 23 DAY FROM projects WHERE projects.id=60), 2007, 2007, 60, 27);
INSERT INTO orders (order_id, created_at, delivery_id, payment_id, supporting_project_id) VALUES (2007, (SELECT projects.end_date - INTERVAL 23 DAY FROM projects WHERE projects.id=60), 1, 2007, 2007);
INSERT INTO supporting_packages(id, option_list, package_count, order_id, project_package_id, supporting_project_id) VALUES (2007, '["한정판"]', 7, 2007, 60, 2007);
INSERT INTO supporting_projects(supporting_project_id, supported_at, delivery_id, payment_id, project_id, user_id) VALUES (2008, (SELECT projects.end_date - INTERVAL 23 DAY FROM projects WHERE projects.id=60), 2008, 2008, 60, 14);
INSERT INTO orders (order_id, created_at, delivery_id, payment_id, supporting_project_id) VALUES (2008, (SELECT projects.end_date - INTERVAL 23 DAY FROM projects WHERE projects.id=60), 1, 2008, 2008);
INSERT INTO supporting_packages(id, option_list, package_count, order_id, project_package_id, supporting_project_id) VALUES (2008, '["프리미엄"]', 9, 2008, 60, 2008);
INSERT INTO supporting_projects(supporting_project_id, supported_at, delivery_id, payment_id, project_id, user_id) VALUES (2009, (SELECT projects.end_date - INTERVAL 26 DAY FROM projects WHERE projects.id=60), 2009, 2009, 60, 7);
INSERT INTO orders (order_id, created_at, delivery_id, payment_id, supporting_project_id) VALUES (2009, (SELECT projects.end_date - INTERVAL 26 DAY FROM projects WHERE projects.id=60), 1, 2009, 2009);
INSERT INTO supporting_packages(id, option_list, package_count, order_id, project_package_id, supporting_project_id) VALUES (2009, '["기본"]', 6, 2009, 60, 2009);
INSERT INTO supporting_projects(supporting_project_id, supported_at, delivery_id, payment_id, project_id, user_id) VALUES (2010, (SELECT projects.end_date - INTERVAL 8 DAY FROM projects WHERE projects.id=60), 2010, 2010, 60, 28);
INSERT INTO orders (order_id, created_at, delivery_id, payment_id, supporting_project_id) VALUES (2010, (SELECT projects.end_date - INTERVAL 8 DAY FROM projects WHERE projects.id=60), 1, 2010, 2010);
INSERT INTO supporting_packages(id, option_list, package_count, order_id, project_package_id, supporting_project_id) VALUES (2010, '["한정판"]', 6, 2010, 60, 2010);
INSERT INTO supporting_projects(supporting_project_id, supported_at, delivery_id, payment_id, project_id, user_id) VALUES (2011, (SELECT projects.end_date - INTERVAL 35 DAY FROM projects WHERE projects.id=60), 2011, 2011, 60, 33);
INSERT INTO orders (order_id, created_at, delivery_id, payment_id, supporting_project_id) VALUES (2011, (SELECT projects.end_date - INTERVAL 35 DAY FROM projects WHERE projects.id=60), 1, 2011, 2011);
INSERT INTO supporting_packages(id, option_list, package_count, order_id, project_package_id, supporting_project_id) VALUES (2011, '["기본"]', 4, 2011, 60, 2011);
INSERT INTO supporting_projects(supporting_project_id, supported_at, delivery_id, payment_id, project_id, user_id) VALUES (2012, (SELECT projects.end_date - INTERVAL 7 DAY FROM projects WHERE projects.id=60), 2012, 2012, 60, 13);
INSERT INTO orders (order_id, created_at, delivery_id, payment_id, supporting_project_id) VALUES (2012, (SELECT projects.end_date - INTERVAL 7 DAY FROM projects WHERE projects.id=60), 1, 2012, 2012);
INSERT INTO supporting_packages(id, option_list, package_count, order_id, project_package_id, supporting_project_id) VALUES (2012, '["프리미엄"]', 2, 2012, 60, 2012);
INSERT INTO supporting_projects(supporting_project_id, supported_at, delivery_id, payment_id, project_id, user_id) VALUES (2013, (SELECT projects.end_date - INTERVAL 35 DAY FROM projects WHERE projects.id=60), 2013, 2013, 60, 38);
INSERT INTO orders (order_id, created_at, delivery_id, payment_id, supporting_project_id) VALUES (2013, (SELECT projects.end_date - INTERVAL 35 DAY FROM projects WHERE projects.id=60), 1, 2013, 2013);
INSERT INTO supporting_packages(id, option_list, package_count, order_id, project_package_id, supporting_project_id) VALUES (2013, '["한정판"]', 7, 2013, 60, 2013);
INSERT INTO supporting_projects(supporting_project_id, supported_at, delivery_id, payment_id, project_id, user_id) VALUES (2014, (SELECT projects.end_date - INTERVAL 38 DAY FROM projects WHERE projects.id=60), 2014, 2014, 60, 39);
INSERT INTO orders (order_id, created_at, delivery_id, payment_id, supporting_project_id) VALUES (2014, (SELECT projects.end_date - INTERVAL 38 DAY FROM projects WHERE projects.id=60), 1, 2014, 2014);
INSERT INTO supporting_packages(id, option_list, package_count, order_id, project_package_id, supporting_project_id) VALUES (2014, '["기본"]', 1, 2014, 60, 2014);
INSERT INTO supporting_projects(supporting_project_id, supported_at, delivery_id, payment_id, project_id, user_id) VALUES (2015, (SELECT projects.end_date - INTERVAL 47 DAY FROM projects WHERE projects.id=60), 2015, 2015, 60, 26);
INSERT INTO orders (order_id, created_at, delivery_id, payment_id, supporting_project_id) VALUES (2015, (SELECT projects.end_date - INTERVAL 47 DAY FROM projects WHERE projects.id=60), 1, 2015, 2015);
INSERT INTO supporting_packages(id, option_list, package_count, order_id, project_package_id, supporting_project_id) VALUES (2015, '["한정판"]', 3, 2015, 60, 2015);
INSERT INTO supporting_projects(supporting_project_id, supported_at, delivery_id, payment_id, project_id, user_id) VALUES (2016, (SELECT projects.end_date - INTERVAL 33 DAY FROM projects WHERE projects.id=60), 2016, 2016, 60, 9);
INSERT INTO orders (order_id, created_at, delivery_id, payment_id, supporting_project_id) VALUES (2016, (SELECT projects.end_date - INTERVAL 33 DAY FROM projects WHERE projects.id=60), 1, 2016, 2016);
INSERT INTO supporting_packages(id, option_list, package_count, order_id, project_package_id, supporting_project_id) VALUES (2016, '["한정판"]', 2, 2016, 60, 2016);
INSERT INTO supporting_projects(supporting_project_id, supported_at, delivery_id, payment_id, project_id, user_id) VALUES (2017, (SELECT projects.end_date - INTERVAL 24 DAY FROM projects WHERE projects.id=60), 2017, 2017, 60, 23);
INSERT INTO orders (order_id, created_at, delivery_id, payment_id, supporting_project_id) VALUES (2017, (SELECT projects.end_date - INTERVAL 24 DAY FROM projects WHERE projects.id=60), 1, 2017, 2017);
INSERT INTO supporting_packages(id, option_list, package_count, order_id, project_package_id, supporting_project_id) VALUES (2017, '["한정판"]', 4, 2017, 60, 2017);
INSERT INTO supporting_projects(supporting_project_id, supported_at, delivery_id, payment_id, project_id, user_id) VALUES (2018, (SELECT projects.end_date - INTERVAL 43 DAY FROM projects WHERE projects.id=60), 2018, 2018, 60, 35);
INSERT INTO orders (order_id, created_at, delivery_id, payment_id, supporting_project_id) VALUES (2018, (SELECT projects.end_date - INTERVAL 43 DAY FROM projects WHERE projects.id=60), 1, 2018, 2018);
INSERT INTO supporting_packages(id, option_list, package_count, order_id, project_package_id, supporting_project_id) VALUES (2018, '["기본"]', 10, 2018, 60, 2018);
INSERT INTO supporting_projects(supporting_project_id, supported_at, delivery_id, payment_id, project_id, user_id) VALUES (2019, (SELECT projects.end_date - INTERVAL 35 DAY FROM projects WHERE projects.id=60), 2019, 2019, 60, 21);
INSERT INTO orders (order_id, created_at, delivery_id, payment_id, supporting_project_id) VALUES (2019, (SELECT projects.end_date - INTERVAL 35 DAY FROM projects WHERE projects.id=60), 1, 2019, 2019);
INSERT INTO supporting_packages(id, option_list, package_count, order_id, project_package_id, supporting_project_id) VALUES (2019, '["한정판"]', 3, 2019, 60, 2019);
INSERT INTO supporting_projects(supporting_project_id, supported_at, delivery_id, payment_id, project_id, user_id) VALUES (2020, (SELECT projects.end_date - INTERVAL 19 DAY FROM projects WHERE projects.id=60), 2020, 2020, 60, 33);
INSERT INTO orders (order_id, created_at, delivery_id, payment_id, supporting_project_id) VALUES (2020, (SELECT projects.end_date - INTERVAL 19 DAY FROM projects WHERE projects.id=60), 1, 2020, 2020);
INSERT INTO supporting_packages(id, option_list, package_count, order_id, project_package_id, supporting_project_id) VALUES (2020, '["한정판"]', 5, 2020, 60, 2020);
INSERT INTO supporting_projects(supporting_project_id, supported_at, delivery_id, payment_id, project_id, user_id) VALUES (2021, (SELECT projects.end_date - INTERVAL 44 DAY FROM projects WHERE projects.id=60), 2021, 2021, 60, 13);
INSERT INTO orders (order_id, created_at, delivery_id, payment_id, supporting_project_id) VALUES (2021, (SELECT projects.end_date - INTERVAL 44 DAY FROM projects WHERE projects.id=60), 1, 2021, 2021);
INSERT INTO supporting_packages(id, option_list, package_count, order_id, project_package_id, supporting_project_id) VALUES (2021, '["한정판"]', 2, 2021, 60, 2021);
INSERT INTO supporting_projects(supporting_project_id, supported_at, delivery_id, payment_id, project_id, user_id) VALUES (2022, (SELECT projects.end_date - INTERVAL 37 DAY FROM projects WHERE projects.id=60), 2022, 2022, 60, 27);
INSERT INTO orders (order_id, created_at, delivery_id, payment_id, supporting_project_id) VALUES (2022, (SELECT projects.end_date - INTERVAL 37 DAY FROM projects WHERE projects.id=60), 1, 2022, 2022);
INSERT INTO supporting_packages(id, option_list, package_count, order_id, project_package_id, supporting_project_id) VALUES (2022, '["기본"]', 4, 2022, 60, 2022);
INSERT INTO supporting_projects(supporting_project_id, supported_at, delivery_id, payment_id, project_id, user_id) VALUES (2023, (SELECT projects.end_date - INTERVAL 49 DAY FROM projects WHERE projects.id=60), 2023, 2023, 60, 39);
INSERT INTO orders (order_id, created_at, delivery_id, payment_id, supporting_project_id) VALUES (2023, (SELECT projects.end_date - INTERVAL 49 DAY FROM projects WHERE projects.id=60), 1, 2023, 2023);
INSERT INTO supporting_packages(id, option_list, package_count, order_id, project_package_id, supporting_project_id) VALUES (2023, '["기본"]', 2, 2023, 60, 2023);
INSERT INTO supporting_projects(supporting_project_id, supported_at, delivery_id, payment_id, project_id, user_id) VALUES (2024, (SELECT projects.end_date - INTERVAL 50 DAY FROM projects WHERE projects.id=60), 2024, 2024, 60, 23);
INSERT INTO orders (order_id, created_at, delivery_id, payment_id, supporting_project_id) VALUES (2024, (SELECT projects.end_date - INTERVAL 50 DAY FROM projects WHERE projects.id=60), 1, 2024, 2024);
INSERT INTO supporting_packages(id, option_list, package_count, order_id, project_package_id, supporting_project_id) VALUES (2024, '["한정판"]', 6, 2024, 60, 2024);
INSERT INTO supporting_projects(supporting_project_id, supported_at, delivery_id, payment_id, project_id, user_id) VALUES (2025, (SELECT projects.end_date - INTERVAL 23 DAY FROM projects WHERE projects.id=60), 2025, 2025, 60, 34);
INSERT INTO orders (order_id, created_at, delivery_id, payment_id, supporting_project_id) VALUES (2025, (SELECT projects.end_date - INTERVAL 23 DAY FROM projects WHERE projects.id=60), 1, 2025, 2025);
INSERT INTO supporting_packages(id, option_list, package_count, order_id, project_package_id, supporting_project_id) VALUES (2025, '["기본"]', 8, 2025, 60, 2025);
INSERT INTO supporting_projects(supporting_project_id, supported_at, delivery_id, payment_id, project_id, user_id) VALUES (2026, (SELECT projects.end_date - INTERVAL 42 DAY FROM projects WHERE projects.id=60), 2026, 2026, 60, 22);
INSERT INTO orders (order_id, created_at, delivery_id, payment_id, supporting_project_id) VALUES (2026, (SELECT projects.end_date - INTERVAL 42 DAY FROM projects WHERE projects.id=60), 1, 2026, 2026);
INSERT INTO supporting_packages(id, option_list, package_count, order_id, project_package_id, supporting_project_id) VALUES (2026, '["한정판"]', 8, 2026, 60, 2026);
INSERT INTO supporting_projects(supporting_project_id, supported_at, delivery_id, payment_id, project_id, user_id) VALUES (2027, (SELECT projects.end_date - INTERVAL 7 DAY FROM projects WHERE projects.id=60), 2027, 2027, 60, 36);
INSERT INTO orders (order_id, created_at, delivery_id, payment_id, supporting_project_id) VALUES (2027, (SELECT projects.end_date - INTERVAL 7 DAY FROM projects WHERE projects.id=60), 1, 2027, 2027);
INSERT INTO supporting_packages(id, option_list, package_count, order_id, project_package_id, supporting_project_id) VALUES (2027, '["한정판"]', 7, 2027, 60, 2027);
INSERT INTO supporting_projects(supporting_project_id, supported_at, delivery_id, payment_id, project_id, user_id) VALUES (2028, (SELECT projects.end_date - INTERVAL 27 DAY FROM projects WHERE projects.id=60), 2028, 2028, 60, 4);
INSERT INTO orders (order_id, created_at, delivery_id, payment_id, supporting_project_id) VALUES (2028, (SELECT projects.end_date - INTERVAL 27 DAY FROM projects WHERE projects.id=60), 1, 2028, 2028);
INSERT INTO supporting_packages(id, option_list, package_count, order_id, project_package_id, supporting_project_id) VALUES (2028, '["한정판"]', 6, 2028, 60, 2028);
INSERT INTO supporting_projects(supporting_project_id, supported_at, delivery_id, payment_id, project_id, user_id) VALUES (2029, (SELECT projects.end_date - INTERVAL 35 DAY FROM projects WHERE projects.id=60), 2029, 2029, 60, 36);
INSERT INTO orders (order_id, created_at, delivery_id, payment_id, supporting_project_id) VALUES (2029, (SELECT projects.end_date - INTERVAL 35 DAY FROM projects WHERE projects.id=60), 1, 2029, 2029);
INSERT INTO supporting_packages(id, option_list, package_count, order_id, project_package_id, supporting_project_id) VALUES (2029, '["한정판"]', 10, 2029, 60, 2029);
INSERT INTO supporting_projects(supporting_project_id, supported_at, delivery_id, payment_id, project_id, user_id) VALUES (2030, (SELECT projects.end_date - INTERVAL 29 DAY FROM projects WHERE projects.id=60), 2030, 2030, 60, 35);
INSERT INTO orders (order_id, created_at, delivery_id, payment_id, supporting_project_id) VALUES (2030, (SELECT projects.end_date - INTERVAL 29 DAY FROM projects WHERE projects.id=60), 1, 2030, 2030);
INSERT INTO supporting_packages(id, option_list, package_count, order_id, project_package_id, supporting_project_id) VALUES (2030, '["기본"]', 2, 2030, 60, 2030);
INSERT INTO supporting_projects(supporting_project_id, supported_at, delivery_id, payment_id, project_id, user_id) VALUES (2031, (SELECT projects.end_date - INTERVAL 24 DAY FROM projects WHERE projects.id=60), 2031, 2031, 60, 37);
INSERT INTO orders (order_id, created_at, delivery_id, payment_id, supporting_project_id) VALUES (2031, (SELECT projects.end_date - INTERVAL 24 DAY FROM projects WHERE projects.id=60), 1, 2031, 2031);
INSERT INTO supporting_packages(id, option_list, package_count, order_id, project_package_id, supporting_project_id) VALUES (2031, '["기본"]', 7, 2031, 60, 2031);
INSERT INTO supporting_projects(supporting_project_id, supported_at, delivery_id, payment_id, project_id, user_id) VALUES (2032, (SELECT projects.end_date - INTERVAL 31 DAY FROM projects WHERE projects.id=60), 2032, 2032, 60, 16);
INSERT INTO orders (order_id, created_at, delivery_id, payment_id, supporting_project_id) VALUES (2032, (SELECT projects.end_date - INTERVAL 31 DAY FROM projects WHERE projects.id=60), 1, 2032, 2032);
INSERT INTO supporting_packages(id, option_list, package_count, order_id, project_package_id, supporting_project_id) VALUES (2032, '["프리미엄"]', 6, 2032, 60, 2032);
INSERT INTO supporting_projects(supporting_project_id, supported_at, delivery_id, payment_id, project_id, user_id) VALUES (2033, (SELECT projects.end_date - INTERVAL 35 DAY FROM projects WHERE projects.id=60), 2033, 2033, 60, 18);
INSERT INTO orders (order_id, created_at, delivery_id, payment_id, supporting_project_id) VALUES (2033, (SELECT projects.end_date - INTERVAL 35 DAY FROM projects WHERE projects.id=60), 1, 2033, 2033);
INSERT INTO supporting_packages(id, option_list, package_count, order_id, project_package_id, supporting_project_id) VALUES (2033, '["기본"]', 4, 2033, 60, 2033);
INSERT INTO supporting_projects(supporting_project_id, supported_at, delivery_id, payment_id, project_id, user_id) VALUES (2034, (SELECT projects.end_date - INTERVAL 8 DAY FROM projects WHERE projects.id=60), 2034, 2034, 60, 9);
INSERT INTO orders (order_id, created_at, delivery_id, payment_id, supporting_project_id) VALUES (2034, (SELECT projects.end_date - INTERVAL 8 DAY FROM projects WHERE projects.id=60), 1, 2034, 2034);
INSERT INTO supporting_packages(id, option_list, package_count, order_id, project_package_id, supporting_project_id) VALUES (2034, '["프리미엄"]', 4, 2034, 60, 2034);
INSERT INTO supporting_projects(supporting_project_id, supported_at, delivery_id, payment_id, project_id, user_id) VALUES (2035, (SELECT projects.end_date - INTERVAL 25 DAY FROM projects WHERE projects.id=60), 2035, 2035, 60, 25);
INSERT INTO orders (order_id, created_at, delivery_id, payment_id, supporting_project_id) VALUES (2035, (SELECT projects.end_date - INTERVAL 25 DAY FROM projects WHERE projects.id=60), 1, 2035, 2035);
INSERT INTO supporting_packages(id, option_list, package_count, order_id, project_package_id, supporting_project_id) VALUES (2035, '["프리미엄"]', 9, 2035, 60, 2035);
INSERT INTO supporting_projects(supporting_project_id, supported_at, delivery_id, payment_id, project_id, user_id) VALUES (2036, (SELECT projects.end_date - INTERVAL 48 DAY FROM projects WHERE projects.id=60), 2036, 2036, 60, 1);
INSERT INTO orders (order_id, created_at, delivery_id, payment_id, supporting_project_id) VALUES (2036, (SELECT projects.end_date - INTERVAL 48 DAY FROM projects WHERE projects.id=60), 1, 2036, 2036);
INSERT INTO supporting_packages(id, option_list, package_count, order_id, project_package_id, supporting_project_id) VALUES (2036, '["한정판"]', 6, 2036, 60, 2036);
INSERT INTO supporting_projects(supporting_project_id, supported_at, delivery_id, payment_id, project_id, user_id) VALUES (2037, (SELECT projects.end_date - INTERVAL 14 DAY FROM projects WHERE projects.id=60), 2037, 2037, 60, 29);
INSERT INTO orders (order_id, created_at, delivery_id, payment_id, supporting_project_id) VALUES (2037, (SELECT projects.end_date - INTERVAL 14 DAY FROM projects WHERE projects.id=60), 1, 2037, 2037);
INSERT INTO supporting_packages(id, option_list, package_count, order_id, project_package_id, supporting_project_id) VALUES (2037, '["기본"]', 10, 2037, 60, 2037);
INSERT INTO supporting_projects(supporting_project_id, supported_at, delivery_id, payment_id, project_id, user_id) VALUES (2038, (SELECT projects.end_date - INTERVAL 31 DAY FROM projects WHERE projects.id=60), 2038, 2038, 60, 13);
INSERT INTO orders (order_id, created_at, delivery_id, payment_id, supporting_project_id) VALUES (2038, (SELECT projects.end_date - INTERVAL 31 DAY FROM projects WHERE projects.id=60), 1, 2038, 2038);
INSERT INTO supporting_packages(id, option_list, package_count, order_id, project_package_id, supporting_project_id) VALUES (2038, '["기본"]', 10, 2038, 60, 2038);
INSERT INTO supporting_projects(supporting_project_id, supported_at, delivery_id, payment_id, project_id, user_id) VALUES (2039, (SELECT projects.end_date - INTERVAL 12 DAY FROM projects WHERE projects.id=60), 2039, 2039, 60, 13);
INSERT INTO orders (order_id, created_at, delivery_id, payment_id, supporting_project_id) VALUES (2039, (SELECT projects.end_date - INTERVAL 12 DAY FROM projects WHERE projects.id=60), 1, 2039, 2039);
INSERT INTO supporting_packages(id, option_list, package_count, order_id, project_package_id, supporting_project_id) VALUES (2039, '["프리미엄"]', 1, 2039, 60, 2039);
INSERT INTO supporting_projects(supporting_project_id, supported_at, delivery_id, payment_id, project_id, user_id) VALUES (2040, (SELECT projects.end_date - INTERVAL 37 DAY FROM projects WHERE projects.id=60), 2040, 2040, 60, 35);
INSERT INTO orders (order_id, created_at, delivery_id, payment_id, supporting_project_id) VALUES (2040, (SELECT projects.end_date - INTERVAL 37 DAY FROM projects WHERE projects.id=60), 1, 2040, 2040);
INSERT INTO supporting_packages(id, option_list, package_count, order_id, project_package_id, supporting_project_id) VALUES (2040, '["기본"]', 5, 2040, 60, 2040);
INSERT INTO supporting_projects(supporting_project_id, supported_at, delivery_id, payment_id, project_id, user_id) VALUES (2041, (SELECT projects.end_date - INTERVAL 10 DAY FROM projects WHERE projects.id=60), 2041, 2041, 60, 16);
INSERT INTO orders (order_id, created_at, delivery_id, payment_id, supporting_project_id) VALUES (2041, (SELECT projects.end_date - INTERVAL 10 DAY FROM projects WHERE projects.id=60), 1, 2041, 2041);
INSERT INTO supporting_packages(id, option_list, package_count, order_id, project_package_id, supporting_project_id) VALUES (2041, '["기본"]', 9, 2041, 60, 2041);
INSERT INTO supporting_projects(supporting_project_id, supported_at, delivery_id, payment_id, project_id, user_id) VALUES (2042, (SELECT projects.end_date - INTERVAL 34 DAY FROM projects WHERE projects.id=60), 2042, 2042, 60, 37);
INSERT INTO orders (order_id, created_at, delivery_id, payment_id, supporting_project_id) VALUES (2042, (SELECT projects.end_date - INTERVAL 34 DAY FROM projects WHERE projects.id=60), 1, 2042, 2042);
INSERT INTO supporting_packages(id, option_list, package_count, order_id, project_package_id, supporting_project_id) VALUES (2042, '["기본"]', 6, 2042, 60, 2042);
INSERT INTO supporting_projects(supporting_project_id, supported_at, delivery_id, payment_id, project_id, user_id) VALUES (2043, (SELECT projects.end_date - INTERVAL 38 DAY FROM projects WHERE projects.id=60), 2043, 2043, 60, 12);
INSERT INTO orders (order_id, created_at, delivery_id, payment_id, supporting_project_id) VALUES (2043, (SELECT projects.end_date - INTERVAL 38 DAY FROM projects WHERE projects.id=60), 1, 2043, 2043);
INSERT INTO supporting_packages(id, option_list, package_count, order_id, project_package_id, supporting_project_id) VALUES (2043, '["기본"]', 8, 2043, 60, 2043);
INSERT INTO supporting_projects(supporting_project_id, supported_at, delivery_id, payment_id, project_id, user_id) VALUES (2044, (SELECT projects.end_date - INTERVAL 29 DAY FROM projects WHERE projects.id=60), 2044, 2044, 60, 3);
INSERT INTO orders (order_id, created_at, delivery_id, payment_id, supporting_project_id) VALUES (2044, (SELECT projects.end_date - INTERVAL 29 DAY FROM projects WHERE projects.id=60), 1, 2044, 2044);
INSERT INTO supporting_packages(id, option_list, package_count, order_id, project_package_id, supporting_project_id) VALUES (2044, '["한정판"]', 4, 2044, 60, 2044);
INSERT INTO supporting_projects(supporting_project_id, supported_at, delivery_id, payment_id, project_id, user_id) VALUES (2045, (SELECT projects.end_date - INTERVAL 32 DAY FROM projects WHERE projects.id=60), 2045, 2045, 60, 23);
INSERT INTO orders (order_id, created_at, delivery_id, payment_id, supporting_project_id) VALUES (2045, (SELECT projects.end_date - INTERVAL 32 DAY FROM projects WHERE projects.id=60), 1, 2045, 2045);
INSERT INTO supporting_packages(id, option_list, package_count, order_id, project_package_id, supporting_project_id) VALUES (2045, '["한정판"]', 8, 2045, 60, 2045);
INSERT INTO supporting_projects(supporting_project_id, supported_at, delivery_id, payment_id, project_id, user_id) VALUES (2046, (SELECT projects.end_date - INTERVAL 13 DAY FROM projects WHERE projects.id=60), 2046, 2046, 60, 12);
INSERT INTO orders (order_id, created_at, delivery_id, payment_id, supporting_project_id) VALUES (2046, (SELECT projects.end_date - INTERVAL 13 DAY FROM projects WHERE projects.id=60), 1, 2046, 2046);
INSERT INTO supporting_packages(id, option_list, package_count, order_id, project_package_id, supporting_project_id) VALUES (2046, '["프리미엄"]', 3, 2046, 60, 2046);
INSERT INTO supporting_projects(supporting_project_id, supported_at, delivery_id, payment_id, project_id, user_id) VALUES (2047, (SELECT projects.end_date - INTERVAL 17 DAY FROM projects WHERE projects.id=60), 2047, 2047, 60, 33);
INSERT INTO orders (order_id, created_at, delivery_id, payment_id, supporting_project_id) VALUES (2047, (SELECT projects.end_date - INTERVAL 17 DAY FROM projects WHERE projects.id=60), 1, 2047, 2047);
INSERT INTO supporting_packages(id, option_list, package_count, order_id, project_package_id, supporting_project_id) VALUES (2047, '["기본"]', 8, 2047, 60, 2047);
INSERT INTO supporting_projects(supporting_project_id, supported_at, delivery_id, payment_id, project_id, user_id) VALUES (2048, (SELECT projects.end_date - INTERVAL 42 DAY FROM projects WHERE projects.id=60), 2048, 2048, 60, 13);
INSERT INTO orders (order_id, created_at, delivery_id, payment_id, supporting_project_id) VALUES (2048, (SELECT projects.end_date - INTERVAL 42 DAY FROM projects WHERE projects.id=60), 1, 2048, 2048);
INSERT INTO supporting_packages(id, option_list, package_count, order_id, project_package_id, supporting_project_id) VALUES (2048, '["한정판"]', 2, 2048, 60, 2048);
INSERT INTO supporting_projects(supporting_project_id, supported_at, delivery_id, payment_id, project_id, user_id) VALUES (2049, (SELECT projects.end_date - INTERVAL 35 DAY FROM projects WHERE projects.id=60), 2049, 2049, 60, 38);
INSERT INTO orders (order_id, created_at, delivery_id, payment_id, supporting_project_id) VALUES (2049, (SELECT projects.end_date - INTERVAL 35 DAY FROM projects WHERE projects.id=60), 1, 2049, 2049);
INSERT INTO supporting_packages(id, option_list, package_count, order_id, project_package_id, supporting_project_id) VALUES (2049, '["프리미엄"]', 4, 2049, 60, 2049);
INSERT INTO supporting_projects(supporting_project_id, supported_at, delivery_id, payment_id, project_id, user_id) VALUES (2050, (SELECT projects.end_date - INTERVAL 47 DAY FROM projects WHERE projects.id=60), 2050, 2050, 60, 27);
INSERT INTO orders (order_id, created_at, delivery_id, payment_id, supporting_project_id) VALUES (2050, (SELECT projects.end_date - INTERVAL 47 DAY FROM projects WHERE projects.id=60), 1, 2050, 2050);
INSERT INTO supporting_packages(id, option_list, package_count, order_id, project_package_id, supporting_project_id) VALUES (2050, '["기본"]', 3, 2050, 60, 2050);
INSERT INTO supporting_projects(supporting_project_id, supported_at, delivery_id, payment_id, project_id, user_id) VALUES (2051, (SELECT projects.end_date - INTERVAL 17 DAY FROM projects WHERE projects.id=60), 2051, 2051, 60, 34);
INSERT INTO orders (order_id, created_at, delivery_id, payment_id, supporting_project_id) VALUES (2051, (SELECT projects.end_date - INTERVAL 17 DAY FROM projects WHERE projects.id=60), 1, 2051, 2051);
INSERT INTO supporting_packages(id, option_list, package_count, order_id, project_package_id, supporting_project_id) VALUES (2051, '["한정판"]', 2, 2051, 60, 2051);
INSERT INTO supporting_projects(supporting_project_id, supported_at, delivery_id, payment_id, project_id, user_id) VALUES (2052, (SELECT projects.end_date - INTERVAL 43 DAY FROM projects WHERE projects.id=60), 2052, 2052, 60, 38);
INSERT INTO orders (order_id, created_at, delivery_id, payment_id, supporting_project_id) VALUES (2052, (SELECT projects.end_date - INTERVAL 43 DAY FROM projects WHERE projects.id=60), 1, 2052, 2052);
INSERT INTO supporting_packages(id, option_list, package_count, order_id, project_package_id, supporting_project_id) VALUES (2052, '["프리미엄"]', 4, 2052, 60, 2052);
INSERT INTO supporting_projects(supporting_project_id, supported_at, delivery_id, payment_id, project_id, user_id) VALUES (2053, (SELECT projects.end_date - INTERVAL 13 DAY FROM projects WHERE projects.id=60), 2053, 2053, 60, 2);
INSERT INTO orders (order_id, created_at, delivery_id, payment_id, supporting_project_id) VALUES (2053, (SELECT projects.end_date - INTERVAL 13 DAY FROM projects WHERE projects.id=60), 1, 2053, 2053);
INSERT INTO supporting_packages(id, option_list, package_count, order_id, project_package_id, supporting_project_id) VALUES (2053, '["한정판"]', 5, 2053, 60, 2053);
INSERT INTO supporting_projects(supporting_project_id, supported_at, delivery_id, payment_id, project_id, user_id) VALUES (2054, (SELECT projects.end_date - INTERVAL 28 DAY FROM projects WHERE projects.id=60), 2054, 2054, 60, 38);
INSERT INTO orders (order_id, created_at, delivery_id, payment_id, supporting_project_id) VALUES (2054, (SELECT projects.end_date - INTERVAL 28 DAY FROM projects WHERE projects.id=60), 1, 2054, 2054);
INSERT INTO supporting_packages(id, option_list, package_count, order_id, project_package_id, supporting_project_id) VALUES (2054, '["기본"]', 6, 2054, 60, 2054);
INSERT INTO supporting_projects(supporting_project_id, supported_at, delivery_id, payment_id, project_id, user_id) VALUES (2055, (SELECT projects.end_date - INTERVAL 17 DAY FROM projects WHERE projects.id=60), 2055, 2055, 60, 23);
INSERT INTO orders (order_id, created_at, delivery_id, payment_id, supporting_project_id) VALUES (2055, (SELECT projects.end_date - INTERVAL 17 DAY FROM projects WHERE projects.id=60), 1, 2055, 2055);
INSERT INTO supporting_packages(id, option_list, package_count, order_id, project_package_id, supporting_project_id) VALUES (2055, '["기본"]', 5, 2055, 60, 2055);
INSERT INTO supporting_projects(supporting_project_id, supported_at, delivery_id, payment_id, project_id, user_id) VALUES (2056, (SELECT projects.end_date - INTERVAL 43 DAY FROM projects WHERE projects.id=60), 2056, 2056, 60, 4);
INSERT INTO orders (order_id, created_at, delivery_id, payment_id, supporting_project_id) VALUES (2056, (SELECT projects.end_date - INTERVAL 43 DAY FROM projects WHERE projects.id=60), 1, 2056, 2056);
INSERT INTO supporting_packages(id, option_list, package_count, order_id, project_package_id, supporting_project_id) VALUES (2056, '["한정판"]', 1, 2056, 60, 2056);
INSERT INTO supporting_projects(supporting_project_id, supported_at, delivery_id, payment_id, project_id, user_id) VALUES (2057, (SELECT projects.end_date - INTERVAL 12 DAY FROM projects WHERE projects.id=60), 2057, 2057, 60, 33);
INSERT INTO orders (order_id, created_at, delivery_id, payment_id, supporting_project_id) VALUES (2057, (SELECT projects.end_date - INTERVAL 12 DAY FROM projects WHERE projects.id=60), 1, 2057, 2057);
INSERT INTO supporting_packages(id, option_list, package_count, order_id, project_package_id, supporting_project_id) VALUES (2057, '["기본"]', 8, 2057, 60, 2057);
INSERT INTO supporting_projects(supporting_project_id, supported_at, delivery_id, payment_id, project_id, user_id) VALUES (2058, (SELECT projects.end_date - INTERVAL 37 DAY FROM projects WHERE projects.id=60), 2058, 2058, 60, 13);
INSERT INTO orders (order_id, created_at, delivery_id, payment_id, supporting_project_id) VALUES (2058, (SELECT projects.end_date - INTERVAL 37 DAY FROM projects WHERE projects.id=60), 1, 2058, 2058);
INSERT INTO supporting_packages(id, option_list, package_count, order_id, project_package_id, supporting_project_id) VALUES (2058, '["기본"]', 7, 2058, 60, 2058);
INSERT INTO supporting_projects(supporting_project_id, supported_at, delivery_id, payment_id, project_id, user_id) VALUES (2059, (SELECT projects.end_date - INTERVAL 19 DAY FROM projects WHERE projects.id=60), 2059, 2059, 60, 27);
INSERT INTO orders (order_id, created_at, delivery_id, payment_id, supporting_project_id) VALUES (2059, (SELECT projects.end_date - INTERVAL 19 DAY FROM projects WHERE projects.id=60), 1, 2059, 2059);
INSERT INTO supporting_packages(id, option_list, package_count, order_id, project_package_id, supporting_project_id) VALUES (2059, '["프리미엄"]', 2, 2059, 60, 2059);
INSERT INTO supporting_projects(supporting_project_id, supported_at, delivery_id, payment_id, project_id, user_id) VALUES (2060, (SELECT projects.end_date - INTERVAL 21 DAY FROM projects WHERE projects.id=60), 2060, 2060, 60, 28);
INSERT INTO orders (order_id, created_at, delivery_id, payment_id, supporting_project_id) VALUES (2060, (SELECT projects.end_date - INTERVAL 21 DAY FROM projects WHERE projects.id=60), 1, 2060, 2060);
INSERT INTO supporting_packages(id, option_list, package_count, order_id, project_package_id, supporting_project_id) VALUES (2060, '["프리미엄"]', 3, 2060, 60, 2060);
INSERT INTO supporting_projects(supporting_project_id, supported_at, delivery_id, payment_id, project_id, user_id) VALUES (2061, (SELECT projects.end_date - INTERVAL 9 DAY FROM projects WHERE projects.id=60), 2061, 2061, 60, 9);
INSERT INTO orders (order_id, created_at, delivery_id, payment_id, supporting_project_id) VALUES (2061, (SELECT projects.end_date - INTERVAL 9 DAY FROM projects WHERE projects.id=60), 1, 2061, 2061);
INSERT INTO supporting_packages(id, option_list, package_count, order_id, project_package_id, supporting_project_id) VALUES (2061, '["한정판"]', 2, 2061, 60, 2061);
INSERT INTO supporting_projects(supporting_project_id, supported_at, delivery_id, payment_id, project_id, user_id) VALUES (2062, (SELECT projects.end_date - INTERVAL 14 DAY FROM projects WHERE projects.id=60), 2062, 2062, 60, 30);
INSERT INTO orders (order_id, created_at, delivery_id, payment_id, supporting_project_id) VALUES (2062, (SELECT projects.end_date - INTERVAL 14 DAY FROM projects WHERE projects.id=60), 1, 2062, 2062);
INSERT INTO supporting_packages(id, option_list, package_count, order_id, project_package_id, supporting_project_id) VALUES (2062, '["기본"]', 6, 2062, 60, 2062);
INSERT INTO supporting_projects(supporting_project_id, supported_at, delivery_id, payment_id, project_id, user_id) VALUES (2063, (SELECT projects.end_date - INTERVAL 40 DAY FROM projects WHERE projects.id=60), 2063, 2063, 60, 5);
INSERT INTO orders (order_id, created_at, delivery_id, payment_id, supporting_project_id) VALUES (2063, (SELECT projects.end_date - INTERVAL 40 DAY FROM projects WHERE projects.id=60), 1, 2063, 2063);
INSERT INTO supporting_packages(id, option_list, package_count, order_id, project_package_id, supporting_project_id) VALUES (2063, '["기본"]', 5, 2063, 60, 2063);
INSERT INTO supporting_projects(supporting_project_id, supported_at, delivery_id, payment_id, project_id, user_id) VALUES (2064, (SELECT projects.end_date - INTERVAL 18 DAY FROM projects WHERE projects.id=60), 2064, 2064, 60, 35);
INSERT INTO orders (order_id, created_at, delivery_id, payment_id, supporting_project_id) VALUES (2064, (SELECT projects.end_date - INTERVAL 18 DAY FROM projects WHERE projects.id=60), 1, 2064, 2064);
INSERT INTO supporting_packages(id, option_list, package_count, order_id, project_package_id, supporting_project_id) VALUES (2064, '["프리미엄"]', 4, 2064, 60, 2064);
INSERT INTO supporting_projects(supporting_project_id, supported_at, delivery_id, payment_id, project_id, user_id) VALUES (2065, (SELECT projects.end_date - INTERVAL 36 DAY FROM projects WHERE projects.id=60), 2065, 2065, 60, 20);
INSERT INTO orders (order_id, created_at, delivery_id, payment_id, supporting_project_id) VALUES (2065, (SELECT projects.end_date - INTERVAL 36 DAY FROM projects WHERE projects.id=60), 1, 2065, 2065);
INSERT INTO supporting_packages(id, option_list, package_count, order_id, project_package_id, supporting_project_id) VALUES (2065, '["프리미엄"]', 4, 2065, 60, 2065);
INSERT INTO supporting_projects(supporting_project_id, supported_at, delivery_id, payment_id, project_id, user_id) VALUES (2066, (SELECT projects.end_date - INTERVAL 24 DAY FROM projects WHERE projects.id=60), 2066, 2066, 60, 16);
INSERT INTO orders (order_id, created_at, delivery_id, payment_id, supporting_project_id) VALUES (2066, (SELECT projects.end_date - INTERVAL 24 DAY FROM projects WHERE projects.id=60), 1, 2066, 2066);
INSERT INTO supporting_packages(id, option_list, package_count, order_id, project_package_id, supporting_project_id) VALUES (2066, '["프리미엄"]', 5, 2066, 60, 2066);
INSERT INTO supporting_projects(supporting_project_id, supported_at, delivery_id, payment_id, project_id, user_id) VALUES (2067, (SELECT projects.end_date - INTERVAL 37 DAY FROM projects WHERE projects.id=60), 2067, 2067, 60, 29);
INSERT INTO orders (order_id, created_at, delivery_id, payment_id, supporting_project_id) VALUES (2067, (SELECT projects.end_date - INTERVAL 37 DAY FROM projects WHERE projects.id=60), 1, 2067, 2067);
INSERT INTO supporting_packages(id, option_list, package_count, order_id, project_package_id, supporting_project_id) VALUES (2067, '["프리미엄"]', 6, 2067, 60, 2067);
INSERT INTO supporting_projects(supporting_project_id, supported_at, delivery_id, payment_id, project_id, user_id) VALUES (2068, (SELECT projects.end_date - INTERVAL 44 DAY FROM projects WHERE projects.id=60), 2068, 2068, 60, 10);
INSERT INTO orders (order_id, created_at, delivery_id, payment_id, supporting_project_id) VALUES (2068, (SELECT projects.end_date - INTERVAL 44 DAY FROM projects WHERE projects.id=60), 1, 2068, 2068);
INSERT INTO supporting_packages(id, option_list, package_count, order_id, project_package_id, supporting_project_id) VALUES (2068, '["한정판"]', 10, 2068, 60, 2068);
INSERT INTO supporting_projects(supporting_project_id, supported_at, delivery_id, payment_id, project_id, user_id) VALUES (2069, (SELECT projects.end_date - INTERVAL 34 DAY FROM projects WHERE projects.id=60), 2069, 2069, 60, 21);
INSERT INTO orders (order_id, created_at, delivery_id, payment_id, supporting_project_id) VALUES (2069, (SELECT projects.end_date - INTERVAL 34 DAY FROM projects WHERE projects.id=60), 1, 2069, 2069);
INSERT INTO supporting_packages(id, option_list, package_count, order_id, project_package_id, supporting_project_id) VALUES (2069, '["기본"]', 2, 2069, 60, 2069);
INSERT INTO supporting_projects(supporting_project_id, supported_at, delivery_id, payment_id, project_id, user_id) VALUES (2070, (SELECT projects.end_date - INTERVAL 24 DAY FROM projects WHERE projects.id=60), 2070, 2070, 60, 25);
INSERT INTO orders (order_id, created_at, delivery_id, payment_id, supporting_project_id) VALUES (2070, (SELECT projects.end_date - INTERVAL 24 DAY FROM projects WHERE projects.id=60), 1, 2070, 2070);
INSERT INTO supporting_packages(id, option_list, package_count, order_id, project_package_id, supporting_project_id) VALUES (2070, '["프리미엄"]', 9, 2070, 60, 2070);
INSERT INTO supporting_projects(supporting_project_id, supported_at, delivery_id, payment_id, project_id, user_id) VALUES (2071, (SELECT projects.end_date - INTERVAL 32 DAY FROM projects WHERE projects.id=60), 2071, 2071, 60, 3);
INSERT INTO orders (order_id, created_at, delivery_id, payment_id, supporting_project_id) VALUES (2071, (SELECT projects.end_date - INTERVAL 32 DAY FROM projects WHERE projects.id=60), 1, 2071, 2071);
INSERT INTO supporting_packages(id, option_list, package_count, order_id, project_package_id, supporting_project_id) VALUES (2071, '["프리미엄"]', 8, 2071, 60, 2071);
INSERT INTO supporting_projects(supporting_project_id, supported_at, delivery_id, payment_id, project_id, user_id) VALUES (2072, (SELECT projects.end_date - INTERVAL 23 DAY FROM projects WHERE projects.id=60), 2072, 2072, 60, 1);
INSERT INTO orders (order_id, created_at, delivery_id, payment_id, supporting_project_id) VALUES (2072, (SELECT projects.end_date - INTERVAL 23 DAY FROM projects WHERE projects.id=60), 1, 2072, 2072);
INSERT INTO supporting_packages(id, option_list, package_count, order_id, project_package_id, supporting_project_id) VALUES (2072, '["한정판"]', 2, 2072, 60, 2072);
INSERT INTO supporting_projects(supporting_project_id, supported_at, delivery_id, payment_id, project_id, user_id) VALUES (2073, (SELECT projects.end_date - INTERVAL 35 DAY FROM projects WHERE projects.id=60), 2073, 2073, 60, 18);
INSERT INTO orders (order_id, created_at, delivery_id, payment_id, supporting_project_id) VALUES (2073, (SELECT projects.end_date - INTERVAL 35 DAY FROM projects WHERE projects.id=60), 1, 2073, 2073);
INSERT INTO supporting_packages(id, option_list, package_count, order_id, project_package_id, supporting_project_id) VALUES (2073, '["프리미엄"]', 9, 2073, 60, 2073);
INSERT INTO supporting_projects(supporting_project_id, supported_at, delivery_id, payment_id, project_id, user_id) VALUES (2074, (SELECT projects.end_date - INTERVAL 18 DAY FROM projects WHERE projects.id=60), 2074, 2074, 60, 38);
INSERT INTO orders (order_id, created_at, delivery_id, payment_id, supporting_project_id) VALUES (2074, (SELECT projects.end_date - INTERVAL 18 DAY FROM projects WHERE projects.id=60), 1, 2074, 2074);
INSERT INTO supporting_packages(id, option_list, package_count, order_id, project_package_id, supporting_project_id) VALUES (2074, '["기본"]', 5, 2074, 60, 2074);
INSERT INTO supporting_projects(supporting_project_id, supported_at, delivery_id, payment_id, project_id, user_id) VALUES (2075, (SELECT projects.end_date - INTERVAL 42 DAY FROM projects WHERE projects.id=60), 2075, 2075, 60, 16);
INSERT INTO orders (order_id, created_at, delivery_id, payment_id, supporting_project_id) VALUES (2075, (SELECT projects.end_date - INTERVAL 42 DAY FROM projects WHERE projects.id=60), 1, 2075, 2075);
INSERT INTO supporting_packages(id, option_list, package_count, order_id, project_package_id, supporting_project_id) VALUES (2075, '["프리미엄"]', 8, 2075, 60, 2075);
INSERT INTO supporting_projects(supporting_project_id, supported_at, delivery_id, payment_id, project_id, user_id) VALUES (2076, (SELECT projects.end_date - INTERVAL 35 DAY FROM projects WHERE projects.id=60), 2076, 2076, 60, 31);
INSERT INTO orders (order_id, created_at, delivery_id, payment_id, supporting_project_id) VALUES (2076, (SELECT projects.end_date - INTERVAL 35 DAY FROM projects WHERE projects.id=60), 1, 2076, 2076);
INSERT INTO supporting_packages(id, option_list, package_count, order_id, project_package_id, supporting_project_id) VALUES (2076, '["한정판"]', 7, 2076, 60, 2076);
INSERT INTO supporting_projects(supporting_project_id, supported_at, delivery_id, payment_id, project_id, user_id) VALUES (2077, (SELECT projects.end_date - INTERVAL 26 DAY FROM projects WHERE projects.id=60), 2077, 2077, 60, 14);
INSERT INTO orders (order_id, created_at, delivery_id, payment_id, supporting_project_id) VALUES (2077, (SELECT projects.end_date - INTERVAL 26 DAY FROM projects WHERE projects.id=60), 1, 2077, 2077);
INSERT INTO supporting_packages(id, option_list, package_count, order_id, project_package_id, supporting_project_id) VALUES (2077, '["프리미엄"]', 6, 2077, 60, 2077);
INSERT INTO supporting_projects(supporting_project_id, supported_at, delivery_id, payment_id, project_id, user_id) VALUES (2078, (SELECT projects.end_date - INTERVAL 44 DAY FROM projects WHERE projects.id=60), 2078, 2078, 60, 7);
INSERT INTO orders (order_id, created_at, delivery_id, payment_id, supporting_project_id) VALUES (2078, (SELECT projects.end_date - INTERVAL 44 DAY FROM projects WHERE projects.id=60), 1, 2078, 2078);
INSERT INTO supporting_packages(id, option_list, package_count, order_id, project_package_id, supporting_project_id) VALUES (2078, '["프리미엄"]', 2, 2078, 60, 2078);
INSERT INTO supporting_projects(supporting_project_id, supported_at, delivery_id, payment_id, project_id, user_id) VALUES (2079, (SELECT projects.end_date - INTERVAL 31 DAY FROM projects WHERE projects.id=60), 2079, 2079, 60, 28);
INSERT INTO orders (order_id, created_at, delivery_id, payment_id, supporting_project_id) VALUES (2079, (SELECT projects.end_date - INTERVAL 31 DAY FROM projects WHERE projects.id=60), 1, 2079, 2079);
INSERT INTO supporting_packages(id, option_list, package_count, order_id, project_package_id, supporting_project_id) VALUES (2079, '["기본"]', 8, 2079, 60, 2079);
INSERT INTO supporting_projects(supporting_project_id, supported_at, delivery_id, payment_id, project_id, user_id) VALUES (2080, (SELECT projects.end_date - INTERVAL 7 DAY FROM projects WHERE projects.id=60), 2080, 2080, 60, 22);
INSERT INTO orders (order_id, created_at, delivery_id, payment_id, supporting_project_id) VALUES (2080, (SELECT projects.end_date - INTERVAL 7 DAY FROM projects WHERE projects.id=60), 1, 2080, 2080);
INSERT INTO supporting_packages(id, option_list, package_count, order_id, project_package_id, supporting_project_id) VALUES (2080, '["프리미엄"]', 3, 2080, 60, 2080);
INSERT INTO supporting_projects(supporting_project_id, supported_at, delivery_id, payment_id, project_id, user_id) VALUES (2081, (SELECT projects.end_date - INTERVAL 33 DAY FROM projects WHERE projects.id=60), 2081, 2081, 60, 28);
INSERT INTO orders (order_id, created_at, delivery_id, payment_id, supporting_project_id) VALUES (2081, (SELECT projects.end_date - INTERVAL 33 DAY FROM projects WHERE projects.id=60), 1, 2081, 2081);
INSERT INTO supporting_packages(id, option_list, package_count, order_id, project_package_id, supporting_project_id) VALUES (2081, '["한정판"]', 7, 2081, 60, 2081);
INSERT INTO supporting_projects(supporting_project_id, supported_at, delivery_id, payment_id, project_id, user_id) VALUES (2082, (SELECT projects.end_date - INTERVAL 30 DAY FROM projects WHERE projects.id=60), 2082, 2082, 60, 33);
INSERT INTO orders (order_id, created_at, delivery_id, payment_id, supporting_project_id) VALUES (2082, (SELECT projects.end_date - INTERVAL 30 DAY FROM projects WHERE projects.id=60), 1, 2082, 2082);
INSERT INTO supporting_packages(id, option_list, package_count, order_id, project_package_id, supporting_project_id) VALUES (2082, '["프리미엄"]', 6, 2082, 60, 2082);
INSERT INTO supporting_projects(supporting_project_id, supported_at, delivery_id, payment_id, project_id, user_id) VALUES (2083, (SELECT projects.end_date - INTERVAL 43 DAY FROM projects WHERE projects.id=60), 2083, 2083, 60, 6);
INSERT INTO orders (order_id, created_at, delivery_id, payment_id, supporting_project_id) VALUES (2083, (SELECT projects.end_date - INTERVAL 43 DAY FROM projects WHERE projects.id=60), 1, 2083, 2083);
INSERT INTO supporting_packages(id, option_list, package_count, order_id, project_package_id, supporting_project_id) VALUES (2083, '["한정판"]', 9, 2083, 60, 2083);
INSERT INTO supporting_projects(supporting_project_id, supported_at, delivery_id, payment_id, project_id, user_id) VALUES (2084, (SELECT projects.end_date - INTERVAL 31 DAY FROM projects WHERE projects.id=60), 2084, 2084, 60, 8);
INSERT INTO orders (order_id, created_at, delivery_id, payment_id, supporting_project_id) VALUES (2084, (SELECT projects.end_date - INTERVAL 31 DAY FROM projects WHERE projects.id=60), 1, 2084, 2084);
INSERT INTO supporting_packages(id, option_list, package_count, order_id, project_package_id, supporting_project_id) VALUES (2084, '["프리미엄"]', 9, 2084, 60, 2084);
INSERT INTO supporting_projects(supporting_project_id, supported_at, delivery_id, payment_id, project_id, user_id) VALUES (2085, (SELECT projects.end_date - INTERVAL 32 DAY FROM projects WHERE projects.id=60), 2085, 2085, 60, 39);
INSERT INTO orders (order_id, created_at, delivery_id, payment_id, supporting_project_id) VALUES (2085, (SELECT projects.end_date - INTERVAL 32 DAY FROM projects WHERE projects.id=60), 1, 2085, 2085);
INSERT INTO supporting_packages(id, option_list, package_count, order_id, project_package_id, supporting_project_id) VALUES (2085, '["프리미엄"]', 6, 2085, 60, 2085);
INSERT INTO supporting_projects(supporting_project_id, supported_at, delivery_id, payment_id, project_id, user_id) VALUES (2086, (SELECT projects.end_date - INTERVAL 30 DAY FROM projects WHERE projects.id=60), 2086, 2086, 60, 33);
INSERT INTO orders (order_id, created_at, delivery_id, payment_id, supporting_project_id) VALUES (2086, (SELECT projects.end_date - INTERVAL 30 DAY FROM projects WHERE projects.id=60), 1, 2086, 2086);
INSERT INTO supporting_packages(id, option_list, package_count, order_id, project_package_id, supporting_project_id) VALUES (2086, '["한정판"]', 7, 2086, 60, 2086);
INSERT INTO supporting_projects(supporting_project_id, supported_at, delivery_id, payment_id, project_id, user_id) VALUES (2087, (SELECT projects.end_date - INTERVAL 14 DAY FROM projects WHERE projects.id=60), 2087, 2087, 60, 17);
INSERT INTO orders (order_id, created_at, delivery_id, payment_id, supporting_project_id) VALUES (2087, (SELECT projects.end_date - INTERVAL 14 DAY FROM projects WHERE projects.id=60), 1, 2087, 2087);
INSERT INTO supporting_packages(id, option_list, package_count, order_id, project_package_id, supporting_project_id) VALUES (2087, '["한정판"]', 4, 2087, 60, 2087);
INSERT INTO supporting_projects(supporting_project_id, supported_at, delivery_id, payment_id, project_id, user_id) VALUES (2088, (SELECT projects.end_date - INTERVAL 49 DAY FROM projects WHERE projects.id=60), 2088, 2088, 60, 5);
INSERT INTO orders (order_id, created_at, delivery_id, payment_id, supporting_project_id) VALUES (2088, (SELECT projects.end_date - INTERVAL 49 DAY FROM projects WHERE projects.id=60), 1, 2088, 2088);
INSERT INTO supporting_packages(id, option_list, package_count, order_id, project_package_id, supporting_project_id) VALUES (2088, '["프리미엄"]', 1, 2088, 60, 2088);
INSERT INTO supporting_projects(supporting_project_id, supported_at, delivery_id, payment_id, project_id, user_id) VALUES (2089, (SELECT projects.end_date - INTERVAL 47 DAY FROM projects WHERE projects.id=60), 2089, 2089, 60, 21);
INSERT INTO orders (order_id, created_at, delivery_id, payment_id, supporting_project_id) VALUES (2089, (SELECT projects.end_date - INTERVAL 47 DAY FROM projects WHERE projects.id=60), 1, 2089, 2089);
INSERT INTO supporting_packages(id, option_list, package_count, order_id, project_package_id, supporting_project_id) VALUES (2089, '["한정판"]', 8, 2089, 60, 2089);
INSERT INTO supporting_projects(supporting_project_id, supported_at, delivery_id, payment_id, project_id, user_id) VALUES (2090, (SELECT projects.end_date - INTERVAL 31 DAY FROM projects WHERE projects.id=60), 2090, 2090, 60, 1);
INSERT INTO orders (order_id, created_at, delivery_id, payment_id, supporting_project_id) VALUES (2090, (SELECT projects.end_date - INTERVAL 31 DAY FROM projects WHERE projects.id=60), 1, 2090, 2090);
INSERT INTO supporting_packages(id, option_list, package_count, order_id, project_package_id, supporting_project_id) VALUES (2090, '["기본"]', 3, 2090, 60, 2090);
INSERT INTO supporting_projects(supporting_project_id, supported_at, delivery_id, payment_id, project_id, user_id) VALUES (2091, (SELECT projects.end_date - INTERVAL 44 DAY FROM projects WHERE projects.id=60), 2091, 2091, 60, 12);
INSERT INTO orders (order_id, created_at, delivery_id, payment_id, supporting_project_id) VALUES (2091, (SELECT projects.end_date - INTERVAL 44 DAY FROM projects WHERE projects.id=60), 1, 2091, 2091);
INSERT INTO supporting_packages(id, option_list, package_count, order_id, project_package_id, supporting_project_id) VALUES (2091, '["한정판"]', 1, 2091, 60, 2091);
INSERT INTO supporting_projects(supporting_project_id, supported_at, delivery_id, payment_id, project_id, user_id) VALUES (2092, (SELECT projects.end_date - INTERVAL 39 DAY FROM projects WHERE projects.id=60), 2092, 2092, 60, 33);
INSERT INTO orders (order_id, created_at, delivery_id, payment_id, supporting_project_id) VALUES (2092, (SELECT projects.end_date - INTERVAL 39 DAY FROM projects WHERE projects.id=60), 1, 2092, 2092);
INSERT INTO supporting_packages(id, option_list, package_count, order_id, project_package_id, supporting_project_id) VALUES (2092, '["한정판"]', 9, 2092, 60, 2092);
INSERT INTO supporting_projects(supporting_project_id, supported_at, delivery_id, payment_id, project_id, user_id) VALUES (2093, (SELECT projects.end_date - INTERVAL 8 DAY FROM projects WHERE projects.id=60), 2093, 2093, 60, 33);
INSERT INTO orders (order_id, created_at, delivery_id, payment_id, supporting_project_id) VALUES (2093, (SELECT projects.end_date - INTERVAL 8 DAY FROM projects WHERE projects.id=60), 1, 2093, 2093);
INSERT INTO supporting_packages(id, option_list, package_count, order_id, project_package_id, supporting_project_id) VALUES (2093, '["기본"]', 5, 2093, 60, 2093);
INSERT INTO supporting_projects(supporting_project_id, supported_at, delivery_id, payment_id, project_id, user_id) VALUES (2094, (SELECT projects.end_date - INTERVAL 14 DAY FROM projects WHERE projects.id=60), 2094, 2094, 60, 26);
INSERT INTO orders (order_id, created_at, delivery_id, payment_id, supporting_project_id) VALUES (2094, (SELECT projects.end_date - INTERVAL 14 DAY FROM projects WHERE projects.id=60), 1, 2094, 2094);
INSERT INTO supporting_packages(id, option_list, package_count, order_id, project_package_id, supporting_project_id) VALUES (2094, '["한정판"]', 5, 2094, 60, 2094);
INSERT INTO supporting_projects(supporting_project_id, supported_at, delivery_id, payment_id, project_id, user_id) VALUES (2095, (SELECT projects.end_date - INTERVAL 45 DAY FROM projects WHERE projects.id=60), 2095, 2095, 60, 36);
INSERT INTO orders (order_id, created_at, delivery_id, payment_id, supporting_project_id) VALUES (2095, (SELECT projects.end_date - INTERVAL 45 DAY FROM projects WHERE projects.id=60), 1, 2095, 2095);
INSERT INTO supporting_packages(id, option_list, package_count, order_id, project_package_id, supporting_project_id) VALUES (2095, '["한정판"]', 2, 2095, 60, 2095);
INSERT INTO supporting_projects(supporting_project_id, supported_at, delivery_id, payment_id, project_id, user_id) VALUES (2096, (SELECT projects.end_date - INTERVAL 31 DAY FROM projects WHERE projects.id=60), 2096, 2096, 60, 3);
INSERT INTO orders (order_id, created_at, delivery_id, payment_id, supporting_project_id) VALUES (2096, (SELECT projects.end_date - INTERVAL 31 DAY FROM projects WHERE projects.id=60), 1, 2096, 2096);
INSERT INTO supporting_packages(id, option_list, package_count, order_id, project_package_id, supporting_project_id) VALUES (2096, '["기본"]', 2, 2096, 60, 2096);
INSERT INTO supporting_projects(supporting_project_id, supported_at, delivery_id, payment_id, project_id, user_id) VALUES (2097, (SELECT projects.end_date - INTERVAL 25 DAY FROM projects WHERE projects.id=60), 2097, 2097, 60, 20);
INSERT INTO orders (order_id, created_at, delivery_id, payment_id, supporting_project_id) VALUES (2097, (SELECT projects.end_date - INTERVAL 25 DAY FROM projects WHERE projects.id=60), 1, 2097, 2097);
INSERT INTO supporting_packages(id, option_list, package_count, order_id, project_package_id, supporting_project_id) VALUES (2097, '["프리미엄"]', 3, 2097, 60, 2097);
INSERT INTO supporting_projects(supporting_project_id, supported_at, delivery_id, payment_id, project_id, user_id) VALUES (2098, (SELECT projects.end_date - INTERVAL 10 DAY FROM projects WHERE projects.id=60), 2098, 2098, 60, 34);
INSERT INTO orders (order_id, created_at, delivery_id, payment_id, supporting_project_id) VALUES (2098, (SELECT projects.end_date - INTERVAL 10 DAY FROM projects WHERE projects.id=60), 1, 2098, 2098);
INSERT INTO supporting_packages(id, option_list, package_count, order_id, project_package_id, supporting_project_id) VALUES (2098, '["프리미엄"]', 6, 2098, 60, 2098);
INSERT INTO supporting_projects(supporting_project_id, supported_at, delivery_id, payment_id, project_id, user_id) VALUES (2099, (SELECT projects.end_date - INTERVAL 35 DAY FROM projects WHERE projects.id=60), 2099, 2099, 60, 21);
INSERT INTO orders (order_id, created_at, delivery_id, payment_id, supporting_project_id) VALUES (2099, (SELECT projects.end_date - INTERVAL 35 DAY FROM projects WHERE projects.id=60), 1, 2099, 2099);
INSERT INTO supporting_packages(id, option_list, package_count, order_id, project_package_id, supporting_project_id) VALUES (2099, '["프리미엄"]', 1, 2099, 60, 2099);
INSERT INTO supporting_projects(supporting_project_id, supported_at, delivery_id, payment_id, project_id, user_id) VALUES (2100, (SELECT projects.end_date - INTERVAL 9 DAY FROM projects WHERE projects.id=60), 2100, 2100, 60, 36);
INSERT INTO orders (order_id, created_at, delivery_id, payment_id, supporting_project_id) VALUES (2100, (SELECT projects.end_date - INTERVAL 9 DAY FROM projects WHERE projects.id=60), 1, 2100, 2100);
INSERT INTO supporting_packages(id, option_list, package_count, order_id, project_package_id, supporting_project_id) VALUES (2100, '["기본"]', 1, 2100, 60, 2100);
INSERT INTO supporting_projects(supporting_project_id, supported_at, delivery_id, payment_id, project_id, user_id) VALUES (2101, (SELECT projects.end_date - INTERVAL 44 DAY FROM projects WHERE projects.id=60), 2101, 2101, 60, 25);
INSERT INTO orders (order_id, created_at, delivery_id, payment_id, supporting_project_id) VALUES (2101, (SELECT projects.end_date - INTERVAL 44 DAY FROM projects WHERE projects.id=60), 1, 2101, 2101);
INSERT INTO supporting_packages(id, option_list, package_count, order_id, project_package_id, supporting_project_id) VALUES (2101, '["프리미엄"]', 3, 2101, 60, 2101);
INSERT INTO supporting_projects(supporting_project_id, supported_at, delivery_id, payment_id, project_id, user_id) VALUES (2102, (SELECT projects.end_date - INTERVAL 49 DAY FROM projects WHERE projects.id=60), 2102, 2102, 60, 21);
INSERT INTO orders (order_id, created_at, delivery_id, payment_id, supporting_project_id) VALUES (2102, (SELECT projects.end_date - INTERVAL 49 DAY FROM projects WHERE projects.id=60), 1, 2102, 2102);
INSERT INTO supporting_packages(id, option_list, package_count, order_id, project_package_id, supporting_project_id) VALUES (2102, '["프리미엄"]', 10, 2102, 60, 2102);
INSERT INTO supporting_projects(supporting_project_id, supported_at, delivery_id, payment_id, project_id, user_id) VALUES (2103, (SELECT projects.end_date - INTERVAL 13 DAY FROM projects WHERE projects.id=60), 2103, 2103, 60, 17);
INSERT INTO orders (order_id, created_at, delivery_id, payment_id, supporting_project_id) VALUES (2103, (SELECT projects.end_date - INTERVAL 13 DAY FROM projects WHERE projects.id=60), 1, 2103, 2103);
INSERT INTO supporting_packages(id, option_list, package_count, order_id, project_package_id, supporting_project_id) VALUES (2103, '["프리미엄"]', 6, 2103, 60, 2103);
INSERT INTO supporting_projects(supporting_project_id, supported_at, delivery_id, payment_id, project_id, user_id) VALUES (2104, (SELECT projects.end_date - INTERVAL 36 DAY FROM projects WHERE projects.id=60), 2104, 2104, 60, 28);
INSERT INTO orders (order_id, created_at, delivery_id, payment_id, supporting_project_id) VALUES (2104, (SELECT projects.end_date - INTERVAL 36 DAY FROM projects WHERE projects.id=60), 1, 2104, 2104);
INSERT INTO supporting_packages(id, option_list, package_count, order_id, project_package_id, supporting_project_id) VALUES (2104, '["프리미엄"]', 3, 2104, 60, 2104);
INSERT INTO supporting_projects(supporting_project_id, supported_at, delivery_id, payment_id, project_id, user_id) VALUES (2105, (SELECT projects.end_date - INTERVAL 11 DAY FROM projects WHERE projects.id=60), 2105, 2105, 60, 22);
INSERT INTO orders (order_id, created_at, delivery_id, payment_id, supporting_project_id) VALUES (2105, (SELECT projects.end_date - INTERVAL 11 DAY FROM projects WHERE projects.id=60), 1, 2105, 2105);
INSERT INTO supporting_packages(id, option_list, package_count, order_id, project_package_id, supporting_project_id) VALUES (2105, '["기본"]', 2, 2105, 60, 2105);
INSERT INTO supporting_projects(supporting_project_id, supported_at, delivery_id, payment_id, project_id, user_id) VALUES (2106, (SELECT projects.end_date - INTERVAL 46 DAY FROM projects WHERE projects.id=60), 2106, 2106, 60, 27);
INSERT INTO orders (order_id, created_at, delivery_id, payment_id, supporting_project_id) VALUES (2106, (SELECT projects.end_date - INTERVAL 46 DAY FROM projects WHERE projects.id=60), 1, 2106, 2106);
INSERT INTO supporting_packages(id, option_list, package_count, order_id, project_package_id, supporting_project_id) VALUES (2106, '["기본"]', 8, 2106, 60, 2106);
INSERT INTO supporting_projects(supporting_project_id, supported_at, delivery_id, payment_id, project_id, user_id) VALUES (2107, (SELECT projects.end_date - INTERVAL 50 DAY FROM projects WHERE projects.id=60), 2107, 2107, 60, 39);
INSERT INTO orders (order_id, created_at, delivery_id, payment_id, supporting_project_id) VALUES (2107, (SELECT projects.end_date - INTERVAL 50 DAY FROM projects WHERE projects.id=60), 1, 2107, 2107);
INSERT INTO supporting_packages(id, option_list, package_count, order_id, project_package_id, supporting_project_id) VALUES (2107, '["한정판"]', 7, 2107, 60, 2107);
INSERT INTO supporting_projects(supporting_project_id, supported_at, delivery_id, payment_id, project_id, user_id) VALUES (2108, (SELECT projects.end_date - INTERVAL 12 DAY FROM projects WHERE projects.id=60), 2108, 2108, 60, 15);
INSERT INTO orders (order_id, created_at, delivery_id, payment_id, supporting_project_id) VALUES (2108, (SELECT projects.end_date - INTERVAL 12 DAY FROM projects WHERE projects.id=60), 1, 2108, 2108);
INSERT INTO supporting_packages(id, option_list, package_count, order_id, project_package_id, supporting_project_id) VALUES (2108, '["기본"]', 9, 2108, 60, 2108);
INSERT INTO supporting_projects(supporting_project_id, supported_at, delivery_id, payment_id, project_id, user_id) VALUES (2109, (SELECT projects.end_date - INTERVAL 32 DAY FROM projects WHERE projects.id=60), 2109, 2109, 60, 36);
INSERT INTO orders (order_id, created_at, delivery_id, payment_id, supporting_project_id) VALUES (2109, (SELECT projects.end_date - INTERVAL 32 DAY FROM projects WHERE projects.id=60), 1, 2109, 2109);
INSERT INTO supporting_packages(id, option_list, package_count, order_id, project_package_id, supporting_project_id) VALUES (2109, '["한정판"]', 10, 2109, 60, 2109);
INSERT INTO supporting_projects(supporting_project_id, supported_at, delivery_id, payment_id, project_id, user_id) VALUES (2110, (SELECT projects.end_date - INTERVAL 48 DAY FROM projects WHERE projects.id=60), 2110, 2110, 60, 30);
INSERT INTO orders (order_id, created_at, delivery_id, payment_id, supporting_project_id) VALUES (2110, (SELECT projects.end_date - INTERVAL 48 DAY FROM projects WHERE projects.id=60), 1, 2110, 2110);
INSERT INTO supporting_packages(id, option_list, package_count, order_id, project_package_id, supporting_project_id) VALUES (2110, '["프리미엄"]', 3, 2110, 60, 2110);
INSERT INTO supporting_projects(supporting_project_id, supported_at, delivery_id, payment_id, project_id, user_id) VALUES (2111, (SELECT projects.end_date - INTERVAL 34 DAY FROM projects WHERE projects.id=60), 2111, 2111, 60, 10);
INSERT INTO orders (order_id, created_at, delivery_id, payment_id, supporting_project_id) VALUES (2111, (SELECT projects.end_date - INTERVAL 34 DAY FROM projects WHERE projects.id=60), 1, 2111, 2111);
INSERT INTO supporting_packages(id, option_list, package_count, order_id, project_package_id, supporting_project_id) VALUES (2111, '["프리미엄"]', 10, 2111, 60, 2111);
INSERT INTO supporting_projects(supporting_project_id, supported_at, delivery_id, payment_id, project_id, user_id) VALUES (2112, (SELECT projects.end_date - INTERVAL 16 DAY FROM projects WHERE projects.id=60), 2112, 2112, 60, 2);
INSERT INTO orders (order_id, created_at, delivery_id, payment_id, supporting_project_id) VALUES (2112, (SELECT projects.end_date - INTERVAL 16 DAY FROM projects WHERE projects.id=60), 1, 2112, 2112);
INSERT INTO supporting_packages(id, option_list, package_count, order_id, project_package_id, supporting_project_id) VALUES (2112, '["기본"]', 6, 2112, 60, 2112);
INSERT INTO supporting_projects(supporting_project_id, supported_at, delivery_id, payment_id, project_id, user_id) VALUES (2113, (SELECT projects.end_date - INTERVAL 38 DAY FROM projects WHERE projects.id=60), 2113, 2113, 60, 22);
INSERT INTO orders (order_id, created_at, delivery_id, payment_id, supporting_project_id) VALUES (2113, (SELECT projects.end_date - INTERVAL 38 DAY FROM projects WHERE projects.id=60), 1, 2113, 2113);
INSERT INTO supporting_packages(id, option_list, package_count, order_id, project_package_id, supporting_project_id) VALUES (2113, '["기본"]', 9, 2113, 60, 2113);
INSERT INTO supporting_projects(supporting_project_id, supported_at, delivery_id, payment_id, project_id, user_id) VALUES (2114, (SELECT projects.end_date - INTERVAL 26 DAY FROM projects WHERE projects.id=60), 2114, 2114, 60, 28);
INSERT INTO orders (order_id, created_at, delivery_id, payment_id, supporting_project_id) VALUES (2114, (SELECT projects.end_date - INTERVAL 26 DAY FROM projects WHERE projects.id=60), 1, 2114, 2114);
INSERT INTO supporting_packages(id, option_list, package_count, order_id, project_package_id, supporting_project_id) VALUES (2114, '["프리미엄"]', 3, 2114, 60, 2114);
INSERT INTO supporting_projects(supporting_project_id, supported_at, delivery_id, payment_id, project_id, user_id) VALUES (2115, (SELECT projects.end_date - INTERVAL 48 DAY FROM projects WHERE projects.id=60), 2115, 2115, 60, 33);
INSERT INTO orders (order_id, created_at, delivery_id, payment_id, supporting_project_id) VALUES (2115, (SELECT projects.end_date - INTERVAL 48 DAY FROM projects WHERE projects.id=60), 1, 2115, 2115);
INSERT INTO supporting_packages(id, option_list, package_count, order_id, project_package_id, supporting_project_id) VALUES (2115, '["한정판"]', 4, 2115, 60, 2115);
INSERT INTO supporting_projects(supporting_project_id, supported_at, delivery_id, payment_id, project_id, user_id) VALUES (2116, (SELECT projects.end_date - INTERVAL 42 DAY FROM projects WHERE projects.id=60), 2116, 2116, 60, 34);
INSERT INTO orders (order_id, created_at, delivery_id, payment_id, supporting_project_id) VALUES (2116, (SELECT projects.end_date - INTERVAL 42 DAY FROM projects WHERE projects.id=60), 1, 2116, 2116);
INSERT INTO supporting_packages(id, option_list, package_count, order_id, project_package_id, supporting_project_id) VALUES (2116, '["프리미엄"]', 4, 2116, 60, 2116);
INSERT INTO supporting_projects(supporting_project_id, supported_at, delivery_id, payment_id, project_id, user_id) VALUES (2117, (SELECT projects.end_date - INTERVAL 39 DAY FROM projects WHERE projects.id=61), 2117, 2117, 61, 13);
INSERT INTO orders (order_id, created_at, delivery_id, payment_id, supporting_project_id) VALUES (2117, (SELECT projects.end_date - INTERVAL 39 DAY FROM projects WHERE projects.id=61), 1, 2117, 2117);
INSERT INTO supporting_packages(id, option_list, package_count, order_id, project_package_id, supporting_project_id) VALUES (2117, '["확장팩"]', 1, 2117, 61, 2117);
INSERT INTO supporting_projects(supporting_project_id, supported_at, delivery_id, payment_id, project_id, user_id) VALUES (2118, (SELECT projects.end_date - INTERVAL 15 DAY FROM projects WHERE projects.id=61), 2118, 2118, 61, 28);
INSERT INTO orders (order_id, created_at, delivery_id, payment_id, supporting_project_id) VALUES (2118, (SELECT projects.end_date - INTERVAL 15 DAY FROM projects WHERE projects.id=61), 1, 2118, 2118);
INSERT INTO supporting_packages(id, option_list, package_count, order_id, project_package_id, supporting_project_id) VALUES (2118, '["디지털 게임"]', 10, 2118, 61, 2118);
INSERT INTO supporting_projects(supporting_project_id, supported_at, delivery_id, payment_id, project_id, user_id) VALUES (2119, (SELECT projects.end_date - INTERVAL 15 DAY FROM projects WHERE projects.id=61), 2119, 2119, 61, 7);
INSERT INTO orders (order_id, created_at, delivery_id, payment_id, supporting_project_id) VALUES (2119, (SELECT projects.end_date - INTERVAL 15 DAY FROM projects WHERE projects.id=61), 1, 2119, 2119);
INSERT INTO supporting_packages(id, option_list, package_count, order_id, project_package_id, supporting_project_id) VALUES (2119, '["보드 게임"]', 2, 2119, 61, 2119);
INSERT INTO supporting_projects(supporting_project_id, supported_at, delivery_id, payment_id, project_id, user_id) VALUES (2120, (SELECT projects.end_date - INTERVAL 41 DAY FROM projects WHERE projects.id=61), 2120, 2120, 61, 18);
INSERT INTO orders (order_id, created_at, delivery_id, payment_id, supporting_project_id) VALUES (2120, (SELECT projects.end_date - INTERVAL 41 DAY FROM projects WHERE projects.id=61), 1, 2120, 2120);
INSERT INTO supporting_packages(id, option_list, package_count, order_id, project_package_id, supporting_project_id) VALUES (2120, '["디지털 게임"]', 1, 2120, 61, 2120);
INSERT INTO supporting_projects(supporting_project_id, supported_at, delivery_id, payment_id, project_id, user_id) VALUES (2121, (SELECT projects.end_date - INTERVAL 40 DAY FROM projects WHERE projects.id=61), 2121, 2121, 61, 25);
INSERT INTO orders (order_id, created_at, delivery_id, payment_id, supporting_project_id) VALUES (2121, (SELECT projects.end_date - INTERVAL 40 DAY FROM projects WHERE projects.id=61), 1, 2121, 2121);
INSERT INTO supporting_packages(id, option_list, package_count, order_id, project_package_id, supporting_project_id) VALUES (2121, '["보드 게임"]', 7, 2121, 61, 2121);
INSERT INTO supporting_projects(supporting_project_id, supported_at, delivery_id, payment_id, project_id, user_id) VALUES (2122, (SELECT projects.end_date - INTERVAL 20 DAY FROM projects WHERE projects.id=61), 2122, 2122, 61, 19);
INSERT INTO orders (order_id, created_at, delivery_id, payment_id, supporting_project_id) VALUES (2122, (SELECT projects.end_date - INTERVAL 20 DAY FROM projects WHERE projects.id=61), 1, 2122, 2122);
INSERT INTO supporting_packages(id, option_list, package_count, order_id, project_package_id, supporting_project_id) VALUES (2122, '["확장팩"]', 6, 2122, 61, 2122);
INSERT INTO supporting_projects(supporting_project_id, supported_at, delivery_id, payment_id, project_id, user_id) VALUES (2123, (SELECT projects.end_date - INTERVAL 47 DAY FROM projects WHERE projects.id=61), 2123, 2123, 61, 16);
INSERT INTO orders (order_id, created_at, delivery_id, payment_id, supporting_project_id) VALUES (2123, (SELECT projects.end_date - INTERVAL 47 DAY FROM projects WHERE projects.id=61), 1, 2123, 2123);
INSERT INTO supporting_packages(id, option_list, package_count, order_id, project_package_id, supporting_project_id) VALUES (2123, '["확장팩"]', 8, 2123, 61, 2123);
INSERT INTO supporting_projects(supporting_project_id, supported_at, delivery_id, payment_id, project_id, user_id) VALUES (2124, (SELECT projects.end_date - INTERVAL 23 DAY FROM projects WHERE projects.id=61), 2124, 2124, 61, 39);
INSERT INTO orders (order_id, created_at, delivery_id, payment_id, supporting_project_id) VALUES (2124, (SELECT projects.end_date - INTERVAL 23 DAY FROM projects WHERE projects.id=61), 1, 2124, 2124);
INSERT INTO supporting_packages(id, option_list, package_count, order_id, project_package_id, supporting_project_id) VALUES (2124, '["디지털 게임"]', 1, 2124, 61, 2124);
INSERT INTO supporting_projects(supporting_project_id, supported_at, delivery_id, payment_id, project_id, user_id) VALUES (2125, (SELECT projects.end_date - INTERVAL 47 DAY FROM projects WHERE projects.id=61), 2125, 2125, 61, 30);
INSERT INTO orders (order_id, created_at, delivery_id, payment_id, supporting_project_id) VALUES (2125, (SELECT projects.end_date - INTERVAL 47 DAY FROM projects WHERE projects.id=61), 1, 2125, 2125);
INSERT INTO supporting_packages(id, option_list, package_count, order_id, project_package_id, supporting_project_id) VALUES (2125, '["보드 게임"]', 2, 2125, 61, 2125);
INSERT INTO supporting_projects(supporting_project_id, supported_at, delivery_id, payment_id, project_id, user_id) VALUES (2126, (SELECT projects.end_date - INTERVAL 35 DAY FROM projects WHERE projects.id=61), 2126, 2126, 61, 14);
INSERT INTO orders (order_id, created_at, delivery_id, payment_id, supporting_project_id) VALUES (2126, (SELECT projects.end_date - INTERVAL 35 DAY FROM projects WHERE projects.id=61), 1, 2126, 2126);
INSERT INTO supporting_packages(id, option_list, package_count, order_id, project_package_id, supporting_project_id) VALUES (2126, '["확장팩"]', 5, 2126, 61, 2126);
INSERT INTO supporting_projects(supporting_project_id, supported_at, delivery_id, payment_id, project_id, user_id) VALUES (2127, (SELECT projects.end_date - INTERVAL 46 DAY FROM projects WHERE projects.id=61), 2127, 2127, 61, 30);
INSERT INTO orders (order_id, created_at, delivery_id, payment_id, supporting_project_id) VALUES (2127, (SELECT projects.end_date - INTERVAL 46 DAY FROM projects WHERE projects.id=61), 1, 2127, 2127);
INSERT INTO supporting_packages(id, option_list, package_count, order_id, project_package_id, supporting_project_id) VALUES (2127, '["보드 게임"]', 6, 2127, 61, 2127);
INSERT INTO supporting_projects(supporting_project_id, supported_at, delivery_id, payment_id, project_id, user_id) VALUES (2128, (SELECT projects.end_date - INTERVAL 42 DAY FROM projects WHERE projects.id=61), 2128, 2128, 61, 38);
INSERT INTO orders (order_id, created_at, delivery_id, payment_id, supporting_project_id) VALUES (2128, (SELECT projects.end_date - INTERVAL 42 DAY FROM projects WHERE projects.id=61), 1, 2128, 2128);
INSERT INTO supporting_packages(id, option_list, package_count, order_id, project_package_id, supporting_project_id) VALUES (2128, '["보드 게임"]', 9, 2128, 61, 2128);
INSERT INTO supporting_projects(supporting_project_id, supported_at, delivery_id, payment_id, project_id, user_id) VALUES (2129, (SELECT projects.end_date - INTERVAL 42 DAY FROM projects WHERE projects.id=61), 2129, 2129, 61, 4);
INSERT INTO orders (order_id, created_at, delivery_id, payment_id, supporting_project_id) VALUES (2129, (SELECT projects.end_date - INTERVAL 42 DAY FROM projects WHERE projects.id=61), 1, 2129, 2129);
INSERT INTO supporting_packages(id, option_list, package_count, order_id, project_package_id, supporting_project_id) VALUES (2129, '["보드 게임"]', 8, 2129, 61, 2129);
INSERT INTO supporting_projects(supporting_project_id, supported_at, delivery_id, payment_id, project_id, user_id) VALUES (2130, (SELECT projects.end_date - INTERVAL 44 DAY FROM projects WHERE projects.id=61), 2130, 2130, 61, 12);
INSERT INTO orders (order_id, created_at, delivery_id, payment_id, supporting_project_id) VALUES (2130, (SELECT projects.end_date - INTERVAL 44 DAY FROM projects WHERE projects.id=61), 1, 2130, 2130);
INSERT INTO supporting_packages(id, option_list, package_count, order_id, project_package_id, supporting_project_id) VALUES (2130, '["보드 게임"]', 3, 2130, 61, 2130);
INSERT INTO supporting_projects(supporting_project_id, supported_at, delivery_id, payment_id, project_id, user_id) VALUES (2131, (SELECT projects.end_date - INTERVAL 37 DAY FROM projects WHERE projects.id=61), 2131, 2131, 61, 38);
INSERT INTO orders (order_id, created_at, delivery_id, payment_id, supporting_project_id) VALUES (2131, (SELECT projects.end_date - INTERVAL 37 DAY FROM projects WHERE projects.id=61), 1, 2131, 2131);
INSERT INTO supporting_packages(id, option_list, package_count, order_id, project_package_id, supporting_project_id) VALUES (2131, '["확장팩"]', 8, 2131, 61, 2131);
INSERT INTO supporting_projects(supporting_project_id, supported_at, delivery_id, payment_id, project_id, user_id) VALUES (2132, (SELECT projects.end_date - INTERVAL 22 DAY FROM projects WHERE projects.id=61), 2132, 2132, 61, 36);
INSERT INTO orders (order_id, created_at, delivery_id, payment_id, supporting_project_id) VALUES (2132, (SELECT projects.end_date - INTERVAL 22 DAY FROM projects WHERE projects.id=61), 1, 2132, 2132);
INSERT INTO supporting_packages(id, option_list, package_count, order_id, project_package_id, supporting_project_id) VALUES (2132, '["디지털 게임"]', 5, 2132, 61, 2132);
INSERT INTO supporting_projects(supporting_project_id, supported_at, delivery_id, payment_id, project_id, user_id) VALUES (2133, (SELECT projects.end_date - INTERVAL 24 DAY FROM projects WHERE projects.id=61), 2133, 2133, 61, 11);
INSERT INTO orders (order_id, created_at, delivery_id, payment_id, supporting_project_id) VALUES (2133, (SELECT projects.end_date - INTERVAL 24 DAY FROM projects WHERE projects.id=61), 1, 2133, 2133);
INSERT INTO supporting_packages(id, option_list, package_count, order_id, project_package_id, supporting_project_id) VALUES (2133, '["보드 게임"]', 5, 2133, 61, 2133);
INSERT INTO supporting_projects(supporting_project_id, supported_at, delivery_id, payment_id, project_id, user_id) VALUES (2134, (SELECT projects.end_date - INTERVAL 13 DAY FROM projects WHERE projects.id=61), 2134, 2134, 61, 3);
INSERT INTO orders (order_id, created_at, delivery_id, payment_id, supporting_project_id) VALUES (2134, (SELECT projects.end_date - INTERVAL 13 DAY FROM projects WHERE projects.id=61), 1, 2134, 2134);
INSERT INTO supporting_packages(id, option_list, package_count, order_id, project_package_id, supporting_project_id) VALUES (2134, '["확장팩"]', 10, 2134, 61, 2134);
INSERT INTO supporting_projects(supporting_project_id, supported_at, delivery_id, payment_id, project_id, user_id) VALUES (2135, (SELECT projects.end_date - INTERVAL 7 DAY FROM projects WHERE projects.id=61), 2135, 2135, 61, 28);
INSERT INTO orders (order_id, created_at, delivery_id, payment_id, supporting_project_id) VALUES (2135, (SELECT projects.end_date - INTERVAL 7 DAY FROM projects WHERE projects.id=61), 1, 2135, 2135);
INSERT INTO supporting_packages(id, option_list, package_count, order_id, project_package_id, supporting_project_id) VALUES (2135, '["보드 게임"]', 5, 2135, 61, 2135);
INSERT INTO supporting_projects(supporting_project_id, supported_at, delivery_id, payment_id, project_id, user_id) VALUES (2136, (SELECT projects.end_date - INTERVAL 16 DAY FROM projects WHERE projects.id=61), 2136, 2136, 61, 11);
INSERT INTO orders (order_id, created_at, delivery_id, payment_id, supporting_project_id) VALUES (2136, (SELECT projects.end_date - INTERVAL 16 DAY FROM projects WHERE projects.id=61), 1, 2136, 2136);
INSERT INTO supporting_packages(id, option_list, package_count, order_id, project_package_id, supporting_project_id) VALUES (2136, '["디지털 게임"]', 9, 2136, 61, 2136);
INSERT INTO supporting_projects(supporting_project_id, supported_at, delivery_id, payment_id, project_id, user_id) VALUES (2137, (SELECT projects.end_date - INTERVAL 7 DAY FROM projects WHERE projects.id=61), 2137, 2137, 61, 26);
INSERT INTO orders (order_id, created_at, delivery_id, payment_id, supporting_project_id) VALUES (2137, (SELECT projects.end_date - INTERVAL 7 DAY FROM projects WHERE projects.id=61), 1, 2137, 2137);
INSERT INTO supporting_packages(id, option_list, package_count, order_id, project_package_id, supporting_project_id) VALUES (2137, '["디지털 게임"]', 4, 2137, 61, 2137);
INSERT INTO supporting_projects(supporting_project_id, supported_at, delivery_id, payment_id, project_id, user_id) VALUES (2138, (SELECT projects.end_date - INTERVAL 7 DAY FROM projects WHERE projects.id=61), 2138, 2138, 61, 11);
INSERT INTO orders (order_id, created_at, delivery_id, payment_id, supporting_project_id) VALUES (2138, (SELECT projects.end_date - INTERVAL 7 DAY FROM projects WHERE projects.id=61), 1, 2138, 2138);
INSERT INTO supporting_packages(id, option_list, package_count, order_id, project_package_id, supporting_project_id) VALUES (2138, '["디지털 게임"]', 1, 2138, 61, 2138);
INSERT INTO supporting_projects(supporting_project_id, supported_at, delivery_id, payment_id, project_id, user_id) VALUES (2139, (SELECT projects.end_date - INTERVAL 43 DAY FROM projects WHERE projects.id=61), 2139, 2139, 61, 29);
INSERT INTO orders (order_id, created_at, delivery_id, payment_id, supporting_project_id) VALUES (2139, (SELECT projects.end_date - INTERVAL 43 DAY FROM projects WHERE projects.id=61), 1, 2139, 2139);
INSERT INTO supporting_packages(id, option_list, package_count, order_id, project_package_id, supporting_project_id) VALUES (2139, '["보드 게임"]', 5, 2139, 61, 2139);
INSERT INTO supporting_projects(supporting_project_id, supported_at, delivery_id, payment_id, project_id, user_id) VALUES (2140, (SELECT projects.end_date - INTERVAL 41 DAY FROM projects WHERE projects.id=61), 2140, 2140, 61, 19);
INSERT INTO orders (order_id, created_at, delivery_id, payment_id, supporting_project_id) VALUES (2140, (SELECT projects.end_date - INTERVAL 41 DAY FROM projects WHERE projects.id=61), 1, 2140, 2140);
INSERT INTO supporting_packages(id, option_list, package_count, order_id, project_package_id, supporting_project_id) VALUES (2140, '["보드 게임"]', 6, 2140, 61, 2140);
INSERT INTO supporting_projects(supporting_project_id, supported_at, delivery_id, payment_id, project_id, user_id) VALUES (2141, (SELECT projects.end_date - INTERVAL 42 DAY FROM projects WHERE projects.id=61), 2141, 2141, 61, 12);
INSERT INTO orders (order_id, created_at, delivery_id, payment_id, supporting_project_id) VALUES (2141, (SELECT projects.end_date - INTERVAL 42 DAY FROM projects WHERE projects.id=61), 1, 2141, 2141);
INSERT INTO supporting_packages(id, option_list, package_count, order_id, project_package_id, supporting_project_id) VALUES (2141, '["보드 게임"]', 8, 2141, 61, 2141);
INSERT INTO supporting_projects(supporting_project_id, supported_at, delivery_id, payment_id, project_id, user_id) VALUES (2142, (SELECT projects.end_date - INTERVAL 46 DAY FROM projects WHERE projects.id=61), 2142, 2142, 61, 30);
INSERT INTO orders (order_id, created_at, delivery_id, payment_id, supporting_project_id) VALUES (2142, (SELECT projects.end_date - INTERVAL 46 DAY FROM projects WHERE projects.id=61), 1, 2142, 2142);
INSERT INTO supporting_packages(id, option_list, package_count, order_id, project_package_id, supporting_project_id) VALUES (2142, '["디지털 게임"]', 6, 2142, 61, 2142);
INSERT INTO supporting_projects(supporting_project_id, supported_at, delivery_id, payment_id, project_id, user_id) VALUES (2143, (SELECT projects.end_date - INTERVAL 21 DAY FROM projects WHERE projects.id=61), 2143, 2143, 61, 29);
INSERT INTO orders (order_id, created_at, delivery_id, payment_id, supporting_project_id) VALUES (2143, (SELECT projects.end_date - INTERVAL 21 DAY FROM projects WHERE projects.id=61), 1, 2143, 2143);
INSERT INTO supporting_packages(id, option_list, package_count, order_id, project_package_id, supporting_project_id) VALUES (2143, '["디지털 게임"]', 6, 2143, 61, 2143);
INSERT INTO supporting_projects(supporting_project_id, supported_at, delivery_id, payment_id, project_id, user_id) VALUES (2144, (SELECT projects.end_date - INTERVAL 33 DAY FROM projects WHERE projects.id=61), 2144, 2144, 61, 14);
INSERT INTO orders (order_id, created_at, delivery_id, payment_id, supporting_project_id) VALUES (2144, (SELECT projects.end_date - INTERVAL 33 DAY FROM projects WHERE projects.id=61), 1, 2144, 2144);
INSERT INTO supporting_packages(id, option_list, package_count, order_id, project_package_id, supporting_project_id) VALUES (2144, '["보드 게임"]', 9, 2144, 61, 2144);
INSERT INTO supporting_projects(supporting_project_id, supported_at, delivery_id, payment_id, project_id, user_id) VALUES (2145, (SELECT projects.end_date - INTERVAL 10 DAY FROM projects WHERE projects.id=61), 2145, 2145, 61, 21);
INSERT INTO orders (order_id, created_at, delivery_id, payment_id, supporting_project_id) VALUES (2145, (SELECT projects.end_date - INTERVAL 10 DAY FROM projects WHERE projects.id=61), 1, 2145, 2145);
INSERT INTO supporting_packages(id, option_list, package_count, order_id, project_package_id, supporting_project_id) VALUES (2145, '["확장팩"]', 8, 2145, 61, 2145);
INSERT INTO supporting_projects(supporting_project_id, supported_at, delivery_id, payment_id, project_id, user_id) VALUES (2146, (SELECT projects.end_date - INTERVAL 13 DAY FROM projects WHERE projects.id=61), 2146, 2146, 61, 25);
INSERT INTO orders (order_id, created_at, delivery_id, payment_id, supporting_project_id) VALUES (2146, (SELECT projects.end_date - INTERVAL 13 DAY FROM projects WHERE projects.id=61), 1, 2146, 2146);
INSERT INTO supporting_packages(id, option_list, package_count, order_id, project_package_id, supporting_project_id) VALUES (2146, '["확장팩"]', 8, 2146, 61, 2146);
INSERT INTO supporting_projects(supporting_project_id, supported_at, delivery_id, payment_id, project_id, user_id) VALUES (2147, (SELECT projects.end_date - INTERVAL 33 DAY FROM projects WHERE projects.id=61), 2147, 2147, 61, 26);
INSERT INTO orders (order_id, created_at, delivery_id, payment_id, supporting_project_id) VALUES (2147, (SELECT projects.end_date - INTERVAL 33 DAY FROM projects WHERE projects.id=61), 1, 2147, 2147);
INSERT INTO supporting_packages(id, option_list, package_count, order_id, project_package_id, supporting_project_id) VALUES (2147, '["확장팩"]', 1, 2147, 61, 2147);
INSERT INTO supporting_projects(supporting_project_id, supported_at, delivery_id, payment_id, project_id, user_id) VALUES (2148, (SELECT projects.end_date - INTERVAL 47 DAY FROM projects WHERE projects.id=61), 2148, 2148, 61, 9);
INSERT INTO orders (order_id, created_at, delivery_id, payment_id, supporting_project_id) VALUES (2148, (SELECT projects.end_date - INTERVAL 47 DAY FROM projects WHERE projects.id=61), 1, 2148, 2148);
INSERT INTO supporting_packages(id, option_list, package_count, order_id, project_package_id, supporting_project_id) VALUES (2148, '["확장팩"]', 3, 2148, 61, 2148);
INSERT INTO supporting_projects(supporting_project_id, supported_at, delivery_id, payment_id, project_id, user_id) VALUES (2149, (SELECT projects.end_date - INTERVAL 18 DAY FROM projects WHERE projects.id=61), 2149, 2149, 61, 4);
INSERT INTO orders (order_id, created_at, delivery_id, payment_id, supporting_project_id) VALUES (2149, (SELECT projects.end_date - INTERVAL 18 DAY FROM projects WHERE projects.id=61), 1, 2149, 2149);
INSERT INTO supporting_packages(id, option_list, package_count, order_id, project_package_id, supporting_project_id) VALUES (2149, '["확장팩"]', 6, 2149, 61, 2149);
INSERT INTO supporting_projects(supporting_project_id, supported_at, delivery_id, payment_id, project_id, user_id) VALUES (2150, (SELECT projects.end_date - INTERVAL 35 DAY FROM projects WHERE projects.id=61), 2150, 2150, 61, 28);
INSERT INTO orders (order_id, created_at, delivery_id, payment_id, supporting_project_id) VALUES (2150, (SELECT projects.end_date - INTERVAL 35 DAY FROM projects WHERE projects.id=61), 1, 2150, 2150);
INSERT INTO supporting_packages(id, option_list, package_count, order_id, project_package_id, supporting_project_id) VALUES (2150, '["보드 게임"]', 2, 2150, 61, 2150);
INSERT INTO supporting_projects(supporting_project_id, supported_at, delivery_id, payment_id, project_id, user_id) VALUES (2151, (SELECT projects.end_date - INTERVAL 28 DAY FROM projects WHERE projects.id=61), 2151, 2151, 61, 22);
INSERT INTO orders (order_id, created_at, delivery_id, payment_id, supporting_project_id) VALUES (2151, (SELECT projects.end_date - INTERVAL 28 DAY FROM projects WHERE projects.id=61), 1, 2151, 2151);
INSERT INTO supporting_packages(id, option_list, package_count, order_id, project_package_id, supporting_project_id) VALUES (2151, '["확장팩"]', 7, 2151, 61, 2151);
INSERT INTO supporting_projects(supporting_project_id, supported_at, delivery_id, payment_id, project_id, user_id) VALUES (2152, (SELECT projects.end_date - INTERVAL 18 DAY FROM projects WHERE projects.id=61), 2152, 2152, 61, 13);
INSERT INTO orders (order_id, created_at, delivery_id, payment_id, supporting_project_id) VALUES (2152, (SELECT projects.end_date - INTERVAL 18 DAY FROM projects WHERE projects.id=61), 1, 2152, 2152);
INSERT INTO supporting_packages(id, option_list, package_count, order_id, project_package_id, supporting_project_id) VALUES (2152, '["보드 게임"]', 2, 2152, 61, 2152);
INSERT INTO supporting_projects(supporting_project_id, supported_at, delivery_id, payment_id, project_id, user_id) VALUES (2153, (SELECT projects.end_date - INTERVAL 32 DAY FROM projects WHERE projects.id=61), 2153, 2153, 61, 40);
INSERT INTO orders (order_id, created_at, delivery_id, payment_id, supporting_project_id) VALUES (2153, (SELECT projects.end_date - INTERVAL 32 DAY FROM projects WHERE projects.id=61), 1, 2153, 2153);
INSERT INTO supporting_packages(id, option_list, package_count, order_id, project_package_id, supporting_project_id) VALUES (2153, '["확장팩"]', 7, 2153, 61, 2153);
INSERT INTO supporting_projects(supporting_project_id, supported_at, delivery_id, payment_id, project_id, user_id) VALUES (2154, (SELECT projects.end_date - INTERVAL 29 DAY FROM projects WHERE projects.id=61), 2154, 2154, 61, 28);
INSERT INTO orders (order_id, created_at, delivery_id, payment_id, supporting_project_id) VALUES (2154, (SELECT projects.end_date - INTERVAL 29 DAY FROM projects WHERE projects.id=61), 1, 2154, 2154);
INSERT INTO supporting_packages(id, option_list, package_count, order_id, project_package_id, supporting_project_id) VALUES (2154, '["보드 게임"]', 7, 2154, 61, 2154);
INSERT INTO supporting_projects(supporting_project_id, supported_at, delivery_id, payment_id, project_id, user_id) VALUES (2155, (SELECT projects.end_date - INTERVAL 7 DAY FROM projects WHERE projects.id=61), 2155, 2155, 61, 22);
INSERT INTO orders (order_id, created_at, delivery_id, payment_id, supporting_project_id) VALUES (2155, (SELECT projects.end_date - INTERVAL 7 DAY FROM projects WHERE projects.id=61), 1, 2155, 2155);
INSERT INTO supporting_packages(id, option_list, package_count, order_id, project_package_id, supporting_project_id) VALUES (2155, '["디지털 게임"]', 3, 2155, 61, 2155);
INSERT INTO supporting_projects(supporting_project_id, supported_at, delivery_id, payment_id, project_id, user_id) VALUES (2156, (SELECT projects.end_date - INTERVAL 33 DAY FROM projects WHERE projects.id=61), 2156, 2156, 61, 35);
INSERT INTO orders (order_id, created_at, delivery_id, payment_id, supporting_project_id) VALUES (2156, (SELECT projects.end_date - INTERVAL 33 DAY FROM projects WHERE projects.id=61), 1, 2156, 2156);
INSERT INTO supporting_packages(id, option_list, package_count, order_id, project_package_id, supporting_project_id) VALUES (2156, '["확장팩"]', 5, 2156, 61, 2156);
INSERT INTO supporting_projects(supporting_project_id, supported_at, delivery_id, payment_id, project_id, user_id) VALUES (2157, (SELECT projects.end_date - INTERVAL 11 DAY FROM projects WHERE projects.id=61), 2157, 2157, 61, 2);
INSERT INTO orders (order_id, created_at, delivery_id, payment_id, supporting_project_id) VALUES (2157, (SELECT projects.end_date - INTERVAL 11 DAY FROM projects WHERE projects.id=61), 1, 2157, 2157);
INSERT INTO supporting_packages(id, option_list, package_count, order_id, project_package_id, supporting_project_id) VALUES (2157, '["확장팩"]', 6, 2157, 61, 2157);
INSERT INTO supporting_projects(supporting_project_id, supported_at, delivery_id, payment_id, project_id, user_id) VALUES (2158, (SELECT projects.end_date - INTERVAL 24 DAY FROM projects WHERE projects.id=61), 2158, 2158, 61, 3);
INSERT INTO orders (order_id, created_at, delivery_id, payment_id, supporting_project_id) VALUES (2158, (SELECT projects.end_date - INTERVAL 24 DAY FROM projects WHERE projects.id=61), 1, 2158, 2158);
INSERT INTO supporting_packages(id, option_list, package_count, order_id, project_package_id, supporting_project_id) VALUES (2158, '["확장팩"]', 1, 2158, 61, 2158);
INSERT INTO supporting_projects(supporting_project_id, supported_at, delivery_id, payment_id, project_id, user_id) VALUES (2159, (SELECT projects.end_date - INTERVAL 36 DAY FROM projects WHERE projects.id=61), 2159, 2159, 61, 31);
INSERT INTO orders (order_id, created_at, delivery_id, payment_id, supporting_project_id) VALUES (2159, (SELECT projects.end_date - INTERVAL 36 DAY FROM projects WHERE projects.id=61), 1, 2159, 2159);
INSERT INTO supporting_packages(id, option_list, package_count, order_id, project_package_id, supporting_project_id) VALUES (2159, '["디지털 게임"]', 8, 2159, 61, 2159);
INSERT INTO supporting_projects(supporting_project_id, supported_at, delivery_id, payment_id, project_id, user_id) VALUES (2160, (SELECT projects.end_date - INTERVAL 48 DAY FROM projects WHERE projects.id=61), 2160, 2160, 61, 33);
INSERT INTO orders (order_id, created_at, delivery_id, payment_id, supporting_project_id) VALUES (2160, (SELECT projects.end_date - INTERVAL 48 DAY FROM projects WHERE projects.id=61), 1, 2160, 2160);
INSERT INTO supporting_packages(id, option_list, package_count, order_id, project_package_id, supporting_project_id) VALUES (2160, '["보드 게임"]', 4, 2160, 61, 2160);
INSERT INTO supporting_projects(supporting_project_id, supported_at, delivery_id, payment_id, project_id, user_id) VALUES (2161, (SELECT projects.end_date - INTERVAL 48 DAY FROM projects WHERE projects.id=61), 2161, 2161, 61, 10);
INSERT INTO orders (order_id, created_at, delivery_id, payment_id, supporting_project_id) VALUES (2161, (SELECT projects.end_date - INTERVAL 48 DAY FROM projects WHERE projects.id=61), 1, 2161, 2161);
INSERT INTO supporting_packages(id, option_list, package_count, order_id, project_package_id, supporting_project_id) VALUES (2161, '["디지털 게임"]', 6, 2161, 61, 2161);
INSERT INTO supporting_projects(supporting_project_id, supported_at, delivery_id, payment_id, project_id, user_id) VALUES (2162, (SELECT projects.end_date - INTERVAL 50 DAY FROM projects WHERE projects.id=61), 2162, 2162, 61, 12);
INSERT INTO orders (order_id, created_at, delivery_id, payment_id, supporting_project_id) VALUES (2162, (SELECT projects.end_date - INTERVAL 50 DAY FROM projects WHERE projects.id=61), 1, 2162, 2162);
INSERT INTO supporting_packages(id, option_list, package_count, order_id, project_package_id, supporting_project_id) VALUES (2162, '["보드 게임"]', 5, 2162, 61, 2162);
INSERT INTO supporting_projects(supporting_project_id, supported_at, delivery_id, payment_id, project_id, user_id) VALUES (2163, (SELECT projects.end_date - INTERVAL 10 DAY FROM projects WHERE projects.id=61), 2163, 2163, 61, 11);
INSERT INTO orders (order_id, created_at, delivery_id, payment_id, supporting_project_id) VALUES (2163, (SELECT projects.end_date - INTERVAL 10 DAY FROM projects WHERE projects.id=61), 1, 2163, 2163);
INSERT INTO supporting_packages(id, option_list, package_count, order_id, project_package_id, supporting_project_id) VALUES (2163, '["보드 게임"]', 1, 2163, 61, 2163);
INSERT INTO supporting_projects(supporting_project_id, supported_at, delivery_id, payment_id, project_id, user_id) VALUES (2164, (SELECT projects.end_date - INTERVAL 30 DAY FROM projects WHERE projects.id=61), 2164, 2164, 61, 28);
INSERT INTO orders (order_id, created_at, delivery_id, payment_id, supporting_project_id) VALUES (2164, (SELECT projects.end_date - INTERVAL 30 DAY FROM projects WHERE projects.id=61), 1, 2164, 2164);
INSERT INTO supporting_packages(id, option_list, package_count, order_id, project_package_id, supporting_project_id) VALUES (2164, '["디지털 게임"]', 9, 2164, 61, 2164);
INSERT INTO supporting_projects(supporting_project_id, supported_at, delivery_id, payment_id, project_id, user_id) VALUES (2165, (SELECT projects.end_date - INTERVAL 8 DAY FROM projects WHERE projects.id=61), 2165, 2165, 61, 23);
INSERT INTO orders (order_id, created_at, delivery_id, payment_id, supporting_project_id) VALUES (2165, (SELECT projects.end_date - INTERVAL 8 DAY FROM projects WHERE projects.id=61), 1, 2165, 2165);
INSERT INTO supporting_packages(id, option_list, package_count, order_id, project_package_id, supporting_project_id) VALUES (2165, '["디지털 게임"]', 9, 2165, 61, 2165);
INSERT INTO supporting_projects(supporting_project_id, supported_at, delivery_id, payment_id, project_id, user_id) VALUES (2166, (SELECT projects.end_date - INTERVAL 29 DAY FROM projects WHERE projects.id=61), 2166, 2166, 61, 20);
INSERT INTO orders (order_id, created_at, delivery_id, payment_id, supporting_project_id) VALUES (2166, (SELECT projects.end_date - INTERVAL 29 DAY FROM projects WHERE projects.id=61), 1, 2166, 2166);
INSERT INTO supporting_packages(id, option_list, package_count, order_id, project_package_id, supporting_project_id) VALUES (2166, '["확장팩"]', 6, 2166, 61, 2166);
INSERT INTO supporting_projects(supporting_project_id, supported_at, delivery_id, payment_id, project_id, user_id) VALUES (2167, (SELECT projects.end_date - INTERVAL 11 DAY FROM projects WHERE projects.id=61), 2167, 2167, 61, 7);
INSERT INTO orders (order_id, created_at, delivery_id, payment_id, supporting_project_id) VALUES (2167, (SELECT projects.end_date - INTERVAL 11 DAY FROM projects WHERE projects.id=61), 1, 2167, 2167);
INSERT INTO supporting_packages(id, option_list, package_count, order_id, project_package_id, supporting_project_id) VALUES (2167, '["보드 게임"]', 3, 2167, 61, 2167);
INSERT INTO supporting_projects(supporting_project_id, supported_at, delivery_id, payment_id, project_id, user_id) VALUES (2168, (SELECT projects.end_date - INTERVAL 38 DAY FROM projects WHERE projects.id=61), 2168, 2168, 61, 5);
INSERT INTO orders (order_id, created_at, delivery_id, payment_id, supporting_project_id) VALUES (2168, (SELECT projects.end_date - INTERVAL 38 DAY FROM projects WHERE projects.id=61), 1, 2168, 2168);
INSERT INTO supporting_packages(id, option_list, package_count, order_id, project_package_id, supporting_project_id) VALUES (2168, '["보드 게임"]', 3, 2168, 61, 2168);
INSERT INTO supporting_projects(supporting_project_id, supported_at, delivery_id, payment_id, project_id, user_id) VALUES (2169, (SELECT projects.end_date - INTERVAL 7 DAY FROM projects WHERE projects.id=61), 2169, 2169, 61, 6);
INSERT INTO orders (order_id, created_at, delivery_id, payment_id, supporting_project_id) VALUES (2169, (SELECT projects.end_date - INTERVAL 7 DAY FROM projects WHERE projects.id=61), 1, 2169, 2169);
INSERT INTO supporting_packages(id, option_list, package_count, order_id, project_package_id, supporting_project_id) VALUES (2169, '["보드 게임"]', 2, 2169, 61, 2169);
INSERT INTO supporting_projects(supporting_project_id, supported_at, delivery_id, payment_id, project_id, user_id) VALUES (2170, (SELECT projects.end_date - INTERVAL 49 DAY FROM projects WHERE projects.id=61), 2170, 2170, 61, 18);
INSERT INTO orders (order_id, created_at, delivery_id, payment_id, supporting_project_id) VALUES (2170, (SELECT projects.end_date - INTERVAL 49 DAY FROM projects WHERE projects.id=61), 1, 2170, 2170);
INSERT INTO supporting_packages(id, option_list, package_count, order_id, project_package_id, supporting_project_id) VALUES (2170, '["확장팩"]', 9, 2170, 61, 2170);
INSERT INTO supporting_projects(supporting_project_id, supported_at, delivery_id, payment_id, project_id, user_id) VALUES (2171, (SELECT projects.end_date - INTERVAL 12 DAY FROM projects WHERE projects.id=61), 2171, 2171, 61, 6);
INSERT INTO orders (order_id, created_at, delivery_id, payment_id, supporting_project_id) VALUES (2171, (SELECT projects.end_date - INTERVAL 12 DAY FROM projects WHERE projects.id=61), 1, 2171, 2171);
INSERT INTO supporting_packages(id, option_list, package_count, order_id, project_package_id, supporting_project_id) VALUES (2171, '["확장팩"]', 2, 2171, 61, 2171);
INSERT INTO supporting_projects(supporting_project_id, supported_at, delivery_id, payment_id, project_id, user_id) VALUES (2172, (SELECT projects.end_date - INTERVAL 7 DAY FROM projects WHERE projects.id=61), 2172, 2172, 61, 18);
INSERT INTO orders (order_id, created_at, delivery_id, payment_id, supporting_project_id) VALUES (2172, (SELECT projects.end_date - INTERVAL 7 DAY FROM projects WHERE projects.id=61), 1, 2172, 2172);
INSERT INTO supporting_packages(id, option_list, package_count, order_id, project_package_id, supporting_project_id) VALUES (2172, '["확장팩"]', 5, 2172, 61, 2172);
INSERT INTO supporting_projects(supporting_project_id, supported_at, delivery_id, payment_id, project_id, user_id) VALUES (2173, (SELECT projects.end_date - INTERVAL 19 DAY FROM projects WHERE projects.id=61), 2173, 2173, 61, 10);
INSERT INTO orders (order_id, created_at, delivery_id, payment_id, supporting_project_id) VALUES (2173, (SELECT projects.end_date - INTERVAL 19 DAY FROM projects WHERE projects.id=61), 1, 2173, 2173);
INSERT INTO supporting_packages(id, option_list, package_count, order_id, project_package_id, supporting_project_id) VALUES (2173, '["보드 게임"]', 10, 2173, 61, 2173);
INSERT INTO supporting_projects(supporting_project_id, supported_at, delivery_id, payment_id, project_id, user_id) VALUES (2174, (SELECT projects.end_date - INTERVAL 10 DAY FROM projects WHERE projects.id=61), 2174, 2174, 61, 24);
INSERT INTO orders (order_id, created_at, delivery_id, payment_id, supporting_project_id) VALUES (2174, (SELECT projects.end_date - INTERVAL 10 DAY FROM projects WHERE projects.id=61), 1, 2174, 2174);
INSERT INTO supporting_packages(id, option_list, package_count, order_id, project_package_id, supporting_project_id) VALUES (2174, '["디지털 게임"]', 2, 2174, 61, 2174);
INSERT INTO supporting_projects(supporting_project_id, supported_at, delivery_id, payment_id, project_id, user_id) VALUES (2175, (SELECT projects.end_date - INTERVAL 17 DAY FROM projects WHERE projects.id=61), 2175, 2175, 61, 5);
INSERT INTO orders (order_id, created_at, delivery_id, payment_id, supporting_project_id) VALUES (2175, (SELECT projects.end_date - INTERVAL 17 DAY FROM projects WHERE projects.id=61), 1, 2175, 2175);
INSERT INTO supporting_packages(id, option_list, package_count, order_id, project_package_id, supporting_project_id) VALUES (2175, '["디지털 게임"]', 2, 2175, 61, 2175);
INSERT INTO supporting_projects(supporting_project_id, supported_at, delivery_id, payment_id, project_id, user_id) VALUES (2176, (SELECT projects.end_date - INTERVAL 44 DAY FROM projects WHERE projects.id=61), 2176, 2176, 61, 11);
INSERT INTO orders (order_id, created_at, delivery_id, payment_id, supporting_project_id) VALUES (2176, (SELECT projects.end_date - INTERVAL 44 DAY FROM projects WHERE projects.id=61), 1, 2176, 2176);
INSERT INTO supporting_packages(id, option_list, package_count, order_id, project_package_id, supporting_project_id) VALUES (2176, '["보드 게임"]', 5, 2176, 61, 2176);
INSERT INTO supporting_projects(supporting_project_id, supported_at, delivery_id, payment_id, project_id, user_id) VALUES (2177, (SELECT projects.end_date - INTERVAL 11 DAY FROM projects WHERE projects.id=61), 2177, 2177, 61, 26);
INSERT INTO orders (order_id, created_at, delivery_id, payment_id, supporting_project_id) VALUES (2177, (SELECT projects.end_date - INTERVAL 11 DAY FROM projects WHERE projects.id=61), 1, 2177, 2177);
INSERT INTO supporting_packages(id, option_list, package_count, order_id, project_package_id, supporting_project_id) VALUES (2177, '["보드 게임"]', 2, 2177, 61, 2177);
INSERT INTO supporting_projects(supporting_project_id, supported_at, delivery_id, payment_id, project_id, user_id) VALUES (2178, (SELECT projects.end_date - INTERVAL 19 DAY FROM projects WHERE projects.id=61), 2178, 2178, 61, 13);
INSERT INTO orders (order_id, created_at, delivery_id, payment_id, supporting_project_id) VALUES (2178, (SELECT projects.end_date - INTERVAL 19 DAY FROM projects WHERE projects.id=61), 1, 2178, 2178);
INSERT INTO supporting_packages(id, option_list, package_count, order_id, project_package_id, supporting_project_id) VALUES (2178, '["디지털 게임"]', 8, 2178, 61, 2178);
INSERT INTO supporting_projects(supporting_project_id, supported_at, delivery_id, payment_id, project_id, user_id) VALUES (2179, (SELECT projects.end_date - INTERVAL 45 DAY FROM projects WHERE projects.id=61), 2179, 2179, 61, 7);
INSERT INTO orders (order_id, created_at, delivery_id, payment_id, supporting_project_id) VALUES (2179, (SELECT projects.end_date - INTERVAL 45 DAY FROM projects WHERE projects.id=61), 1, 2179, 2179);
INSERT INTO supporting_packages(id, option_list, package_count, order_id, project_package_id, supporting_project_id) VALUES (2179, '["보드 게임"]', 9, 2179, 61, 2179);
INSERT INTO supporting_projects(supporting_project_id, supported_at, delivery_id, payment_id, project_id, user_id) VALUES (2180, (SELECT projects.end_date - INTERVAL 20 DAY FROM projects WHERE projects.id=61), 2180, 2180, 61, 19);
INSERT INTO orders (order_id, created_at, delivery_id, payment_id, supporting_project_id) VALUES (2180, (SELECT projects.end_date - INTERVAL 20 DAY FROM projects WHERE projects.id=61), 1, 2180, 2180);
INSERT INTO supporting_packages(id, option_list, package_count, order_id, project_package_id, supporting_project_id) VALUES (2180, '["확장팩"]', 9, 2180, 61, 2180);
INSERT INTO supporting_projects(supporting_project_id, supported_at, delivery_id, payment_id, project_id, user_id) VALUES (2181, (SELECT projects.end_date - INTERVAL 10 DAY FROM projects WHERE projects.id=61), 2181, 2181, 61, 2);
INSERT INTO orders (order_id, created_at, delivery_id, payment_id, supporting_project_id) VALUES (2181, (SELECT projects.end_date - INTERVAL 10 DAY FROM projects WHERE projects.id=61), 1, 2181, 2181);
INSERT INTO supporting_packages(id, option_list, package_count, order_id, project_package_id, supporting_project_id) VALUES (2181, '["보드 게임"]', 9, 2181, 61, 2181);
INSERT INTO supporting_projects(supporting_project_id, supported_at, delivery_id, payment_id, project_id, user_id) VALUES (2182, (SELECT projects.end_date - INTERVAL 27 DAY FROM projects WHERE projects.id=65), 2182, 2182, 65, 24);
INSERT INTO orders (order_id, created_at, delivery_id, payment_id, supporting_project_id) VALUES (2182, (SELECT projects.end_date - INTERVAL 27 DAY FROM projects WHERE projects.id=65), 1, 2182, 2182);
INSERT INTO supporting_packages(id, option_list, package_count, order_id, project_package_id, supporting_project_id) VALUES (2182, '["전문가 참가"]', 5, 2182, 65, 2182);
INSERT INTO supporting_projects(supporting_project_id, supported_at, delivery_id, payment_id, project_id, user_id) VALUES (2183, (SELECT projects.end_date - INTERVAL 34 DAY FROM projects WHERE projects.id=65), 2183, 2183, 65, 35);
INSERT INTO orders (order_id, created_at, delivery_id, payment_id, supporting_project_id) VALUES (2183, (SELECT projects.end_date - INTERVAL 34 DAY FROM projects WHERE projects.id=65), 1, 2183, 2183);
INSERT INTO supporting_packages(id, option_list, package_count, order_id, project_package_id, supporting_project_id) VALUES (2183, '["팀 참가"]', 4, 2183, 65, 2183);
INSERT INTO supporting_projects(supporting_project_id, supported_at, delivery_id, payment_id, project_id, user_id) VALUES (2184, (SELECT projects.end_date - INTERVAL 46 DAY FROM projects WHERE projects.id=65), 2184, 2184, 65, 31);
INSERT INTO orders (order_id, created_at, delivery_id, payment_id, supporting_project_id) VALUES (2184, (SELECT projects.end_date - INTERVAL 46 DAY FROM projects WHERE projects.id=65), 1, 2184, 2184);
INSERT INTO supporting_packages(id, option_list, package_count, order_id, project_package_id, supporting_project_id) VALUES (2184, '["전문가 참가"]', 1, 2184, 65, 2184);
INSERT INTO supporting_projects(supporting_project_id, supported_at, delivery_id, payment_id, project_id, user_id) VALUES (2185, (SELECT projects.end_date - INTERVAL 48 DAY FROM projects WHERE projects.id=65), 2185, 2185, 65, 19);
INSERT INTO orders (order_id, created_at, delivery_id, payment_id, supporting_project_id) VALUES (2185, (SELECT projects.end_date - INTERVAL 48 DAY FROM projects WHERE projects.id=65), 1, 2185, 2185);
INSERT INTO supporting_packages(id, option_list, package_count, order_id, project_package_id, supporting_project_id) VALUES (2185, '["개인 참가"]', 5, 2185, 65, 2185);
INSERT INTO supporting_projects(supporting_project_id, supported_at, delivery_id, payment_id, project_id, user_id) VALUES (2186, (SELECT projects.end_date - INTERVAL 12 DAY FROM projects WHERE projects.id=65), 2186, 2186, 65, 19);
INSERT INTO orders (order_id, created_at, delivery_id, payment_id, supporting_project_id) VALUES (2186, (SELECT projects.end_date - INTERVAL 12 DAY FROM projects WHERE projects.id=65), 1, 2186, 2186);
INSERT INTO supporting_packages(id, option_list, package_count, order_id, project_package_id, supporting_project_id) VALUES (2186, '["개인 참가"]', 1, 2186, 65, 2186);
INSERT INTO supporting_projects(supporting_project_id, supported_at, delivery_id, payment_id, project_id, user_id) VALUES (2187, (SELECT projects.end_date - INTERVAL 27 DAY FROM projects WHERE projects.id=65), 2187, 2187, 65, 17);
INSERT INTO orders (order_id, created_at, delivery_id, payment_id, supporting_project_id) VALUES (2187, (SELECT projects.end_date - INTERVAL 27 DAY FROM projects WHERE projects.id=65), 1, 2187, 2187);
INSERT INTO supporting_packages(id, option_list, package_count, order_id, project_package_id, supporting_project_id) VALUES (2187, '["개인 참가"]', 1, 2187, 65, 2187);
INSERT INTO supporting_projects(supporting_project_id, supported_at, delivery_id, payment_id, project_id, user_id) VALUES (2188, (SELECT projects.end_date - INTERVAL 37 DAY FROM projects WHERE projects.id=65), 2188, 2188, 65, 10);
INSERT INTO orders (order_id, created_at, delivery_id, payment_id, supporting_project_id) VALUES (2188, (SELECT projects.end_date - INTERVAL 37 DAY FROM projects WHERE projects.id=65), 1, 2188, 2188);
INSERT INTO supporting_packages(id, option_list, package_count, order_id, project_package_id, supporting_project_id) VALUES (2188, '["개인 참가"]', 9, 2188, 65, 2188);
INSERT INTO supporting_projects(supporting_project_id, supported_at, delivery_id, payment_id, project_id, user_id) VALUES (2189, (SELECT projects.end_date - INTERVAL 34 DAY FROM projects WHERE projects.id=65), 2189, 2189, 65, 19);
INSERT INTO orders (order_id, created_at, delivery_id, payment_id, supporting_project_id) VALUES (2189, (SELECT projects.end_date - INTERVAL 34 DAY FROM projects WHERE projects.id=65), 1, 2189, 2189);
INSERT INTO supporting_packages(id, option_list, package_count, order_id, project_package_id, supporting_project_id) VALUES (2189, '["팀 참가"]', 7, 2189, 65, 2189);
INSERT INTO supporting_projects(supporting_project_id, supported_at, delivery_id, payment_id, project_id, user_id) VALUES (2190, (SELECT projects.end_date - INTERVAL 18 DAY FROM projects WHERE projects.id=65), 2190, 2190, 65, 9);
INSERT INTO orders (order_id, created_at, delivery_id, payment_id, supporting_project_id) VALUES (2190, (SELECT projects.end_date - INTERVAL 18 DAY FROM projects WHERE projects.id=65), 1, 2190, 2190);
INSERT INTO supporting_packages(id, option_list, package_count, order_id, project_package_id, supporting_project_id) VALUES (2190, '["개인 참가"]', 9, 2190, 65, 2190);
INSERT INTO supporting_projects(supporting_project_id, supported_at, delivery_id, payment_id, project_id, user_id) VALUES (2191, (SELECT projects.end_date - INTERVAL 26 DAY FROM projects WHERE projects.id=65), 2191, 2191, 65, 37);
INSERT INTO orders (order_id, created_at, delivery_id, payment_id, supporting_project_id) VALUES (2191, (SELECT projects.end_date - INTERVAL 26 DAY FROM projects WHERE projects.id=65), 1, 2191, 2191);
INSERT INTO supporting_packages(id, option_list, package_count, order_id, project_package_id, supporting_project_id) VALUES (2191, '["개인 참가"]', 3, 2191, 65, 2191);
INSERT INTO supporting_projects(supporting_project_id, supported_at, delivery_id, payment_id, project_id, user_id) VALUES (2192, (SELECT projects.end_date - INTERVAL 35 DAY FROM projects WHERE projects.id=65), 2192, 2192, 65, 27);
INSERT INTO orders (order_id, created_at, delivery_id, payment_id, supporting_project_id) VALUES (2192, (SELECT projects.end_date - INTERVAL 35 DAY FROM projects WHERE projects.id=65), 1, 2192, 2192);
INSERT INTO supporting_packages(id, option_list, package_count, order_id, project_package_id, supporting_project_id) VALUES (2192, '["개인 참가"]', 2, 2192, 65, 2192);
INSERT INTO supporting_projects(supporting_project_id, supported_at, delivery_id, payment_id, project_id, user_id) VALUES (2193, (SELECT projects.end_date - INTERVAL 39 DAY FROM projects WHERE projects.id=65), 2193, 2193, 65, 29);
INSERT INTO orders (order_id, created_at, delivery_id, payment_id, supporting_project_id) VALUES (2193, (SELECT projects.end_date - INTERVAL 39 DAY FROM projects WHERE projects.id=65), 1, 2193, 2193);
INSERT INTO supporting_packages(id, option_list, package_count, order_id, project_package_id, supporting_project_id) VALUES (2193, '["개인 참가"]', 10, 2193, 65, 2193);
INSERT INTO supporting_projects(supporting_project_id, supported_at, delivery_id, payment_id, project_id, user_id) VALUES (2194, (SELECT projects.end_date - INTERVAL 35 DAY FROM projects WHERE projects.id=65), 2194, 2194, 65, 27);
INSERT INTO orders (order_id, created_at, delivery_id, payment_id, supporting_project_id) VALUES (2194, (SELECT projects.end_date - INTERVAL 35 DAY FROM projects WHERE projects.id=65), 1, 2194, 2194);
INSERT INTO supporting_packages(id, option_list, package_count, order_id, project_package_id, supporting_project_id) VALUES (2194, '["전문가 참가"]', 8, 2194, 65, 2194);
INSERT INTO supporting_projects(supporting_project_id, supported_at, delivery_id, payment_id, project_id, user_id) VALUES (2195, (SELECT projects.end_date - INTERVAL 30 DAY FROM projects WHERE projects.id=65), 2195, 2195, 65, 3);
INSERT INTO orders (order_id, created_at, delivery_id, payment_id, supporting_project_id) VALUES (2195, (SELECT projects.end_date - INTERVAL 30 DAY FROM projects WHERE projects.id=65), 1, 2195, 2195);
INSERT INTO supporting_packages(id, option_list, package_count, order_id, project_package_id, supporting_project_id) VALUES (2195, '["팀 참가"]', 2, 2195, 65, 2195);
INSERT INTO supporting_projects(supporting_project_id, supported_at, delivery_id, payment_id, project_id, user_id) VALUES (2196, (SELECT projects.end_date - INTERVAL 25 DAY FROM projects WHERE projects.id=65), 2196, 2196, 65, 23);
INSERT INTO orders (order_id, created_at, delivery_id, payment_id, supporting_project_id) VALUES (2196, (SELECT projects.end_date - INTERVAL 25 DAY FROM projects WHERE projects.id=65), 1, 2196, 2196);
INSERT INTO supporting_packages(id, option_list, package_count, order_id, project_package_id, supporting_project_id) VALUES (2196, '["개인 참가"]', 7, 2196, 65, 2196);
INSERT INTO supporting_projects(supporting_project_id, supported_at, delivery_id, payment_id, project_id, user_id) VALUES (2197, (SELECT projects.end_date - INTERVAL 12 DAY FROM projects WHERE projects.id=65), 2197, 2197, 65, 26);
INSERT INTO orders (order_id, created_at, delivery_id, payment_id, supporting_project_id) VALUES (2197, (SELECT projects.end_date - INTERVAL 12 DAY FROM projects WHERE projects.id=65), 1, 2197, 2197);
INSERT INTO supporting_packages(id, option_list, package_count, order_id, project_package_id, supporting_project_id) VALUES (2197, '["팀 참가"]', 8, 2197, 65, 2197);
INSERT INTO supporting_projects(supporting_project_id, supported_at, delivery_id, payment_id, project_id, user_id) VALUES (2198, (SELECT projects.end_date - INTERVAL 36 DAY FROM projects WHERE projects.id=65), 2198, 2198, 65, 12);
INSERT INTO orders (order_id, created_at, delivery_id, payment_id, supporting_project_id) VALUES (2198, (SELECT projects.end_date - INTERVAL 36 DAY FROM projects WHERE projects.id=65), 1, 2198, 2198);
INSERT INTO supporting_packages(id, option_list, package_count, order_id, project_package_id, supporting_project_id) VALUES (2198, '["팀 참가"]', 7, 2198, 65, 2198);
INSERT INTO supporting_projects(supporting_project_id, supported_at, delivery_id, payment_id, project_id, user_id) VALUES (2199, (SELECT projects.end_date - INTERVAL 43 DAY FROM projects WHERE projects.id=65), 2199, 2199, 65, 28);
INSERT INTO orders (order_id, created_at, delivery_id, payment_id, supporting_project_id) VALUES (2199, (SELECT projects.end_date - INTERVAL 43 DAY FROM projects WHERE projects.id=65), 1, 2199, 2199);
INSERT INTO supporting_packages(id, option_list, package_count, order_id, project_package_id, supporting_project_id) VALUES (2199, '["개인 참가"]', 10, 2199, 65, 2199);
INSERT INTO supporting_projects(supporting_project_id, supported_at, delivery_id, payment_id, project_id, user_id) VALUES (2200, (SELECT projects.end_date - INTERVAL 48 DAY FROM projects WHERE projects.id=65), 2200, 2200, 65, 8);
INSERT INTO orders (order_id, created_at, delivery_id, payment_id, supporting_project_id) VALUES (2200, (SELECT projects.end_date - INTERVAL 48 DAY FROM projects WHERE projects.id=65), 1, 2200, 2200);
INSERT INTO supporting_packages(id, option_list, package_count, order_id, project_package_id, supporting_project_id) VALUES (2200, '["전문가 참가"]', 5, 2200, 65, 2200);
INSERT INTO supporting_projects(supporting_project_id, supported_at, delivery_id, payment_id, project_id, user_id) VALUES (2201, (SELECT projects.end_date - INTERVAL 26 DAY FROM projects WHERE projects.id=65), 2201, 2201, 65, 1);
INSERT INTO orders (order_id, created_at, delivery_id, payment_id, supporting_project_id) VALUES (2201, (SELECT projects.end_date - INTERVAL 26 DAY FROM projects WHERE projects.id=65), 1, 2201, 2201);
INSERT INTO supporting_packages(id, option_list, package_count, order_id, project_package_id, supporting_project_id) VALUES (2201, '["개인 참가"]', 3, 2201, 65, 2201);
INSERT INTO supporting_projects(supporting_project_id, supported_at, delivery_id, payment_id, project_id, user_id) VALUES (2202, (SELECT projects.end_date - INTERVAL 41 DAY FROM projects WHERE projects.id=65), 2202, 2202, 65, 13);
INSERT INTO orders (order_id, created_at, delivery_id, payment_id, supporting_project_id) VALUES (2202, (SELECT projects.end_date - INTERVAL 41 DAY FROM projects WHERE projects.id=65), 1, 2202, 2202);
INSERT INTO supporting_packages(id, option_list, package_count, order_id, project_package_id, supporting_project_id) VALUES (2202, '["개인 참가"]', 10, 2202, 65, 2202);
INSERT INTO supporting_projects(supporting_project_id, supported_at, delivery_id, payment_id, project_id, user_id) VALUES (2203, (SELECT projects.end_date - INTERVAL 20 DAY FROM projects WHERE projects.id=65), 2203, 2203, 65, 32);
INSERT INTO orders (order_id, created_at, delivery_id, payment_id, supporting_project_id) VALUES (2203, (SELECT projects.end_date - INTERVAL 20 DAY FROM projects WHERE projects.id=65), 1, 2203, 2203);
INSERT INTO supporting_packages(id, option_list, package_count, order_id, project_package_id, supporting_project_id) VALUES (2203, '["전문가 참가"]', 8, 2203, 65, 2203);
INSERT INTO supporting_projects(supporting_project_id, supported_at, delivery_id, payment_id, project_id, user_id) VALUES (2204, (SELECT projects.end_date - INTERVAL 33 DAY FROM projects WHERE projects.id=65), 2204, 2204, 65, 4);
INSERT INTO orders (order_id, created_at, delivery_id, payment_id, supporting_project_id) VALUES (2204, (SELECT projects.end_date - INTERVAL 33 DAY FROM projects WHERE projects.id=65), 1, 2204, 2204);
INSERT INTO supporting_packages(id, option_list, package_count, order_id, project_package_id, supporting_project_id) VALUES (2204, '["전문가 참가"]', 9, 2204, 65, 2204);
INSERT INTO supporting_projects(supporting_project_id, supported_at, delivery_id, payment_id, project_id, user_id) VALUES (2205, (SELECT projects.end_date - INTERVAL 7 DAY FROM projects WHERE projects.id=65), 2205, 2205, 65, 20);
INSERT INTO orders (order_id, created_at, delivery_id, payment_id, supporting_project_id) VALUES (2205, (SELECT projects.end_date - INTERVAL 7 DAY FROM projects WHERE projects.id=65), 1, 2205, 2205);
INSERT INTO supporting_packages(id, option_list, package_count, order_id, project_package_id, supporting_project_id) VALUES (2205, '["팀 참가"]', 9, 2205, 65, 2205);
INSERT INTO supporting_projects(supporting_project_id, supported_at, delivery_id, payment_id, project_id, user_id) VALUES (2206, (SELECT projects.end_date - INTERVAL 27 DAY FROM projects WHERE projects.id=65), 2206, 2206, 65, 30);
INSERT INTO orders (order_id, created_at, delivery_id, payment_id, supporting_project_id) VALUES (2206, (SELECT projects.end_date - INTERVAL 27 DAY FROM projects WHERE projects.id=65), 1, 2206, 2206);
INSERT INTO supporting_packages(id, option_list, package_count, order_id, project_package_id, supporting_project_id) VALUES (2206, '["팀 참가"]', 9, 2206, 65, 2206);
INSERT INTO supporting_projects(supporting_project_id, supported_at, delivery_id, payment_id, project_id, user_id) VALUES (2207, (SELECT projects.end_date - INTERVAL 35 DAY FROM projects WHERE projects.id=65), 2207, 2207, 65, 32);
INSERT INTO orders (order_id, created_at, delivery_id, payment_id, supporting_project_id) VALUES (2207, (SELECT projects.end_date - INTERVAL 35 DAY FROM projects WHERE projects.id=65), 1, 2207, 2207);
INSERT INTO supporting_packages(id, option_list, package_count, order_id, project_package_id, supporting_project_id) VALUES (2207, '["개인 참가"]', 2, 2207, 65, 2207);
INSERT INTO supporting_projects(supporting_project_id, supported_at, delivery_id, payment_id, project_id, user_id) VALUES (2208, (SELECT projects.end_date - INTERVAL 24 DAY FROM projects WHERE projects.id=65), 2208, 2208, 65, 25);
INSERT INTO orders (order_id, created_at, delivery_id, payment_id, supporting_project_id) VALUES (2208, (SELECT projects.end_date - INTERVAL 24 DAY FROM projects WHERE projects.id=65), 1, 2208, 2208);
INSERT INTO supporting_packages(id, option_list, package_count, order_id, project_package_id, supporting_project_id) VALUES (2208, '["팀 참가"]', 2, 2208, 65, 2208);
INSERT INTO supporting_projects(supporting_project_id, supported_at, delivery_id, payment_id, project_id, user_id) VALUES (2209, (SELECT projects.end_date - INTERVAL 19 DAY FROM projects WHERE projects.id=65), 2209, 2209, 65, 3);
INSERT INTO orders (order_id, created_at, delivery_id, payment_id, supporting_project_id) VALUES (2209, (SELECT projects.end_date - INTERVAL 19 DAY FROM projects WHERE projects.id=65), 1, 2209, 2209);
INSERT INTO supporting_packages(id, option_list, package_count, order_id, project_package_id, supporting_project_id) VALUES (2209, '["전문가 참가"]', 2, 2209, 65, 2209);
INSERT INTO supporting_projects(supporting_project_id, supported_at, delivery_id, payment_id, project_id, user_id) VALUES (2210, (SELECT projects.end_date - INTERVAL 33 DAY FROM projects WHERE projects.id=65), 2210, 2210, 65, 25);
INSERT INTO orders (order_id, created_at, delivery_id, payment_id, supporting_project_id) VALUES (2210, (SELECT projects.end_date - INTERVAL 33 DAY FROM projects WHERE projects.id=65), 1, 2210, 2210);
INSERT INTO supporting_packages(id, option_list, package_count, order_id, project_package_id, supporting_project_id) VALUES (2210, '["전문가 참가"]', 8, 2210, 65, 2210);
INSERT INTO supporting_projects(supporting_project_id, supported_at, delivery_id, payment_id, project_id, user_id) VALUES (2211, (SELECT projects.end_date - INTERVAL 43 DAY FROM projects WHERE projects.id=65), 2211, 2211, 65, 35);
INSERT INTO orders (order_id, created_at, delivery_id, payment_id, supporting_project_id) VALUES (2211, (SELECT projects.end_date - INTERVAL 43 DAY FROM projects WHERE projects.id=65), 1, 2211, 2211);
INSERT INTO supporting_packages(id, option_list, package_count, order_id, project_package_id, supporting_project_id) VALUES (2211, '["개인 참가"]', 2, 2211, 65, 2211);
INSERT INTO supporting_projects(supporting_project_id, supported_at, delivery_id, payment_id, project_id, user_id) VALUES (2212, (SELECT projects.end_date - INTERVAL 27 DAY FROM projects WHERE projects.id=65), 2212, 2212, 65, 32);
INSERT INTO orders (order_id, created_at, delivery_id, payment_id, supporting_project_id) VALUES (2212, (SELECT projects.end_date - INTERVAL 27 DAY FROM projects WHERE projects.id=65), 1, 2212, 2212);
INSERT INTO supporting_packages(id, option_list, package_count, order_id, project_package_id, supporting_project_id) VALUES (2212, '["전문가 참가"]', 4, 2212, 65, 2212);
INSERT INTO supporting_projects(supporting_project_id, supported_at, delivery_id, payment_id, project_id, user_id) VALUES (2213, (SELECT projects.end_date - INTERVAL 44 DAY FROM projects WHERE projects.id=65), 2213, 2213, 65, 22);
INSERT INTO orders (order_id, created_at, delivery_id, payment_id, supporting_project_id) VALUES (2213, (SELECT projects.end_date - INTERVAL 44 DAY FROM projects WHERE projects.id=65), 1, 2213, 2213);
INSERT INTO supporting_packages(id, option_list, package_count, order_id, project_package_id, supporting_project_id) VALUES (2213, '["개인 참가"]', 3, 2213, 65, 2213);
INSERT INTO supporting_projects(supporting_project_id, supported_at, delivery_id, payment_id, project_id, user_id) VALUES (2214, (SELECT projects.end_date - INTERVAL 33 DAY FROM projects WHERE projects.id=65), 2214, 2214, 65, 31);
INSERT INTO orders (order_id, created_at, delivery_id, payment_id, supporting_project_id) VALUES (2214, (SELECT projects.end_date - INTERVAL 33 DAY FROM projects WHERE projects.id=65), 1, 2214, 2214);
INSERT INTO supporting_packages(id, option_list, package_count, order_id, project_package_id, supporting_project_id) VALUES (2214, '["팀 참가"]', 6, 2214, 65, 2214);
INSERT INTO supporting_projects(supporting_project_id, supported_at, delivery_id, payment_id, project_id, user_id) VALUES (2215, (SELECT projects.end_date - INTERVAL 31 DAY FROM projects WHERE projects.id=65), 2215, 2215, 65, 25);
INSERT INTO orders (order_id, created_at, delivery_id, payment_id, supporting_project_id) VALUES (2215, (SELECT projects.end_date - INTERVAL 31 DAY FROM projects WHERE projects.id=65), 1, 2215, 2215);
INSERT INTO supporting_packages(id, option_list, package_count, order_id, project_package_id, supporting_project_id) VALUES (2215, '["개인 참가"]', 6, 2215, 65, 2215);
INSERT INTO supporting_projects(supporting_project_id, supported_at, delivery_id, payment_id, project_id, user_id) VALUES (2216, (SELECT projects.end_date - INTERVAL 11 DAY FROM projects WHERE projects.id=65), 2216, 2216, 65, 12);
INSERT INTO orders (order_id, created_at, delivery_id, payment_id, supporting_project_id) VALUES (2216, (SELECT projects.end_date - INTERVAL 11 DAY FROM projects WHERE projects.id=65), 1, 2216, 2216);
INSERT INTO supporting_packages(id, option_list, package_count, order_id, project_package_id, supporting_project_id) VALUES (2216, '["개인 참가"]', 6, 2216, 65, 2216);
INSERT INTO supporting_projects(supporting_project_id, supported_at, delivery_id, payment_id, project_id, user_id) VALUES (2217, (SELECT projects.end_date - INTERVAL 41 DAY FROM projects WHERE projects.id=65), 2217, 2217, 65, 13);
INSERT INTO orders (order_id, created_at, delivery_id, payment_id, supporting_project_id) VALUES (2217, (SELECT projects.end_date - INTERVAL 41 DAY FROM projects WHERE projects.id=65), 1, 2217, 2217);
INSERT INTO supporting_packages(id, option_list, package_count, order_id, project_package_id, supporting_project_id) VALUES (2217, '["팀 참가"]', 2, 2217, 65, 2217);
INSERT INTO supporting_projects(supporting_project_id, supported_at, delivery_id, payment_id, project_id, user_id) VALUES (2218, (SELECT projects.end_date - INTERVAL 45 DAY FROM projects WHERE projects.id=65), 2218, 2218, 65, 25);
INSERT INTO orders (order_id, created_at, delivery_id, payment_id, supporting_project_id) VALUES (2218, (SELECT projects.end_date - INTERVAL 45 DAY FROM projects WHERE projects.id=65), 1, 2218, 2218);
INSERT INTO supporting_packages(id, option_list, package_count, order_id, project_package_id, supporting_project_id) VALUES (2218, '["팀 참가"]', 7, 2218, 65, 2218);
INSERT INTO supporting_projects(supporting_project_id, supported_at, delivery_id, payment_id, project_id, user_id) VALUES (2219, (SELECT projects.end_date - INTERVAL 10 DAY FROM projects WHERE projects.id=65), 2219, 2219, 65, 17);
INSERT INTO orders (order_id, created_at, delivery_id, payment_id, supporting_project_id) VALUES (2219, (SELECT projects.end_date - INTERVAL 10 DAY FROM projects WHERE projects.id=65), 1, 2219, 2219);
INSERT INTO supporting_packages(id, option_list, package_count, order_id, project_package_id, supporting_project_id) VALUES (2219, '["팀 참가"]', 5, 2219, 65, 2219);
INSERT INTO supporting_projects(supporting_project_id, supported_at, delivery_id, payment_id, project_id, user_id) VALUES (2220, (SELECT projects.end_date - INTERVAL 21 DAY FROM projects WHERE projects.id=65), 2220, 2220, 65, 11);
INSERT INTO orders (order_id, created_at, delivery_id, payment_id, supporting_project_id) VALUES (2220, (SELECT projects.end_date - INTERVAL 21 DAY FROM projects WHERE projects.id=65), 1, 2220, 2220);
INSERT INTO supporting_packages(id, option_list, package_count, order_id, project_package_id, supporting_project_id) VALUES (2220, '["개인 참가"]', 9, 2220, 65, 2220);
INSERT INTO supporting_projects(supporting_project_id, supported_at, delivery_id, payment_id, project_id, user_id) VALUES (2221, (SELECT projects.end_date - INTERVAL 8 DAY FROM projects WHERE projects.id=65), 2221, 2221, 65, 13);
INSERT INTO orders (order_id, created_at, delivery_id, payment_id, supporting_project_id) VALUES (2221, (SELECT projects.end_date - INTERVAL 8 DAY FROM projects WHERE projects.id=65), 1, 2221, 2221);
INSERT INTO supporting_packages(id, option_list, package_count, order_id, project_package_id, supporting_project_id) VALUES (2221, '["팀 참가"]', 7, 2221, 65, 2221);
INSERT INTO supporting_projects(supporting_project_id, supported_at, delivery_id, payment_id, project_id, user_id) VALUES (2222, (SELECT projects.end_date - INTERVAL 24 DAY FROM projects WHERE projects.id=65), 2222, 2222, 65, 39);
INSERT INTO orders (order_id, created_at, delivery_id, payment_id, supporting_project_id) VALUES (2222, (SELECT projects.end_date - INTERVAL 24 DAY FROM projects WHERE projects.id=65), 1, 2222, 2222);
INSERT INTO supporting_packages(id, option_list, package_count, order_id, project_package_id, supporting_project_id) VALUES (2222, '["개인 참가"]', 3, 2222, 65, 2222);
INSERT INTO supporting_projects(supporting_project_id, supported_at, delivery_id, payment_id, project_id, user_id) VALUES (2223, (SELECT projects.end_date - INTERVAL 27 DAY FROM projects WHERE projects.id=65), 2223, 2223, 65, 4);
INSERT INTO orders (order_id, created_at, delivery_id, payment_id, supporting_project_id) VALUES (2223, (SELECT projects.end_date - INTERVAL 27 DAY FROM projects WHERE projects.id=65), 1, 2223, 2223);
INSERT INTO supporting_packages(id, option_list, package_count, order_id, project_package_id, supporting_project_id) VALUES (2223, '["개인 참가"]', 5, 2223, 65, 2223);
INSERT INTO supporting_projects(supporting_project_id, supported_at, delivery_id, payment_id, project_id, user_id) VALUES (2224, (SELECT projects.end_date - INTERVAL 14 DAY FROM projects WHERE projects.id=65), 2224, 2224, 65, 28);
INSERT INTO orders (order_id, created_at, delivery_id, payment_id, supporting_project_id) VALUES (2224, (SELECT projects.end_date - INTERVAL 14 DAY FROM projects WHERE projects.id=65), 1, 2224, 2224);
INSERT INTO supporting_packages(id, option_list, package_count, order_id, project_package_id, supporting_project_id) VALUES (2224, '["개인 참가"]', 5, 2224, 65, 2224);
INSERT INTO supporting_projects(supporting_project_id, supported_at, delivery_id, payment_id, project_id, user_id) VALUES (2225, (SELECT projects.end_date - INTERVAL 23 DAY FROM projects WHERE projects.id=65), 2225, 2225, 65, 14);
INSERT INTO orders (order_id, created_at, delivery_id, payment_id, supporting_project_id) VALUES (2225, (SELECT projects.end_date - INTERVAL 23 DAY FROM projects WHERE projects.id=65), 1, 2225, 2225);
INSERT INTO supporting_packages(id, option_list, package_count, order_id, project_package_id, supporting_project_id) VALUES (2225, '["팀 참가"]', 8, 2225, 65, 2225);
INSERT INTO supporting_projects(supporting_project_id, supported_at, delivery_id, payment_id, project_id, user_id) VALUES (2226, (SELECT projects.end_date - INTERVAL 38 DAY FROM projects WHERE projects.id=65), 2226, 2226, 65, 39);
INSERT INTO orders (order_id, created_at, delivery_id, payment_id, supporting_project_id) VALUES (2226, (SELECT projects.end_date - INTERVAL 38 DAY FROM projects WHERE projects.id=65), 1, 2226, 2226);
INSERT INTO supporting_packages(id, option_list, package_count, order_id, project_package_id, supporting_project_id) VALUES (2226, '["전문가 참가"]', 10, 2226, 65, 2226);
INSERT INTO supporting_projects(supporting_project_id, supported_at, delivery_id, payment_id, project_id, user_id) VALUES (2227, (SELECT projects.end_date - INTERVAL 16 DAY FROM projects WHERE projects.id=65), 2227, 2227, 65, 33);
INSERT INTO orders (order_id, created_at, delivery_id, payment_id, supporting_project_id) VALUES (2227, (SELECT projects.end_date - INTERVAL 16 DAY FROM projects WHERE projects.id=65), 1, 2227, 2227);
INSERT INTO supporting_packages(id, option_list, package_count, order_id, project_package_id, supporting_project_id) VALUES (2227, '["전문가 참가"]', 5, 2227, 65, 2227);
INSERT INTO supporting_projects(supporting_project_id, supported_at, delivery_id, payment_id, project_id, user_id) VALUES (2228, (SELECT projects.end_date - INTERVAL 48 DAY FROM projects WHERE projects.id=65), 2228, 2228, 65, 32);
INSERT INTO orders (order_id, created_at, delivery_id, payment_id, supporting_project_id) VALUES (2228, (SELECT projects.end_date - INTERVAL 48 DAY FROM projects WHERE projects.id=65), 1, 2228, 2228);
INSERT INTO supporting_packages(id, option_list, package_count, order_id, project_package_id, supporting_project_id) VALUES (2228, '["전문가 참가"]', 8, 2228, 65, 2228);
INSERT INTO supporting_projects(supporting_project_id, supported_at, delivery_id, payment_id, project_id, user_id) VALUES (2229, (SELECT projects.end_date - INTERVAL 49 DAY FROM projects WHERE projects.id=65), 2229, 2229, 65, 16);
INSERT INTO orders (order_id, created_at, delivery_id, payment_id, supporting_project_id) VALUES (2229, (SELECT projects.end_date - INTERVAL 49 DAY FROM projects WHERE projects.id=65), 1, 2229, 2229);
INSERT INTO supporting_packages(id, option_list, package_count, order_id, project_package_id, supporting_project_id) VALUES (2229, '["팀 참가"]', 6, 2229, 65, 2229);
INSERT INTO supporting_projects(supporting_project_id, supported_at, delivery_id, payment_id, project_id, user_id) VALUES (2230, (SELECT projects.end_date - INTERVAL 14 DAY FROM projects WHERE projects.id=65), 2230, 2230, 65, 24);
INSERT INTO orders (order_id, created_at, delivery_id, payment_id, supporting_project_id) VALUES (2230, (SELECT projects.end_date - INTERVAL 14 DAY FROM projects WHERE projects.id=65), 1, 2230, 2230);
INSERT INTO supporting_packages(id, option_list, package_count, order_id, project_package_id, supporting_project_id) VALUES (2230, '["전문가 참가"]', 10, 2230, 65, 2230);
INSERT INTO supporting_projects(supporting_project_id, supported_at, delivery_id, payment_id, project_id, user_id) VALUES (2231, (SELECT projects.end_date - INTERVAL 49 DAY FROM projects WHERE projects.id=65), 2231, 2231, 65, 29);
INSERT INTO orders (order_id, created_at, delivery_id, payment_id, supporting_project_id) VALUES (2231, (SELECT projects.end_date - INTERVAL 49 DAY FROM projects WHERE projects.id=65), 1, 2231, 2231);
INSERT INTO supporting_packages(id, option_list, package_count, order_id, project_package_id, supporting_project_id) VALUES (2231, '["전문가 참가"]', 8, 2231, 65, 2231);
INSERT INTO supporting_projects(supporting_project_id, supported_at, delivery_id, payment_id, project_id, user_id) VALUES (2232, (SELECT projects.end_date - INTERVAL 15 DAY FROM projects WHERE projects.id=65), 2232, 2232, 65, 19);
INSERT INTO orders (order_id, created_at, delivery_id, payment_id, supporting_project_id) VALUES (2232, (SELECT projects.end_date - INTERVAL 15 DAY FROM projects WHERE projects.id=65), 1, 2232, 2232);
INSERT INTO supporting_packages(id, option_list, package_count, order_id, project_package_id, supporting_project_id) VALUES (2232, '["개인 참가"]', 8, 2232, 65, 2232);
INSERT INTO supporting_projects(supporting_project_id, supported_at, delivery_id, payment_id, project_id, user_id) VALUES (2233, (SELECT projects.end_date - INTERVAL 50 DAY FROM projects WHERE projects.id=65), 2233, 2233, 65, 33);
INSERT INTO orders (order_id, created_at, delivery_id, payment_id, supporting_project_id) VALUES (2233, (SELECT projects.end_date - INTERVAL 50 DAY FROM projects WHERE projects.id=65), 1, 2233, 2233);
INSERT INTO supporting_packages(id, option_list, package_count, order_id, project_package_id, supporting_project_id) VALUES (2233, '["전문가 참가"]', 4, 2233, 65, 2233);
INSERT INTO supporting_projects(supporting_project_id, supported_at, delivery_id, payment_id, project_id, user_id) VALUES (2234, (SELECT projects.end_date - INTERVAL 47 DAY FROM projects WHERE projects.id=65), 2234, 2234, 65, 24);
INSERT INTO orders (order_id, created_at, delivery_id, payment_id, supporting_project_id) VALUES (2234, (SELECT projects.end_date - INTERVAL 47 DAY FROM projects WHERE projects.id=65), 1, 2234, 2234);
INSERT INTO supporting_packages(id, option_list, package_count, order_id, project_package_id, supporting_project_id) VALUES (2234, '["전문가 참가"]', 8, 2234, 65, 2234);
INSERT INTO supporting_projects(supporting_project_id, supported_at, delivery_id, payment_id, project_id, user_id) VALUES (2235, (SELECT projects.end_date - INTERVAL 20 DAY FROM projects WHERE projects.id=65), 2235, 2235, 65, 40);
INSERT INTO orders (order_id, created_at, delivery_id, payment_id, supporting_project_id) VALUES (2235, (SELECT projects.end_date - INTERVAL 20 DAY FROM projects WHERE projects.id=65), 1, 2235, 2235);
INSERT INTO supporting_packages(id, option_list, package_count, order_id, project_package_id, supporting_project_id) VALUES (2235, '["전문가 참가"]', 5, 2235, 65, 2235);
INSERT INTO supporting_projects(supporting_project_id, supported_at, delivery_id, payment_id, project_id, user_id) VALUES (2236, (SELECT projects.end_date - INTERVAL 24 DAY FROM projects WHERE projects.id=65), 2236, 2236, 65, 1);
INSERT INTO orders (order_id, created_at, delivery_id, payment_id, supporting_project_id) VALUES (2236, (SELECT projects.end_date - INTERVAL 24 DAY FROM projects WHERE projects.id=65), 1, 2236, 2236);
INSERT INTO supporting_packages(id, option_list, package_count, order_id, project_package_id, supporting_project_id) VALUES (2236, '["팀 참가"]', 1, 2236, 65, 2236);
INSERT INTO supporting_projects(supporting_project_id, supported_at, delivery_id, payment_id, project_id, user_id) VALUES (2237, (SELECT projects.end_date - INTERVAL 7 DAY FROM projects WHERE projects.id=65), 2237, 2237, 65, 1);
INSERT INTO orders (order_id, created_at, delivery_id, payment_id, supporting_project_id) VALUES (2237, (SELECT projects.end_date - INTERVAL 7 DAY FROM projects WHERE projects.id=65), 1, 2237, 2237);
INSERT INTO supporting_packages(id, option_list, package_count, order_id, project_package_id, supporting_project_id) VALUES (2237, '["개인 참가"]', 4, 2237, 65, 2237);
INSERT INTO supporting_projects(supporting_project_id, supported_at, delivery_id, payment_id, project_id, user_id) VALUES (2238, (SELECT projects.end_date - INTERVAL 46 DAY FROM projects WHERE projects.id=65), 2238, 2238, 65, 9);
INSERT INTO orders (order_id, created_at, delivery_id, payment_id, supporting_project_id) VALUES (2238, (SELECT projects.end_date - INTERVAL 46 DAY FROM projects WHERE projects.id=65), 1, 2238, 2238);
INSERT INTO supporting_packages(id, option_list, package_count, order_id, project_package_id, supporting_project_id) VALUES (2238, '["개인 참가"]', 1, 2238, 65, 2238);
INSERT INTO supporting_projects(supporting_project_id, supported_at, delivery_id, payment_id, project_id, user_id) VALUES (2239, (SELECT projects.end_date - INTERVAL 24 DAY FROM projects WHERE projects.id=65), 2239, 2239, 65, 1);
INSERT INTO orders (order_id, created_at, delivery_id, payment_id, supporting_project_id) VALUES (2239, (SELECT projects.end_date - INTERVAL 24 DAY FROM projects WHERE projects.id=65), 1, 2239, 2239);
INSERT INTO supporting_packages(id, option_list, package_count, order_id, project_package_id, supporting_project_id) VALUES (2239, '["팀 참가"]', 2, 2239, 65, 2239);
INSERT INTO supporting_projects(supporting_project_id, supported_at, delivery_id, payment_id, project_id, user_id) VALUES (2240, (SELECT projects.end_date - INTERVAL 43 DAY FROM projects WHERE projects.id=65), 2240, 2240, 65, 7);
INSERT INTO orders (order_id, created_at, delivery_id, payment_id, supporting_project_id) VALUES (2240, (SELECT projects.end_date - INTERVAL 43 DAY FROM projects WHERE projects.id=65), 1, 2240, 2240);
INSERT INTO supporting_packages(id, option_list, package_count, order_id, project_package_id, supporting_project_id) VALUES (2240, '["개인 참가"]', 6, 2240, 65, 2240);
INSERT INTO supporting_projects(supporting_project_id, supported_at, delivery_id, payment_id, project_id, user_id) VALUES (2241, (SELECT projects.end_date - INTERVAL 12 DAY FROM projects WHERE projects.id=65), 2241, 2241, 65, 2);
INSERT INTO orders (order_id, created_at, delivery_id, payment_id, supporting_project_id) VALUES (2241, (SELECT projects.end_date - INTERVAL 12 DAY FROM projects WHERE projects.id=65), 1, 2241, 2241);
INSERT INTO supporting_packages(id, option_list, package_count, order_id, project_package_id, supporting_project_id) VALUES (2241, '["팀 참가"]', 8, 2241, 65, 2241);
INSERT INTO supporting_projects(supporting_project_id, supported_at, delivery_id, payment_id, project_id, user_id) VALUES (2242, (SELECT projects.end_date - INTERVAL 38 DAY FROM projects WHERE projects.id=65), 2242, 2242, 65, 5);
INSERT INTO orders (order_id, created_at, delivery_id, payment_id, supporting_project_id) VALUES (2242, (SELECT projects.end_date - INTERVAL 38 DAY FROM projects WHERE projects.id=65), 1, 2242, 2242);
INSERT INTO supporting_packages(id, option_list, package_count, order_id, project_package_id, supporting_project_id) VALUES (2242, '["개인 참가"]', 5, 2242, 65, 2242);
INSERT INTO supporting_projects(supporting_project_id, supported_at, delivery_id, payment_id, project_id, user_id) VALUES (2243, (SELECT projects.end_date - INTERVAL 13 DAY FROM projects WHERE projects.id=65), 2243, 2243, 65, 12);
INSERT INTO orders (order_id, created_at, delivery_id, payment_id, supporting_project_id) VALUES (2243, (SELECT projects.end_date - INTERVAL 13 DAY FROM projects WHERE projects.id=65), 1, 2243, 2243);
INSERT INTO supporting_packages(id, option_list, package_count, order_id, project_package_id, supporting_project_id) VALUES (2243, '["전문가 참가"]', 9, 2243, 65, 2243);
INSERT INTO supporting_projects(supporting_project_id, supported_at, delivery_id, payment_id, project_id, user_id) VALUES (2244, (SELECT projects.end_date - INTERVAL 13 DAY FROM projects WHERE projects.id=65), 2244, 2244, 65, 17);
INSERT INTO orders (order_id, created_at, delivery_id, payment_id, supporting_project_id) VALUES (2244, (SELECT projects.end_date - INTERVAL 13 DAY FROM projects WHERE projects.id=65), 1, 2244, 2244);
INSERT INTO supporting_packages(id, option_list, package_count, order_id, project_package_id, supporting_project_id) VALUES (2244, '["팀 참가"]', 1, 2244, 65, 2244);
INSERT INTO supporting_projects(supporting_project_id, supported_at, delivery_id, payment_id, project_id, user_id) VALUES (2245, (SELECT projects.end_date - INTERVAL 8 DAY FROM projects WHERE projects.id=65), 2245, 2245, 65, 40);
INSERT INTO orders (order_id, created_at, delivery_id, payment_id, supporting_project_id) VALUES (2245, (SELECT projects.end_date - INTERVAL 8 DAY FROM projects WHERE projects.id=65), 1, 2245, 2245);
INSERT INTO supporting_packages(id, option_list, package_count, order_id, project_package_id, supporting_project_id) VALUES (2245, '["전문가 참가"]', 5, 2245, 65, 2245);
INSERT INTO supporting_projects(supporting_project_id, supported_at, delivery_id, payment_id, project_id, user_id) VALUES (2246, (SELECT projects.end_date - INTERVAL 42 DAY FROM projects WHERE projects.id=65), 2246, 2246, 65, 30);
INSERT INTO orders (order_id, created_at, delivery_id, payment_id, supporting_project_id) VALUES (2246, (SELECT projects.end_date - INTERVAL 42 DAY FROM projects WHERE projects.id=65), 1, 2246, 2246);
INSERT INTO supporting_packages(id, option_list, package_count, order_id, project_package_id, supporting_project_id) VALUES (2246, '["개인 참가"]', 3, 2246, 65, 2246);
INSERT INTO supporting_projects(supporting_project_id, supported_at, delivery_id, payment_id, project_id, user_id) VALUES (2247, (SELECT projects.end_date - INTERVAL 44 DAY FROM projects WHERE projects.id=65), 2247, 2247, 65, 6);
INSERT INTO orders (order_id, created_at, delivery_id, payment_id, supporting_project_id) VALUES (2247, (SELECT projects.end_date - INTERVAL 44 DAY FROM projects WHERE projects.id=65), 1, 2247, 2247);
INSERT INTO supporting_packages(id, option_list, package_count, order_id, project_package_id, supporting_project_id) VALUES (2247, '["전문가 참가"]', 1, 2247, 65, 2247);
INSERT INTO supporting_projects(supporting_project_id, supported_at, delivery_id, payment_id, project_id, user_id) VALUES (2248, (SELECT projects.end_date - INTERVAL 21 DAY FROM projects WHERE projects.id=65), 2248, 2248, 65, 12);
INSERT INTO orders (order_id, created_at, delivery_id, payment_id, supporting_project_id) VALUES (2248, (SELECT projects.end_date - INTERVAL 21 DAY FROM projects WHERE projects.id=65), 1, 2248, 2248);
INSERT INTO supporting_packages(id, option_list, package_count, order_id, project_package_id, supporting_project_id) VALUES (2248, '["전문가 참가"]', 6, 2248, 65, 2248);
INSERT INTO supporting_projects(supporting_project_id, supported_at, delivery_id, payment_id, project_id, user_id) VALUES (2249, (SELECT projects.end_date - INTERVAL 41 DAY FROM projects WHERE projects.id=65), 2249, 2249, 65, 38);
INSERT INTO orders (order_id, created_at, delivery_id, payment_id, supporting_project_id) VALUES (2249, (SELECT projects.end_date - INTERVAL 41 DAY FROM projects WHERE projects.id=65), 1, 2249, 2249);
INSERT INTO supporting_packages(id, option_list, package_count, order_id, project_package_id, supporting_project_id) VALUES (2249, '["개인 참가"]', 8, 2249, 65, 2249);
INSERT INTO supporting_projects(supporting_project_id, supported_at, delivery_id, payment_id, project_id, user_id) VALUES (2250, (SELECT projects.end_date - INTERVAL 28 DAY FROM projects WHERE projects.id=65), 2250, 2250, 65, 21);
INSERT INTO orders (order_id, created_at, delivery_id, payment_id, supporting_project_id) VALUES (2250, (SELECT projects.end_date - INTERVAL 28 DAY FROM projects WHERE projects.id=65), 1, 2250, 2250);
INSERT INTO supporting_packages(id, option_list, package_count, order_id, project_package_id, supporting_project_id) VALUES (2250, '["팀 참가"]', 7, 2250, 65, 2250);
INSERT INTO supporting_projects(supporting_project_id, supported_at, delivery_id, payment_id, project_id, user_id) VALUES (2251, (SELECT projects.end_date - INTERVAL 17 DAY FROM projects WHERE projects.id=65), 2251, 2251, 65, 26);
INSERT INTO orders (order_id, created_at, delivery_id, payment_id, supporting_project_id) VALUES (2251, (SELECT projects.end_date - INTERVAL 17 DAY FROM projects WHERE projects.id=65), 1, 2251, 2251);
INSERT INTO supporting_packages(id, option_list, package_count, order_id, project_package_id, supporting_project_id) VALUES (2251, '["전문가 참가"]', 9, 2251, 65, 2251);
INSERT INTO supporting_projects(supporting_project_id, supported_at, delivery_id, payment_id, project_id, user_id) VALUES (2252, (SELECT projects.end_date - INTERVAL 33 DAY FROM projects WHERE projects.id=65), 2252, 2252, 65, 40);
INSERT INTO orders (order_id, created_at, delivery_id, payment_id, supporting_project_id) VALUES (2252, (SELECT projects.end_date - INTERVAL 33 DAY FROM projects WHERE projects.id=65), 1, 2252, 2252);
INSERT INTO supporting_packages(id, option_list, package_count, order_id, project_package_id, supporting_project_id) VALUES (2252, '["전문가 참가"]', 4, 2252, 65, 2252);
INSERT INTO supporting_projects(supporting_project_id, supported_at, delivery_id, payment_id, project_id, user_id) VALUES (2253, (SELECT projects.end_date - INTERVAL 22 DAY FROM projects WHERE projects.id=65), 2253, 2253, 65, 21);
INSERT INTO orders (order_id, created_at, delivery_id, payment_id, supporting_project_id) VALUES (2253, (SELECT projects.end_date - INTERVAL 22 DAY FROM projects WHERE projects.id=65), 1, 2253, 2253);
INSERT INTO supporting_packages(id, option_list, package_count, order_id, project_package_id, supporting_project_id) VALUES (2253, '["전문가 참가"]', 4, 2253, 65, 2253);
INSERT INTO supporting_projects(supporting_project_id, supported_at, delivery_id, payment_id, project_id, user_id) VALUES (2254, (SELECT projects.end_date - INTERVAL 13 DAY FROM projects WHERE projects.id=65), 2254, 2254, 65, 6);
INSERT INTO orders (order_id, created_at, delivery_id, payment_id, supporting_project_id) VALUES (2254, (SELECT projects.end_date - INTERVAL 13 DAY FROM projects WHERE projects.id=65), 1, 2254, 2254);
INSERT INTO supporting_packages(id, option_list, package_count, order_id, project_package_id, supporting_project_id) VALUES (2254, '["팀 참가"]', 3, 2254, 65, 2254);
INSERT INTO supporting_projects(supporting_project_id, supported_at, delivery_id, payment_id, project_id, user_id) VALUES (2255, (SELECT projects.end_date - INTERVAL 11 DAY FROM projects WHERE projects.id=65), 2255, 2255, 65, 29);
INSERT INTO orders (order_id, created_at, delivery_id, payment_id, supporting_project_id) VALUES (2255, (SELECT projects.end_date - INTERVAL 11 DAY FROM projects WHERE projects.id=65), 1, 2255, 2255);
INSERT INTO supporting_packages(id, option_list, package_count, order_id, project_package_id, supporting_project_id) VALUES (2255, '["전문가 참가"]', 3, 2255, 65, 2255);
INSERT INTO supporting_projects(supporting_project_id, supported_at, delivery_id, payment_id, project_id, user_id) VALUES (2256, (SELECT projects.end_date - INTERVAL 7 DAY FROM projects WHERE projects.id=65), 2256, 2256, 65, 1);
INSERT INTO orders (order_id, created_at, delivery_id, payment_id, supporting_project_id) VALUES (2256, (SELECT projects.end_date - INTERVAL 7 DAY FROM projects WHERE projects.id=65), 1, 2256, 2256);
INSERT INTO supporting_packages(id, option_list, package_count, order_id, project_package_id, supporting_project_id) VALUES (2256, '["개인 참가"]', 5, 2256, 65, 2256);
INSERT INTO supporting_projects(supporting_project_id, supported_at, delivery_id, payment_id, project_id, user_id) VALUES (2257, (SELECT projects.end_date - INTERVAL 33 DAY FROM projects WHERE projects.id=65), 2257, 2257, 65, 32);
INSERT INTO orders (order_id, created_at, delivery_id, payment_id, supporting_project_id) VALUES (2257, (SELECT projects.end_date - INTERVAL 33 DAY FROM projects WHERE projects.id=65), 1, 2257, 2257);
INSERT INTO supporting_packages(id, option_list, package_count, order_id, project_package_id, supporting_project_id) VALUES (2257, '["팀 참가"]', 9, 2257, 65, 2257);
INSERT INTO supporting_projects(supporting_project_id, supported_at, delivery_id, payment_id, project_id, user_id) VALUES (2258, (SELECT projects.end_date - INTERVAL 49 DAY FROM projects WHERE projects.id=65), 2258, 2258, 65, 15);
INSERT INTO orders (order_id, created_at, delivery_id, payment_id, supporting_project_id) VALUES (2258, (SELECT projects.end_date - INTERVAL 49 DAY FROM projects WHERE projects.id=65), 1, 2258, 2258);
INSERT INTO supporting_packages(id, option_list, package_count, order_id, project_package_id, supporting_project_id) VALUES (2258, '["개인 참가"]', 9, 2258, 65, 2258);
INSERT INTO supporting_projects(supporting_project_id, supported_at, delivery_id, payment_id, project_id, user_id) VALUES (2259, (SELECT projects.end_date - INTERVAL 28 DAY FROM projects WHERE projects.id=65), 2259, 2259, 65, 9);
INSERT INTO orders (order_id, created_at, delivery_id, payment_id, supporting_project_id) VALUES (2259, (SELECT projects.end_date - INTERVAL 28 DAY FROM projects WHERE projects.id=65), 1, 2259, 2259);
INSERT INTO supporting_packages(id, option_list, package_count, order_id, project_package_id, supporting_project_id) VALUES (2259, '["팀 참가"]', 2, 2259, 65, 2259);
INSERT INTO supporting_projects(supporting_project_id, supported_at, delivery_id, payment_id, project_id, user_id) VALUES (2260, (SELECT projects.end_date - INTERVAL 30 DAY FROM projects WHERE projects.id=65), 2260, 2260, 65, 15);
INSERT INTO orders (order_id, created_at, delivery_id, payment_id, supporting_project_id) VALUES (2260, (SELECT projects.end_date - INTERVAL 30 DAY FROM projects WHERE projects.id=65), 1, 2260, 2260);
INSERT INTO supporting_packages(id, option_list, package_count, order_id, project_package_id, supporting_project_id) VALUES (2260, '["개인 참가"]', 8, 2260, 65, 2260);
INSERT INTO supporting_projects(supporting_project_id, supported_at, delivery_id, payment_id, project_id, user_id) VALUES (2261, (SELECT projects.end_date - INTERVAL 36 DAY FROM projects WHERE projects.id=65), 2261, 2261, 65, 39);
INSERT INTO orders (order_id, created_at, delivery_id, payment_id, supporting_project_id) VALUES (2261, (SELECT projects.end_date - INTERVAL 36 DAY FROM projects WHERE projects.id=65), 1, 2261, 2261);
INSERT INTO supporting_packages(id, option_list, package_count, order_id, project_package_id, supporting_project_id) VALUES (2261, '["개인 참가"]', 2, 2261, 65, 2261);
INSERT INTO supporting_projects(supporting_project_id, supported_at, delivery_id, payment_id, project_id, user_id) VALUES (2262, (SELECT projects.end_date - INTERVAL 21 DAY FROM projects WHERE projects.id=65), 2262, 2262, 65, 37);
INSERT INTO orders (order_id, created_at, delivery_id, payment_id, supporting_project_id) VALUES (2262, (SELECT projects.end_date - INTERVAL 21 DAY FROM projects WHERE projects.id=65), 1, 2262, 2262);
INSERT INTO supporting_packages(id, option_list, package_count, order_id, project_package_id, supporting_project_id) VALUES (2262, '["팀 참가"]', 1, 2262, 65, 2262);
INSERT INTO supporting_projects(supporting_project_id, supported_at, delivery_id, payment_id, project_id, user_id) VALUES (2263, (SELECT projects.end_date - INTERVAL 48 DAY FROM projects WHERE projects.id=65), 2263, 2263, 65, 12);
INSERT INTO orders (order_id, created_at, delivery_id, payment_id, supporting_project_id) VALUES (2263, (SELECT projects.end_date - INTERVAL 48 DAY FROM projects WHERE projects.id=65), 1, 2263, 2263);
INSERT INTO supporting_packages(id, option_list, package_count, order_id, project_package_id, supporting_project_id) VALUES (2263, '["개인 참가"]', 6, 2263, 65, 2263);
INSERT INTO supporting_projects(supporting_project_id, supported_at, delivery_id, payment_id, project_id, user_id) VALUES (2264, (SELECT projects.end_date - INTERVAL 33 DAY FROM projects WHERE projects.id=65), 2264, 2264, 65, 34);
INSERT INTO orders (order_id, created_at, delivery_id, payment_id, supporting_project_id) VALUES (2264, (SELECT projects.end_date - INTERVAL 33 DAY FROM projects WHERE projects.id=65), 1, 2264, 2264);
INSERT INTO supporting_packages(id, option_list, package_count, order_id, project_package_id, supporting_project_id) VALUES (2264, '["팀 참가"]', 7, 2264, 65, 2264);
INSERT INTO supporting_projects(supporting_project_id, supported_at, delivery_id, payment_id, project_id, user_id) VALUES (2265, (SELECT projects.end_date - INTERVAL 8 DAY FROM projects WHERE projects.id=65), 2265, 2265, 65, 25);
INSERT INTO orders (order_id, created_at, delivery_id, payment_id, supporting_project_id) VALUES (2265, (SELECT projects.end_date - INTERVAL 8 DAY FROM projects WHERE projects.id=65), 1, 2265, 2265);
INSERT INTO supporting_packages(id, option_list, package_count, order_id, project_package_id, supporting_project_id) VALUES (2265, '["전문가 참가"]', 9, 2265, 65, 2265);
INSERT INTO supporting_projects(supporting_project_id, supported_at, delivery_id, payment_id, project_id, user_id) VALUES (2266, (SELECT projects.end_date - INTERVAL 21 DAY FROM projects WHERE projects.id=65), 2266, 2266, 65, 12);
INSERT INTO orders (order_id, created_at, delivery_id, payment_id, supporting_project_id) VALUES (2266, (SELECT projects.end_date - INTERVAL 21 DAY FROM projects WHERE projects.id=65), 1, 2266, 2266);
INSERT INTO supporting_packages(id, option_list, package_count, order_id, project_package_id, supporting_project_id) VALUES (2266, '["팀 참가"]', 9, 2266, 65, 2266);
INSERT INTO supporting_projects(supporting_project_id, supported_at, delivery_id, payment_id, project_id, user_id) VALUES (2267, (SELECT projects.end_date - INTERVAL 17 DAY FROM projects WHERE projects.id=65), 2267, 2267, 65, 32);
INSERT INTO orders (order_id, created_at, delivery_id, payment_id, supporting_project_id) VALUES (2267, (SELECT projects.end_date - INTERVAL 17 DAY FROM projects WHERE projects.id=65), 1, 2267, 2267);
INSERT INTO supporting_packages(id, option_list, package_count, order_id, project_package_id, supporting_project_id) VALUES (2267, '["전문가 참가"]', 4, 2267, 65, 2267);
INSERT INTO supporting_projects(supporting_project_id, supported_at, delivery_id, payment_id, project_id, user_id) VALUES (2268, (SELECT projects.end_date - INTERVAL 50 DAY FROM projects WHERE projects.id=65), 2268, 2268, 65, 3);
INSERT INTO orders (order_id, created_at, delivery_id, payment_id, supporting_project_id) VALUES (2268, (SELECT projects.end_date - INTERVAL 50 DAY FROM projects WHERE projects.id=65), 1, 2268, 2268);
INSERT INTO supporting_packages(id, option_list, package_count, order_id, project_package_id, supporting_project_id) VALUES (2268, '["전문가 참가"]', 2, 2268, 65, 2268);
INSERT INTO supporting_projects(supporting_project_id, supported_at, delivery_id, payment_id, project_id, user_id) VALUES (2269, (SELECT projects.end_date - INTERVAL 9 DAY FROM projects WHERE projects.id=65), 2269, 2269, 65, 24);
INSERT INTO orders (order_id, created_at, delivery_id, payment_id, supporting_project_id) VALUES (2269, (SELECT projects.end_date - INTERVAL 9 DAY FROM projects WHERE projects.id=65), 1, 2269, 2269);
INSERT INTO supporting_packages(id, option_list, package_count, order_id, project_package_id, supporting_project_id) VALUES (2269, '["전문가 참가"]', 7, 2269, 65, 2269);
INSERT INTO supporting_projects(supporting_project_id, supported_at, delivery_id, payment_id, project_id, user_id) VALUES (2270, (SELECT projects.end_date - INTERVAL 32 DAY FROM projects WHERE projects.id=65), 2270, 2270, 65, 39);
INSERT INTO orders (order_id, created_at, delivery_id, payment_id, supporting_project_id) VALUES (2270, (SELECT projects.end_date - INTERVAL 32 DAY FROM projects WHERE projects.id=65), 1, 2270, 2270);
INSERT INTO supporting_packages(id, option_list, package_count, order_id, project_package_id, supporting_project_id) VALUES (2270, '["전문가 참가"]', 2, 2270, 65, 2270);
INSERT INTO supporting_projects(supporting_project_id, supported_at, delivery_id, payment_id, project_id, user_id) VALUES (2271, (SELECT projects.end_date - INTERVAL 35 DAY FROM projects WHERE projects.id=65), 2271, 2271, 65, 16);
INSERT INTO orders (order_id, created_at, delivery_id, payment_id, supporting_project_id) VALUES (2271, (SELECT projects.end_date - INTERVAL 35 DAY FROM projects WHERE projects.id=65), 1, 2271, 2271);
INSERT INTO supporting_packages(id, option_list, package_count, order_id, project_package_id, supporting_project_id) VALUES (2271, '["개인 참가"]', 10, 2271, 65, 2271);
INSERT INTO supporting_projects(supporting_project_id, supported_at, delivery_id, payment_id, project_id, user_id) VALUES (2272, (SELECT projects.end_date - INTERVAL 45 DAY FROM projects WHERE projects.id=65), 2272, 2272, 65, 18);
INSERT INTO orders (order_id, created_at, delivery_id, payment_id, supporting_project_id) VALUES (2272, (SELECT projects.end_date - INTERVAL 45 DAY FROM projects WHERE projects.id=65), 1, 2272, 2272);
INSERT INTO supporting_packages(id, option_list, package_count, order_id, project_package_id, supporting_project_id) VALUES (2272, '["팀 참가"]', 7, 2272, 65, 2272);
INSERT INTO supporting_projects(supporting_project_id, supported_at, delivery_id, payment_id, project_id, user_id) VALUES (2273, (SELECT projects.end_date - INTERVAL 11 DAY FROM projects WHERE projects.id=65), 2273, 2273, 65, 14);
INSERT INTO orders (order_id, created_at, delivery_id, payment_id, supporting_project_id) VALUES (2273, (SELECT projects.end_date - INTERVAL 11 DAY FROM projects WHERE projects.id=65), 1, 2273, 2273);
INSERT INTO supporting_packages(id, option_list, package_count, order_id, project_package_id, supporting_project_id) VALUES (2273, '["전문가 참가"]', 1, 2273, 65, 2273);
INSERT INTO supporting_projects(supporting_project_id, supported_at, delivery_id, payment_id, project_id, user_id) VALUES (2274, (SELECT projects.end_date - INTERVAL 25 DAY FROM projects WHERE projects.id=65), 2274, 2274, 65, 35);
INSERT INTO orders (order_id, created_at, delivery_id, payment_id, supporting_project_id) VALUES (2274, (SELECT projects.end_date - INTERVAL 25 DAY FROM projects WHERE projects.id=65), 1, 2274, 2274);
INSERT INTO supporting_packages(id, option_list, package_count, order_id, project_package_id, supporting_project_id) VALUES (2274, '["팀 참가"]', 3, 2274, 65, 2274);
INSERT INTO supporting_projects(supporting_project_id, supported_at, delivery_id, payment_id, project_id, user_id) VALUES (2275, (SELECT projects.end_date - INTERVAL 31 DAY FROM projects WHERE projects.id=65), 2275, 2275, 65, 8);
INSERT INTO orders (order_id, created_at, delivery_id, payment_id, supporting_project_id) VALUES (2275, (SELECT projects.end_date - INTERVAL 31 DAY FROM projects WHERE projects.id=65), 1, 2275, 2275);
INSERT INTO supporting_packages(id, option_list, package_count, order_id, project_package_id, supporting_project_id) VALUES (2275, '["팀 참가"]', 3, 2275, 65, 2275);
INSERT INTO supporting_projects(supporting_project_id, supported_at, delivery_id, payment_id, project_id, user_id) VALUES (2276, (SELECT projects.end_date - INTERVAL 11 DAY FROM projects WHERE projects.id=65), 2276, 2276, 65, 24);
INSERT INTO orders (order_id, created_at, delivery_id, payment_id, supporting_project_id) VALUES (2276, (SELECT projects.end_date - INTERVAL 11 DAY FROM projects WHERE projects.id=65), 1, 2276, 2276);
INSERT INTO supporting_packages(id, option_list, package_count, order_id, project_package_id, supporting_project_id) VALUES (2276, '["전문가 참가"]', 2, 2276, 65, 2276);
INSERT INTO supporting_projects(supporting_project_id, supported_at, delivery_id, payment_id, project_id, user_id) VALUES (2277, (SELECT projects.end_date - INTERVAL 31 DAY FROM projects WHERE projects.id=65), 2277, 2277, 65, 2);
INSERT INTO orders (order_id, created_at, delivery_id, payment_id, supporting_project_id) VALUES (2277, (SELECT projects.end_date - INTERVAL 31 DAY FROM projects WHERE projects.id=65), 1, 2277, 2277);
INSERT INTO supporting_packages(id, option_list, package_count, order_id, project_package_id, supporting_project_id) VALUES (2277, '["전문가 참가"]', 2, 2277, 65, 2277);
INSERT INTO supporting_projects(supporting_project_id, supported_at, delivery_id, payment_id, project_id, user_id) VALUES (2278, (SELECT projects.end_date - INTERVAL 48 DAY FROM projects WHERE projects.id=65), 2278, 2278, 65, 4);
INSERT INTO orders (order_id, created_at, delivery_id, payment_id, supporting_project_id) VALUES (2278, (SELECT projects.end_date - INTERVAL 48 DAY FROM projects WHERE projects.id=65), 1, 2278, 2278);
INSERT INTO supporting_packages(id, option_list, package_count, order_id, project_package_id, supporting_project_id) VALUES (2278, '["팀 참가"]', 5, 2278, 65, 2278);
INSERT INTO supporting_projects(supporting_project_id, supported_at, delivery_id, payment_id, project_id, user_id) VALUES (2279, (SELECT projects.end_date - INTERVAL 11 DAY FROM projects WHERE projects.id=65), 2279, 2279, 65, 34);
INSERT INTO orders (order_id, created_at, delivery_id, payment_id, supporting_project_id) VALUES (2279, (SELECT projects.end_date - INTERVAL 11 DAY FROM projects WHERE projects.id=65), 1, 2279, 2279);
INSERT INTO supporting_packages(id, option_list, package_count, order_id, project_package_id, supporting_project_id) VALUES (2279, '["개인 참가"]', 7, 2279, 65, 2279);
INSERT INTO supporting_projects(supporting_project_id, supported_at, delivery_id, payment_id, project_id, user_id) VALUES (2280, (SELECT projects.end_date - INTERVAL 13 DAY FROM projects WHERE projects.id=65), 2280, 2280, 65, 12);
INSERT INTO orders (order_id, created_at, delivery_id, payment_id, supporting_project_id) VALUES (2280, (SELECT projects.end_date - INTERVAL 13 DAY FROM projects WHERE projects.id=65), 1, 2280, 2280);
INSERT INTO supporting_packages(id, option_list, package_count, order_id, project_package_id, supporting_project_id) VALUES (2280, '["전문가 참가"]', 10, 2280, 65, 2280);
INSERT INTO supporting_projects(supporting_project_id, supported_at, delivery_id, payment_id, project_id, user_id) VALUES (2281, (SELECT projects.end_date - INTERVAL 24 DAY FROM projects WHERE projects.id=65), 2281, 2281, 65, 32);
INSERT INTO orders (order_id, created_at, delivery_id, payment_id, supporting_project_id) VALUES (2281, (SELECT projects.end_date - INTERVAL 24 DAY FROM projects WHERE projects.id=65), 1, 2281, 2281);
INSERT INTO supporting_packages(id, option_list, package_count, order_id, project_package_id, supporting_project_id) VALUES (2281, '["전문가 참가"]', 7, 2281, 65, 2281);
INSERT INTO supporting_projects(supporting_project_id, supported_at, delivery_id, payment_id, project_id, user_id) VALUES (2282, (SELECT projects.end_date - INTERVAL 14 DAY FROM projects WHERE projects.id=65), 2282, 2282, 65, 6);
INSERT INTO orders (order_id, created_at, delivery_id, payment_id, supporting_project_id) VALUES (2282, (SELECT projects.end_date - INTERVAL 14 DAY FROM projects WHERE projects.id=65), 1, 2282, 2282);
INSERT INTO supporting_packages(id, option_list, package_count, order_id, project_package_id, supporting_project_id) VALUES (2282, '["개인 참가"]', 3, 2282, 65, 2282);
INSERT INTO supporting_projects(supporting_project_id, supported_at, delivery_id, payment_id, project_id, user_id) VALUES (2283, (SELECT projects.end_date - INTERVAL 45 DAY FROM projects WHERE projects.id=65), 2283, 2283, 65, 34);
INSERT INTO orders (order_id, created_at, delivery_id, payment_id, supporting_project_id) VALUES (2283, (SELECT projects.end_date - INTERVAL 45 DAY FROM projects WHERE projects.id=65), 1, 2283, 2283);
INSERT INTO supporting_packages(id, option_list, package_count, order_id, project_package_id, supporting_project_id) VALUES (2283, '["팀 참가"]', 5, 2283, 65, 2283);
INSERT INTO supporting_projects(supporting_project_id, supported_at, delivery_id, payment_id, project_id, user_id) VALUES (2284, (SELECT projects.end_date - INTERVAL 16 DAY FROM projects WHERE projects.id=65), 2284, 2284, 65, 13);
INSERT INTO orders (order_id, created_at, delivery_id, payment_id, supporting_project_id) VALUES (2284, (SELECT projects.end_date - INTERVAL 16 DAY FROM projects WHERE projects.id=65), 1, 2284, 2284);
INSERT INTO supporting_packages(id, option_list, package_count, order_id, project_package_id, supporting_project_id) VALUES (2284, '["팀 참가"]', 8, 2284, 65, 2284);
INSERT INTO supporting_projects(supporting_project_id, supported_at, delivery_id, payment_id, project_id, user_id) VALUES (2285, (SELECT projects.end_date - INTERVAL 8 DAY FROM projects WHERE projects.id=65), 2285, 2285, 65, 8);
INSERT INTO orders (order_id, created_at, delivery_id, payment_id, supporting_project_id) VALUES (2285, (SELECT projects.end_date - INTERVAL 8 DAY FROM projects WHERE projects.id=65), 1, 2285, 2285);
INSERT INTO supporting_packages(id, option_list, package_count, order_id, project_package_id, supporting_project_id) VALUES (2285, '["팀 참가"]', 8, 2285, 65, 2285);
INSERT INTO supporting_projects(supporting_project_id, supported_at, delivery_id, payment_id, project_id, user_id) VALUES (2286, (SELECT projects.end_date - INTERVAL 10 DAY FROM projects WHERE projects.id=65), 2286, 2286, 65, 15);
INSERT INTO orders (order_id, created_at, delivery_id, payment_id, supporting_project_id) VALUES (2286, (SELECT projects.end_date - INTERVAL 10 DAY FROM projects WHERE projects.id=65), 1, 2286, 2286);
INSERT INTO supporting_packages(id, option_list, package_count, order_id, project_package_id, supporting_project_id) VALUES (2286, '["팀 참가"]', 10, 2286, 65, 2286);
INSERT INTO supporting_projects(supporting_project_id, supported_at, delivery_id, payment_id, project_id, user_id) VALUES (2287, (SELECT projects.end_date - INTERVAL 11 DAY FROM projects WHERE projects.id=65), 2287, 2287, 65, 6);
INSERT INTO orders (order_id, created_at, delivery_id, payment_id, supporting_project_id) VALUES (2287, (SELECT projects.end_date - INTERVAL 11 DAY FROM projects WHERE projects.id=65), 1, 2287, 2287);
INSERT INTO supporting_packages(id, option_list, package_count, order_id, project_package_id, supporting_project_id) VALUES (2287, '["전문가 참가"]', 9, 2287, 65, 2287);
INSERT INTO supporting_projects(supporting_project_id, supported_at, delivery_id, payment_id, project_id, user_id) VALUES (2288, (SELECT projects.end_date - INTERVAL 25 DAY FROM projects WHERE projects.id=65), 2288, 2288, 65, 39);
INSERT INTO orders (order_id, created_at, delivery_id, payment_id, supporting_project_id) VALUES (2288, (SELECT projects.end_date - INTERVAL 25 DAY FROM projects WHERE projects.id=65), 1, 2288, 2288);
INSERT INTO supporting_packages(id, option_list, package_count, order_id, project_package_id, supporting_project_id) VALUES (2288, '["전문가 참가"]', 5, 2288, 65, 2288);
INSERT INTO supporting_projects(supporting_project_id, supported_at, delivery_id, payment_id, project_id, user_id) VALUES (2289, (SELECT projects.end_date - INTERVAL 18 DAY FROM projects WHERE projects.id=67), 2289, 2289, 67, 40);
INSERT INTO orders (order_id, created_at, delivery_id, payment_id, supporting_project_id) VALUES (2289, (SELECT projects.end_date - INTERVAL 18 DAY FROM projects WHERE projects.id=67), 1, 2289, 2289);
INSERT INTO supporting_packages(id, option_list, package_count, order_id, project_package_id, supporting_project_id) VALUES (2289, '["LP"]', 8, 2289, 67, 2289);
INSERT INTO supporting_projects(supporting_project_id, supported_at, delivery_id, payment_id, project_id, user_id) VALUES (2290, (SELECT projects.end_date - INTERVAL 43 DAY FROM projects WHERE projects.id=67), 2290, 2290, 67, 23);
INSERT INTO orders (order_id, created_at, delivery_id, payment_id, supporting_project_id) VALUES (2290, (SELECT projects.end_date - INTERVAL 43 DAY FROM projects WHERE projects.id=67), 1, 2290, 2290);
INSERT INTO supporting_packages(id, option_list, package_count, order_id, project_package_id, supporting_project_id) VALUES (2290, '["CD"]', 8, 2290, 67, 2290);
INSERT INTO supporting_projects(supporting_project_id, supported_at, delivery_id, payment_id, project_id, user_id) VALUES (2291, (SELECT projects.end_date - INTERVAL 22 DAY FROM projects WHERE projects.id=67), 2291, 2291, 67, 39);
INSERT INTO orders (order_id, created_at, delivery_id, payment_id, supporting_project_id) VALUES (2291, (SELECT projects.end_date - INTERVAL 22 DAY FROM projects WHERE projects.id=67), 1, 2291, 2291);
INSERT INTO supporting_packages(id, option_list, package_count, order_id, project_package_id, supporting_project_id) VALUES (2291, '["LP"]', 7, 2291, 67, 2291);
INSERT INTO supporting_projects(supporting_project_id, supported_at, delivery_id, payment_id, project_id, user_id) VALUES (2292, (SELECT projects.end_date - INTERVAL 10 DAY FROM projects WHERE projects.id=67), 2292, 2292, 67, 23);
INSERT INTO orders (order_id, created_at, delivery_id, payment_id, supporting_project_id) VALUES (2292, (SELECT projects.end_date - INTERVAL 10 DAY FROM projects WHERE projects.id=67), 1, 2292, 2292);
INSERT INTO supporting_packages(id, option_list, package_count, order_id, project_package_id, supporting_project_id) VALUES (2292, '["디지털 다운로드"]', 2, 2292, 67, 2292);
INSERT INTO supporting_projects(supporting_project_id, supported_at, delivery_id, payment_id, project_id, user_id) VALUES (2293, (SELECT projects.end_date - INTERVAL 24 DAY FROM projects WHERE projects.id=67), 2293, 2293, 67, 7);
INSERT INTO orders (order_id, created_at, delivery_id, payment_id, supporting_project_id) VALUES (2293, (SELECT projects.end_date - INTERVAL 24 DAY FROM projects WHERE projects.id=67), 1, 2293, 2293);
INSERT INTO supporting_packages(id, option_list, package_count, order_id, project_package_id, supporting_project_id) VALUES (2293, '["CD"]', 7, 2293, 67, 2293);
INSERT INTO supporting_projects(supporting_project_id, supported_at, delivery_id, payment_id, project_id, user_id) VALUES (2294, (SELECT projects.end_date - INTERVAL 25 DAY FROM projects WHERE projects.id=67), 2294, 2294, 67, 23);
INSERT INTO orders (order_id, created_at, delivery_id, payment_id, supporting_project_id) VALUES (2294, (SELECT projects.end_date - INTERVAL 25 DAY FROM projects WHERE projects.id=67), 1, 2294, 2294);
INSERT INTO supporting_packages(id, option_list, package_count, order_id, project_package_id, supporting_project_id) VALUES (2294, '["디지털 다운로드"]', 6, 2294, 67, 2294);
INSERT INTO supporting_projects(supporting_project_id, supported_at, delivery_id, payment_id, project_id, user_id) VALUES (2295, (SELECT projects.end_date - INTERVAL 25 DAY FROM projects WHERE projects.id=67), 2295, 2295, 67, 36);
INSERT INTO orders (order_id, created_at, delivery_id, payment_id, supporting_project_id) VALUES (2295, (SELECT projects.end_date - INTERVAL 25 DAY FROM projects WHERE projects.id=67), 1, 2295, 2295);
INSERT INTO supporting_packages(id, option_list, package_count, order_id, project_package_id, supporting_project_id) VALUES (2295, '["CD"]', 5, 2295, 67, 2295);
INSERT INTO supporting_projects(supporting_project_id, supported_at, delivery_id, payment_id, project_id, user_id) VALUES (2296, (SELECT projects.end_date - INTERVAL 9 DAY FROM projects WHERE projects.id=67), 2296, 2296, 67, 16);
INSERT INTO orders (order_id, created_at, delivery_id, payment_id, supporting_project_id) VALUES (2296, (SELECT projects.end_date - INTERVAL 9 DAY FROM projects WHERE projects.id=67), 1, 2296, 2296);
INSERT INTO supporting_packages(id, option_list, package_count, order_id, project_package_id, supporting_project_id) VALUES (2296, '["LP"]', 1, 2296, 67, 2296);
INSERT INTO supporting_projects(supporting_project_id, supported_at, delivery_id, payment_id, project_id, user_id) VALUES (2297, (SELECT projects.end_date - INTERVAL 38 DAY FROM projects WHERE projects.id=67), 2297, 2297, 67, 10);
INSERT INTO orders (order_id, created_at, delivery_id, payment_id, supporting_project_id) VALUES (2297, (SELECT projects.end_date - INTERVAL 38 DAY FROM projects WHERE projects.id=67), 1, 2297, 2297);
INSERT INTO supporting_packages(id, option_list, package_count, order_id, project_package_id, supporting_project_id) VALUES (2297, '["디지털 다운로드"]', 3, 2297, 67, 2297);
INSERT INTO supporting_projects(supporting_project_id, supported_at, delivery_id, payment_id, project_id, user_id) VALUES (2298, (SELECT projects.end_date - INTERVAL 27 DAY FROM projects WHERE projects.id=67), 2298, 2298, 67, 2);
INSERT INTO orders (order_id, created_at, delivery_id, payment_id, supporting_project_id) VALUES (2298, (SELECT projects.end_date - INTERVAL 27 DAY FROM projects WHERE projects.id=67), 1, 2298, 2298);
INSERT INTO supporting_packages(id, option_list, package_count, order_id, project_package_id, supporting_project_id) VALUES (2298, '["디지털 다운로드"]', 4, 2298, 67, 2298);
INSERT INTO supporting_projects(supporting_project_id, supported_at, delivery_id, payment_id, project_id, user_id) VALUES (2299, (SELECT projects.end_date - INTERVAL 17 DAY FROM projects WHERE projects.id=67), 2299, 2299, 67, 18);
INSERT INTO orders (order_id, created_at, delivery_id, payment_id, supporting_project_id) VALUES (2299, (SELECT projects.end_date - INTERVAL 17 DAY FROM projects WHERE projects.id=67), 1, 2299, 2299);
INSERT INTO supporting_packages(id, option_list, package_count, order_id, project_package_id, supporting_project_id) VALUES (2299, '["CD"]', 5, 2299, 67, 2299);
INSERT INTO supporting_projects(supporting_project_id, supported_at, delivery_id, payment_id, project_id, user_id) VALUES (2300, (SELECT projects.end_date - INTERVAL 21 DAY FROM projects WHERE projects.id=67), 2300, 2300, 67, 28);
INSERT INTO orders (order_id, created_at, delivery_id, payment_id, supporting_project_id) VALUES (2300, (SELECT projects.end_date - INTERVAL 21 DAY FROM projects WHERE projects.id=67), 1, 2300, 2300);
INSERT INTO supporting_packages(id, option_list, package_count, order_id, project_package_id, supporting_project_id) VALUES (2300, '["디지털 다운로드"]', 7, 2300, 67, 2300);
INSERT INTO supporting_projects(supporting_project_id, supported_at, delivery_id, payment_id, project_id, user_id) VALUES (2301, (SELECT projects.end_date - INTERVAL 12 DAY FROM projects WHERE projects.id=67), 2301, 2301, 67, 9);
INSERT INTO orders (order_id, created_at, delivery_id, payment_id, supporting_project_id) VALUES (2301, (SELECT projects.end_date - INTERVAL 12 DAY FROM projects WHERE projects.id=67), 1, 2301, 2301);
INSERT INTO supporting_packages(id, option_list, package_count, order_id, project_package_id, supporting_project_id) VALUES (2301, '["CD"]', 3, 2301, 67, 2301);
INSERT INTO supporting_projects(supporting_project_id, supported_at, delivery_id, payment_id, project_id, user_id) VALUES (2302, (SELECT projects.end_date - INTERVAL 13 DAY FROM projects WHERE projects.id=67), 2302, 2302, 67, 29);
INSERT INTO orders (order_id, created_at, delivery_id, payment_id, supporting_project_id) VALUES (2302, (SELECT projects.end_date - INTERVAL 13 DAY FROM projects WHERE projects.id=67), 1, 2302, 2302);
INSERT INTO supporting_packages(id, option_list, package_count, order_id, project_package_id, supporting_project_id) VALUES (2302, '["CD"]', 2, 2302, 67, 2302);
INSERT INTO supporting_projects(supporting_project_id, supported_at, delivery_id, payment_id, project_id, user_id) VALUES (2303, (SELECT projects.end_date - INTERVAL 10 DAY FROM projects WHERE projects.id=67), 2303, 2303, 67, 18);
INSERT INTO orders (order_id, created_at, delivery_id, payment_id, supporting_project_id) VALUES (2303, (SELECT projects.end_date - INTERVAL 10 DAY FROM projects WHERE projects.id=67), 1, 2303, 2303);
INSERT INTO supporting_packages(id, option_list, package_count, order_id, project_package_id, supporting_project_id) VALUES (2303, '["CD"]', 1, 2303, 67, 2303);
INSERT INTO supporting_projects(supporting_project_id, supported_at, delivery_id, payment_id, project_id, user_id) VALUES (2304, (SELECT projects.end_date - INTERVAL 10 DAY FROM projects WHERE projects.id=67), 2304, 2304, 67, 7);
INSERT INTO orders (order_id, created_at, delivery_id, payment_id, supporting_project_id) VALUES (2304, (SELECT projects.end_date - INTERVAL 10 DAY FROM projects WHERE projects.id=67), 1, 2304, 2304);
INSERT INTO supporting_packages(id, option_list, package_count, order_id, project_package_id, supporting_project_id) VALUES (2304, '["LP"]', 2, 2304, 67, 2304);
INSERT INTO supporting_projects(supporting_project_id, supported_at, delivery_id, payment_id, project_id, user_id) VALUES (2305, (SELECT projects.end_date - INTERVAL 48 DAY FROM projects WHERE projects.id=67), 2305, 2305, 67, 24);
INSERT INTO orders (order_id, created_at, delivery_id, payment_id, supporting_project_id) VALUES (2305, (SELECT projects.end_date - INTERVAL 48 DAY FROM projects WHERE projects.id=67), 1, 2305, 2305);
INSERT INTO supporting_packages(id, option_list, package_count, order_id, project_package_id, supporting_project_id) VALUES (2305, '["LP"]', 6, 2305, 67, 2305);
INSERT INTO supporting_projects(supporting_project_id, supported_at, delivery_id, payment_id, project_id, user_id) VALUES (2306, (SELECT projects.end_date - INTERVAL 19 DAY FROM projects WHERE projects.id=67), 2306, 2306, 67, 3);
INSERT INTO orders (order_id, created_at, delivery_id, payment_id, supporting_project_id) VALUES (2306, (SELECT projects.end_date - INTERVAL 19 DAY FROM projects WHERE projects.id=67), 1, 2306, 2306);
INSERT INTO supporting_packages(id, option_list, package_count, order_id, project_package_id, supporting_project_id) VALUES (2306, '["CD"]', 5, 2306, 67, 2306);
INSERT INTO supporting_projects(supporting_project_id, supported_at, delivery_id, payment_id, project_id, user_id) VALUES (2307, (SELECT projects.end_date - INTERVAL 50 DAY FROM projects WHERE projects.id=67), 2307, 2307, 67, 32);
INSERT INTO orders (order_id, created_at, delivery_id, payment_id, supporting_project_id) VALUES (2307, (SELECT projects.end_date - INTERVAL 50 DAY FROM projects WHERE projects.id=67), 1, 2307, 2307);
INSERT INTO supporting_packages(id, option_list, package_count, order_id, project_package_id, supporting_project_id) VALUES (2307, '["LP"]', 3, 2307, 67, 2307);
INSERT INTO supporting_projects(supporting_project_id, supported_at, delivery_id, payment_id, project_id, user_id) VALUES (2308, (SELECT projects.end_date - INTERVAL 39 DAY FROM projects WHERE projects.id=67), 2308, 2308, 67, 3);
INSERT INTO orders (order_id, created_at, delivery_id, payment_id, supporting_project_id) VALUES (2308, (SELECT projects.end_date - INTERVAL 39 DAY FROM projects WHERE projects.id=67), 1, 2308, 2308);
INSERT INTO supporting_packages(id, option_list, package_count, order_id, project_package_id, supporting_project_id) VALUES (2308, '["디지털 다운로드"]', 4, 2308, 67, 2308);
INSERT INTO supporting_projects(supporting_project_id, supported_at, delivery_id, payment_id, project_id, user_id) VALUES (2309, (SELECT projects.end_date - INTERVAL 50 DAY FROM projects WHERE projects.id=67), 2309, 2309, 67, 25);
INSERT INTO orders (order_id, created_at, delivery_id, payment_id, supporting_project_id) VALUES (2309, (SELECT projects.end_date - INTERVAL 50 DAY FROM projects WHERE projects.id=67), 1, 2309, 2309);
INSERT INTO supporting_packages(id, option_list, package_count, order_id, project_package_id, supporting_project_id) VALUES (2309, '["LP"]', 7, 2309, 67, 2309);
INSERT INTO supporting_projects(supporting_project_id, supported_at, delivery_id, payment_id, project_id, user_id) VALUES (2310, (SELECT projects.end_date - INTERVAL 32 DAY FROM projects WHERE projects.id=67), 2310, 2310, 67, 26);
INSERT INTO orders (order_id, created_at, delivery_id, payment_id, supporting_project_id) VALUES (2310, (SELECT projects.end_date - INTERVAL 32 DAY FROM projects WHERE projects.id=67), 1, 2310, 2310);
INSERT INTO supporting_packages(id, option_list, package_count, order_id, project_package_id, supporting_project_id) VALUES (2310, '["LP"]', 8, 2310, 67, 2310);
INSERT INTO supporting_projects(supporting_project_id, supported_at, delivery_id, payment_id, project_id, user_id) VALUES (2311, (SELECT projects.end_date - INTERVAL 48 DAY FROM projects WHERE projects.id=67), 2311, 2311, 67, 31);
INSERT INTO orders (order_id, created_at, delivery_id, payment_id, supporting_project_id) VALUES (2311, (SELECT projects.end_date - INTERVAL 48 DAY FROM projects WHERE projects.id=67), 1, 2311, 2311);
INSERT INTO supporting_packages(id, option_list, package_count, order_id, project_package_id, supporting_project_id) VALUES (2311, '["디지털 다운로드"]', 1, 2311, 67, 2311);
INSERT INTO supporting_projects(supporting_project_id, supported_at, delivery_id, payment_id, project_id, user_id) VALUES (2312, (SELECT projects.end_date - INTERVAL 35 DAY FROM projects WHERE projects.id=67), 2312, 2312, 67, 11);
INSERT INTO orders (order_id, created_at, delivery_id, payment_id, supporting_project_id) VALUES (2312, (SELECT projects.end_date - INTERVAL 35 DAY FROM projects WHERE projects.id=67), 1, 2312, 2312);
INSERT INTO supporting_packages(id, option_list, package_count, order_id, project_package_id, supporting_project_id) VALUES (2312, '["디지털 다운로드"]', 9, 2312, 67, 2312);
INSERT INTO supporting_projects(supporting_project_id, supported_at, delivery_id, payment_id, project_id, user_id) VALUES (2313, (SELECT projects.end_date - INTERVAL 49 DAY FROM projects WHERE projects.id=67), 2313, 2313, 67, 20);
INSERT INTO orders (order_id, created_at, delivery_id, payment_id, supporting_project_id) VALUES (2313, (SELECT projects.end_date - INTERVAL 49 DAY FROM projects WHERE projects.id=67), 1, 2313, 2313);
INSERT INTO supporting_packages(id, option_list, package_count, order_id, project_package_id, supporting_project_id) VALUES (2313, '["디지털 다운로드"]', 8, 2313, 67, 2313);
INSERT INTO supporting_projects(supporting_project_id, supported_at, delivery_id, payment_id, project_id, user_id) VALUES (2314, (SELECT projects.end_date - INTERVAL 11 DAY FROM projects WHERE projects.id=67), 2314, 2314, 67, 2);
INSERT INTO orders (order_id, created_at, delivery_id, payment_id, supporting_project_id) VALUES (2314, (SELECT projects.end_date - INTERVAL 11 DAY FROM projects WHERE projects.id=67), 1, 2314, 2314);
INSERT INTO supporting_packages(id, option_list, package_count, order_id, project_package_id, supporting_project_id) VALUES (2314, '["디지털 다운로드"]', 3, 2314, 67, 2314);
INSERT INTO supporting_projects(supporting_project_id, supported_at, delivery_id, payment_id, project_id, user_id) VALUES (2315, (SELECT projects.end_date - INTERVAL 7 DAY FROM projects WHERE projects.id=67), 2315, 2315, 67, 39);
INSERT INTO orders (order_id, created_at, delivery_id, payment_id, supporting_project_id) VALUES (2315, (SELECT projects.end_date - INTERVAL 7 DAY FROM projects WHERE projects.id=67), 1, 2315, 2315);
INSERT INTO supporting_packages(id, option_list, package_count, order_id, project_package_id, supporting_project_id) VALUES (2315, '["디지털 다운로드"]', 4, 2315, 67, 2315);
INSERT INTO supporting_projects(supporting_project_id, supported_at, delivery_id, payment_id, project_id, user_id) VALUES (2316, (SELECT projects.end_date - INTERVAL 21 DAY FROM projects WHERE projects.id=67), 2316, 2316, 67, 7);
INSERT INTO orders (order_id, created_at, delivery_id, payment_id, supporting_project_id) VALUES (2316, (SELECT projects.end_date - INTERVAL 21 DAY FROM projects WHERE projects.id=67), 1, 2316, 2316);
INSERT INTO supporting_packages(id, option_list, package_count, order_id, project_package_id, supporting_project_id) VALUES (2316, '["LP"]', 6, 2316, 67, 2316);
INSERT INTO supporting_projects(supporting_project_id, supported_at, delivery_id, payment_id, project_id, user_id) VALUES (2317, (SELECT projects.end_date - INTERVAL 39 DAY FROM projects WHERE projects.id=67), 2317, 2317, 67, 22);
INSERT INTO orders (order_id, created_at, delivery_id, payment_id, supporting_project_id) VALUES (2317, (SELECT projects.end_date - INTERVAL 39 DAY FROM projects WHERE projects.id=67), 1, 2317, 2317);
INSERT INTO supporting_packages(id, option_list, package_count, order_id, project_package_id, supporting_project_id) VALUES (2317, '["CD"]', 4, 2317, 67, 2317);
INSERT INTO supporting_projects(supporting_project_id, supported_at, delivery_id, payment_id, project_id, user_id) VALUES (2318, (SELECT projects.end_date - INTERVAL 19 DAY FROM projects WHERE projects.id=67), 2318, 2318, 67, 40);
INSERT INTO orders (order_id, created_at, delivery_id, payment_id, supporting_project_id) VALUES (2318, (SELECT projects.end_date - INTERVAL 19 DAY FROM projects WHERE projects.id=67), 1, 2318, 2318);
INSERT INTO supporting_packages(id, option_list, package_count, order_id, project_package_id, supporting_project_id) VALUES (2318, '["LP"]', 8, 2318, 67, 2318);
INSERT INTO supporting_projects(supporting_project_id, supported_at, delivery_id, payment_id, project_id, user_id) VALUES (2319, (SELECT projects.end_date - INTERVAL 43 DAY FROM projects WHERE projects.id=67), 2319, 2319, 67, 17);
INSERT INTO orders (order_id, created_at, delivery_id, payment_id, supporting_project_id) VALUES (2319, (SELECT projects.end_date - INTERVAL 43 DAY FROM projects WHERE projects.id=67), 1, 2319, 2319);
INSERT INTO supporting_packages(id, option_list, package_count, order_id, project_package_id, supporting_project_id) VALUES (2319, '["LP"]', 10, 2319, 67, 2319);
INSERT INTO supporting_projects(supporting_project_id, supported_at, delivery_id, payment_id, project_id, user_id) VALUES (2320, (SELECT projects.end_date - INTERVAL 16 DAY FROM projects WHERE projects.id=67), 2320, 2320, 67, 14);
INSERT INTO orders (order_id, created_at, delivery_id, payment_id, supporting_project_id) VALUES (2320, (SELECT projects.end_date - INTERVAL 16 DAY FROM projects WHERE projects.id=67), 1, 2320, 2320);
INSERT INTO supporting_packages(id, option_list, package_count, order_id, project_package_id, supporting_project_id) VALUES (2320, '["CD"]', 2, 2320, 67, 2320);
INSERT INTO supporting_projects(supporting_project_id, supported_at, delivery_id, payment_id, project_id, user_id) VALUES (2321, (SELECT projects.end_date - INTERVAL 10 DAY FROM projects WHERE projects.id=67), 2321, 2321, 67, 32);
INSERT INTO orders (order_id, created_at, delivery_id, payment_id, supporting_project_id) VALUES (2321, (SELECT projects.end_date - INTERVAL 10 DAY FROM projects WHERE projects.id=67), 1, 2321, 2321);
INSERT INTO supporting_packages(id, option_list, package_count, order_id, project_package_id, supporting_project_id) VALUES (2321, '["CD"]', 10, 2321, 67, 2321);
INSERT INTO supporting_projects(supporting_project_id, supported_at, delivery_id, payment_id, project_id, user_id) VALUES (2322, (SELECT projects.end_date - INTERVAL 30 DAY FROM projects WHERE projects.id=67), 2322, 2322, 67, 18);
INSERT INTO orders (order_id, created_at, delivery_id, payment_id, supporting_project_id) VALUES (2322, (SELECT projects.end_date - INTERVAL 30 DAY FROM projects WHERE projects.id=67), 1, 2322, 2322);
INSERT INTO supporting_packages(id, option_list, package_count, order_id, project_package_id, supporting_project_id) VALUES (2322, '["CD"]', 5, 2322, 67, 2322);
INSERT INTO supporting_projects(supporting_project_id, supported_at, delivery_id, payment_id, project_id, user_id) VALUES (2323, (SELECT projects.end_date - INTERVAL 17 DAY FROM projects WHERE projects.id=67), 2323, 2323, 67, 31);
INSERT INTO orders (order_id, created_at, delivery_id, payment_id, supporting_project_id) VALUES (2323, (SELECT projects.end_date - INTERVAL 17 DAY FROM projects WHERE projects.id=67), 1, 2323, 2323);
INSERT INTO supporting_packages(id, option_list, package_count, order_id, project_package_id, supporting_project_id) VALUES (2323, '["LP"]', 2, 2323, 67, 2323);
INSERT INTO supporting_projects(supporting_project_id, supported_at, delivery_id, payment_id, project_id, user_id) VALUES (2324, (SELECT projects.end_date - INTERVAL 29 DAY FROM projects WHERE projects.id=67), 2324, 2324, 67, 20);
INSERT INTO orders (order_id, created_at, delivery_id, payment_id, supporting_project_id) VALUES (2324, (SELECT projects.end_date - INTERVAL 29 DAY FROM projects WHERE projects.id=67), 1, 2324, 2324);
INSERT INTO supporting_packages(id, option_list, package_count, order_id, project_package_id, supporting_project_id) VALUES (2324, '["디지털 다운로드"]', 4, 2324, 67, 2324);
INSERT INTO supporting_projects(supporting_project_id, supported_at, delivery_id, payment_id, project_id, user_id) VALUES (2325, (SELECT projects.end_date - INTERVAL 48 DAY FROM projects WHERE projects.id=67), 2325, 2325, 67, 3);
INSERT INTO orders (order_id, created_at, delivery_id, payment_id, supporting_project_id) VALUES (2325, (SELECT projects.end_date - INTERVAL 48 DAY FROM projects WHERE projects.id=67), 1, 2325, 2325);
INSERT INTO supporting_packages(id, option_list, package_count, order_id, project_package_id, supporting_project_id) VALUES (2325, '["CD"]', 7, 2325, 67, 2325);
INSERT INTO supporting_projects(supporting_project_id, supported_at, delivery_id, payment_id, project_id, user_id) VALUES (2326, (SELECT projects.end_date - INTERVAL 34 DAY FROM projects WHERE projects.id=67), 2326, 2326, 67, 18);
INSERT INTO orders (order_id, created_at, delivery_id, payment_id, supporting_project_id) VALUES (2326, (SELECT projects.end_date - INTERVAL 34 DAY FROM projects WHERE projects.id=67), 1, 2326, 2326);
INSERT INTO supporting_packages(id, option_list, package_count, order_id, project_package_id, supporting_project_id) VALUES (2326, '["CD"]', 10, 2326, 67, 2326);
INSERT INTO supporting_projects(supporting_project_id, supported_at, delivery_id, payment_id, project_id, user_id) VALUES (2327, (SELECT projects.end_date - INTERVAL 9 DAY FROM projects WHERE projects.id=67), 2327, 2327, 67, 18);
INSERT INTO orders (order_id, created_at, delivery_id, payment_id, supporting_project_id) VALUES (2327, (SELECT projects.end_date - INTERVAL 9 DAY FROM projects WHERE projects.id=67), 1, 2327, 2327);
INSERT INTO supporting_packages(id, option_list, package_count, order_id, project_package_id, supporting_project_id) VALUES (2327, '["CD"]', 9, 2327, 67, 2327);
INSERT INTO supporting_projects(supporting_project_id, supported_at, delivery_id, payment_id, project_id, user_id) VALUES (2328, (SELECT projects.end_date - INTERVAL 33 DAY FROM projects WHERE projects.id=67), 2328, 2328, 67, 39);
INSERT INTO orders (order_id, created_at, delivery_id, payment_id, supporting_project_id) VALUES (2328, (SELECT projects.end_date - INTERVAL 33 DAY FROM projects WHERE projects.id=67), 1, 2328, 2328);
INSERT INTO supporting_packages(id, option_list, package_count, order_id, project_package_id, supporting_project_id) VALUES (2328, '["LP"]', 3, 2328, 67, 2328);
INSERT INTO supporting_projects(supporting_project_id, supported_at, delivery_id, payment_id, project_id, user_id) VALUES (2329, (SELECT projects.end_date - INTERVAL 15 DAY FROM projects WHERE projects.id=67), 2329, 2329, 67, 12);
INSERT INTO orders (order_id, created_at, delivery_id, payment_id, supporting_project_id) VALUES (2329, (SELECT projects.end_date - INTERVAL 15 DAY FROM projects WHERE projects.id=67), 1, 2329, 2329);
INSERT INTO supporting_packages(id, option_list, package_count, order_id, project_package_id, supporting_project_id) VALUES (2329, '["디지털 다운로드"]', 8, 2329, 67, 2329);
INSERT INTO supporting_projects(supporting_project_id, supported_at, delivery_id, payment_id, project_id, user_id) VALUES (2330, (SELECT projects.end_date - INTERVAL 27 DAY FROM projects WHERE projects.id=67), 2330, 2330, 67, 26);
INSERT INTO orders (order_id, created_at, delivery_id, payment_id, supporting_project_id) VALUES (2330, (SELECT projects.end_date - INTERVAL 27 DAY FROM projects WHERE projects.id=67), 1, 2330, 2330);
INSERT INTO supporting_packages(id, option_list, package_count, order_id, project_package_id, supporting_project_id) VALUES (2330, '["LP"]', 10, 2330, 67, 2330);
INSERT INTO supporting_projects(supporting_project_id, supported_at, delivery_id, payment_id, project_id, user_id) VALUES (2331, (SELECT projects.end_date - INTERVAL 9 DAY FROM projects WHERE projects.id=67), 2331, 2331, 67, 29);
INSERT INTO orders (order_id, created_at, delivery_id, payment_id, supporting_project_id) VALUES (2331, (SELECT projects.end_date - INTERVAL 9 DAY FROM projects WHERE projects.id=67), 1, 2331, 2331);
INSERT INTO supporting_packages(id, option_list, package_count, order_id, project_package_id, supporting_project_id) VALUES (2331, '["LP"]', 9, 2331, 67, 2331);
INSERT INTO supporting_projects(supporting_project_id, supported_at, delivery_id, payment_id, project_id, user_id) VALUES (2332, (SELECT projects.end_date - INTERVAL 14 DAY FROM projects WHERE projects.id=67), 2332, 2332, 67, 12);
INSERT INTO orders (order_id, created_at, delivery_id, payment_id, supporting_project_id) VALUES (2332, (SELECT projects.end_date - INTERVAL 14 DAY FROM projects WHERE projects.id=67), 1, 2332, 2332);
INSERT INTO supporting_packages(id, option_list, package_count, order_id, project_package_id, supporting_project_id) VALUES (2332, '["디지털 다운로드"]', 4, 2332, 67, 2332);
INSERT INTO supporting_projects(supporting_project_id, supported_at, delivery_id, payment_id, project_id, user_id) VALUES (2333, (SELECT projects.end_date - INTERVAL 23 DAY FROM projects WHERE projects.id=67), 2333, 2333, 67, 27);
INSERT INTO orders (order_id, created_at, delivery_id, payment_id, supporting_project_id) VALUES (2333, (SELECT projects.end_date - INTERVAL 23 DAY FROM projects WHERE projects.id=67), 1, 2333, 2333);
INSERT INTO supporting_packages(id, option_list, package_count, order_id, project_package_id, supporting_project_id) VALUES (2333, '["LP"]', 7, 2333, 67, 2333);
INSERT INTO supporting_projects(supporting_project_id, supported_at, delivery_id, payment_id, project_id, user_id) VALUES (2334, (SELECT projects.end_date - INTERVAL 33 DAY FROM projects WHERE projects.id=67), 2334, 2334, 67, 38);
INSERT INTO orders (order_id, created_at, delivery_id, payment_id, supporting_project_id) VALUES (2334, (SELECT projects.end_date - INTERVAL 33 DAY FROM projects WHERE projects.id=67), 1, 2334, 2334);
INSERT INTO supporting_packages(id, option_list, package_count, order_id, project_package_id, supporting_project_id) VALUES (2334, '["LP"]', 4, 2334, 67, 2334);
INSERT INTO supporting_projects(supporting_project_id, supported_at, delivery_id, payment_id, project_id, user_id) VALUES (2335, (SELECT projects.end_date - INTERVAL 30 DAY FROM projects WHERE projects.id=67), 2335, 2335, 67, 17);
INSERT INTO orders (order_id, created_at, delivery_id, payment_id, supporting_project_id) VALUES (2335, (SELECT projects.end_date - INTERVAL 30 DAY FROM projects WHERE projects.id=67), 1, 2335, 2335);
INSERT INTO supporting_packages(id, option_list, package_count, order_id, project_package_id, supporting_project_id) VALUES (2335, '["LP"]', 5, 2335, 67, 2335);
INSERT INTO supporting_projects(supporting_project_id, supported_at, delivery_id, payment_id, project_id, user_id) VALUES (2336, (SELECT projects.end_date - INTERVAL 19 DAY FROM projects WHERE projects.id=67), 2336, 2336, 67, 29);
INSERT INTO orders (order_id, created_at, delivery_id, payment_id, supporting_project_id) VALUES (2336, (SELECT projects.end_date - INTERVAL 19 DAY FROM projects WHERE projects.id=67), 1, 2336, 2336);
INSERT INTO supporting_packages(id, option_list, package_count, order_id, project_package_id, supporting_project_id) VALUES (2336, '["LP"]', 8, 2336, 67, 2336);
INSERT INTO supporting_projects(supporting_project_id, supported_at, delivery_id, payment_id, project_id, user_id) VALUES (2337, (SELECT projects.end_date - INTERVAL 7 DAY FROM projects WHERE projects.id=67), 2337, 2337, 67, 31);
INSERT INTO orders (order_id, created_at, delivery_id, payment_id, supporting_project_id) VALUES (2337, (SELECT projects.end_date - INTERVAL 7 DAY FROM projects WHERE projects.id=67), 1, 2337, 2337);
INSERT INTO supporting_packages(id, option_list, package_count, order_id, project_package_id, supporting_project_id) VALUES (2337, '["디지털 다운로드"]', 9, 2337, 67, 2337);
INSERT INTO supporting_projects(supporting_project_id, supported_at, delivery_id, payment_id, project_id, user_id) VALUES (2338, (SELECT projects.end_date - INTERVAL 44 DAY FROM projects WHERE projects.id=67), 2338, 2338, 67, 7);
INSERT INTO orders (order_id, created_at, delivery_id, payment_id, supporting_project_id) VALUES (2338, (SELECT projects.end_date - INTERVAL 44 DAY FROM projects WHERE projects.id=67), 1, 2338, 2338);
INSERT INTO supporting_packages(id, option_list, package_count, order_id, project_package_id, supporting_project_id) VALUES (2338, '["LP"]', 10, 2338, 67, 2338);
INSERT INTO supporting_projects(supporting_project_id, supported_at, delivery_id, payment_id, project_id, user_id) VALUES (2339, (SELECT projects.end_date - INTERVAL 41 DAY FROM projects WHERE projects.id=67), 2339, 2339, 67, 28);
INSERT INTO orders (order_id, created_at, delivery_id, payment_id, supporting_project_id) VALUES (2339, (SELECT projects.end_date - INTERVAL 41 DAY FROM projects WHERE projects.id=67), 1, 2339, 2339);
INSERT INTO supporting_packages(id, option_list, package_count, order_id, project_package_id, supporting_project_id) VALUES (2339, '["CD"]', 1, 2339, 67, 2339);
INSERT INTO supporting_projects(supporting_project_id, supported_at, delivery_id, payment_id, project_id, user_id) VALUES (2340, (SELECT projects.end_date - INTERVAL 29 DAY FROM projects WHERE projects.id=67), 2340, 2340, 67, 17);
INSERT INTO orders (order_id, created_at, delivery_id, payment_id, supporting_project_id) VALUES (2340, (SELECT projects.end_date - INTERVAL 29 DAY FROM projects WHERE projects.id=67), 1, 2340, 2340);
INSERT INTO supporting_packages(id, option_list, package_count, order_id, project_package_id, supporting_project_id) VALUES (2340, '["CD"]', 3, 2340, 67, 2340);
INSERT INTO supporting_projects(supporting_project_id, supported_at, delivery_id, payment_id, project_id, user_id) VALUES (2341, (SELECT projects.end_date - INTERVAL 36 DAY FROM projects WHERE projects.id=67), 2341, 2341, 67, 7);
INSERT INTO orders (order_id, created_at, delivery_id, payment_id, supporting_project_id) VALUES (2341, (SELECT projects.end_date - INTERVAL 36 DAY FROM projects WHERE projects.id=67), 1, 2341, 2341);
INSERT INTO supporting_packages(id, option_list, package_count, order_id, project_package_id, supporting_project_id) VALUES (2341, '["LP"]', 7, 2341, 67, 2341);
INSERT INTO supporting_projects(supporting_project_id, supported_at, delivery_id, payment_id, project_id, user_id) VALUES (2342, (SELECT projects.end_date - INTERVAL 11 DAY FROM projects WHERE projects.id=67), 2342, 2342, 67, 32);
INSERT INTO orders (order_id, created_at, delivery_id, payment_id, supporting_project_id) VALUES (2342, (SELECT projects.end_date - INTERVAL 11 DAY FROM projects WHERE projects.id=67), 1, 2342, 2342);
INSERT INTO supporting_packages(id, option_list, package_count, order_id, project_package_id, supporting_project_id) VALUES (2342, '["LP"]', 8, 2342, 67, 2342);
INSERT INTO supporting_projects(supporting_project_id, supported_at, delivery_id, payment_id, project_id, user_id) VALUES (2343, (SELECT projects.end_date - INTERVAL 46 DAY FROM projects WHERE projects.id=67), 2343, 2343, 67, 4);
INSERT INTO orders (order_id, created_at, delivery_id, payment_id, supporting_project_id) VALUES (2343, (SELECT projects.end_date - INTERVAL 46 DAY FROM projects WHERE projects.id=67), 1, 2343, 2343);
INSERT INTO supporting_packages(id, option_list, package_count, order_id, project_package_id, supporting_project_id) VALUES (2343, '["디지털 다운로드"]', 2, 2343, 67, 2343);
INSERT INTO supporting_projects(supporting_project_id, supported_at, delivery_id, payment_id, project_id, user_id) VALUES (2344, (SELECT projects.end_date - INTERVAL 11 DAY FROM projects WHERE projects.id=67), 2344, 2344, 67, 4);
INSERT INTO orders (order_id, created_at, delivery_id, payment_id, supporting_project_id) VALUES (2344, (SELECT projects.end_date - INTERVAL 11 DAY FROM projects WHERE projects.id=67), 1, 2344, 2344);
INSERT INTO supporting_packages(id, option_list, package_count, order_id, project_package_id, supporting_project_id) VALUES (2344, '["디지털 다운로드"]', 5, 2344, 67, 2344);
INSERT INTO supporting_projects(supporting_project_id, supported_at, delivery_id, payment_id, project_id, user_id) VALUES (2345, (SELECT projects.end_date - INTERVAL 30 DAY FROM projects WHERE projects.id=67), 2345, 2345, 67, 22);
INSERT INTO orders (order_id, created_at, delivery_id, payment_id, supporting_project_id) VALUES (2345, (SELECT projects.end_date - INTERVAL 30 DAY FROM projects WHERE projects.id=67), 1, 2345, 2345);
INSERT INTO supporting_packages(id, option_list, package_count, order_id, project_package_id, supporting_project_id) VALUES (2345, '["디지털 다운로드"]', 5, 2345, 67, 2345);
INSERT INTO supporting_projects(supporting_project_id, supported_at, delivery_id, payment_id, project_id, user_id) VALUES (2346, (SELECT projects.end_date - INTERVAL 15 DAY FROM projects WHERE projects.id=67), 2346, 2346, 67, 33);
INSERT INTO orders (order_id, created_at, delivery_id, payment_id, supporting_project_id) VALUES (2346, (SELECT projects.end_date - INTERVAL 15 DAY FROM projects WHERE projects.id=67), 1, 2346, 2346);
INSERT INTO supporting_packages(id, option_list, package_count, order_id, project_package_id, supporting_project_id) VALUES (2346, '["CD"]', 6, 2346, 67, 2346);
INSERT INTO supporting_projects(supporting_project_id, supported_at, delivery_id, payment_id, project_id, user_id) VALUES (2347, (SELECT projects.end_date - INTERVAL 21 DAY FROM projects WHERE projects.id=67), 2347, 2347, 67, 20);
INSERT INTO orders (order_id, created_at, delivery_id, payment_id, supporting_project_id) VALUES (2347, (SELECT projects.end_date - INTERVAL 21 DAY FROM projects WHERE projects.id=67), 1, 2347, 2347);
INSERT INTO supporting_packages(id, option_list, package_count, order_id, project_package_id, supporting_project_id) VALUES (2347, '["CD"]', 4, 2347, 67, 2347);
INSERT INTO supporting_projects(supporting_project_id, supported_at, delivery_id, payment_id, project_id, user_id) VALUES (2348, (SELECT projects.end_date - INTERVAL 24 DAY FROM projects WHERE projects.id=67), 2348, 2348, 67, 22);
INSERT INTO orders (order_id, created_at, delivery_id, payment_id, supporting_project_id) VALUES (2348, (SELECT projects.end_date - INTERVAL 24 DAY FROM projects WHERE projects.id=67), 1, 2348, 2348);
INSERT INTO supporting_packages(id, option_list, package_count, order_id, project_package_id, supporting_project_id) VALUES (2348, '["LP"]', 2, 2348, 67, 2348);
INSERT INTO supporting_projects(supporting_project_id, supported_at, delivery_id, payment_id, project_id, user_id) VALUES (2349, (SELECT projects.end_date - INTERVAL 21 DAY FROM projects WHERE projects.id=67), 2349, 2349, 67, 9);
INSERT INTO orders (order_id, created_at, delivery_id, payment_id, supporting_project_id) VALUES (2349, (SELECT projects.end_date - INTERVAL 21 DAY FROM projects WHERE projects.id=67), 1, 2349, 2349);
INSERT INTO supporting_packages(id, option_list, package_count, order_id, project_package_id, supporting_project_id) VALUES (2349, '["LP"]', 1, 2349, 67, 2349);
INSERT INTO supporting_projects(supporting_project_id, supported_at, delivery_id, payment_id, project_id, user_id) VALUES (2350, (SELECT projects.end_date - INTERVAL 30 DAY FROM projects WHERE projects.id=67), 2350, 2350, 67, 5);
INSERT INTO orders (order_id, created_at, delivery_id, payment_id, supporting_project_id) VALUES (2350, (SELECT projects.end_date - INTERVAL 30 DAY FROM projects WHERE projects.id=67), 1, 2350, 2350);
INSERT INTO supporting_packages(id, option_list, package_count, order_id, project_package_id, supporting_project_id) VALUES (2350, '["디지털 다운로드"]', 6, 2350, 67, 2350);
INSERT INTO supporting_projects(supporting_project_id, supported_at, delivery_id, payment_id, project_id, user_id) VALUES (2351, (SELECT projects.end_date - INTERVAL 46 DAY FROM projects WHERE projects.id=67), 2351, 2351, 67, 24);
INSERT INTO orders (order_id, created_at, delivery_id, payment_id, supporting_project_id) VALUES (2351, (SELECT projects.end_date - INTERVAL 46 DAY FROM projects WHERE projects.id=67), 1, 2351, 2351);
INSERT INTO supporting_packages(id, option_list, package_count, order_id, project_package_id, supporting_project_id) VALUES (2351, '["LP"]', 3, 2351, 67, 2351);
INSERT INTO supporting_projects(supporting_project_id, supported_at, delivery_id, payment_id, project_id, user_id) VALUES (2352, (SELECT projects.end_date - INTERVAL 15 DAY FROM projects WHERE projects.id=67), 2352, 2352, 67, 2);
INSERT INTO orders (order_id, created_at, delivery_id, payment_id, supporting_project_id) VALUES (2352, (SELECT projects.end_date - INTERVAL 15 DAY FROM projects WHERE projects.id=67), 1, 2352, 2352);
INSERT INTO supporting_packages(id, option_list, package_count, order_id, project_package_id, supporting_project_id) VALUES (2352, '["CD"]', 3, 2352, 67, 2352);
INSERT INTO supporting_projects(supporting_project_id, supported_at, delivery_id, payment_id, project_id, user_id) VALUES (2353, (SELECT projects.end_date - INTERVAL 33 DAY FROM projects WHERE projects.id=67), 2353, 2353, 67, 3);
INSERT INTO orders (order_id, created_at, delivery_id, payment_id, supporting_project_id) VALUES (2353, (SELECT projects.end_date - INTERVAL 33 DAY FROM projects WHERE projects.id=67), 1, 2353, 2353);
INSERT INTO supporting_packages(id, option_list, package_count, order_id, project_package_id, supporting_project_id) VALUES (2353, '["CD"]', 8, 2353, 67, 2353);
INSERT INTO supporting_projects(supporting_project_id, supported_at, delivery_id, payment_id, project_id, user_id) VALUES (2354, (SELECT projects.end_date - INTERVAL 21 DAY FROM projects WHERE projects.id=67), 2354, 2354, 67, 16);
INSERT INTO orders (order_id, created_at, delivery_id, payment_id, supporting_project_id) VALUES (2354, (SELECT projects.end_date - INTERVAL 21 DAY FROM projects WHERE projects.id=67), 1, 2354, 2354);
INSERT INTO supporting_packages(id, option_list, package_count, order_id, project_package_id, supporting_project_id) VALUES (2354, '["디지털 다운로드"]', 8, 2354, 67, 2354);
INSERT INTO supporting_projects(supporting_project_id, supported_at, delivery_id, payment_id, project_id, user_id) VALUES (2355, (SELECT projects.end_date - INTERVAL 29 DAY FROM projects WHERE projects.id=67), 2355, 2355, 67, 7);
INSERT INTO orders (order_id, created_at, delivery_id, payment_id, supporting_project_id) VALUES (2355, (SELECT projects.end_date - INTERVAL 29 DAY FROM projects WHERE projects.id=67), 1, 2355, 2355);
INSERT INTO supporting_packages(id, option_list, package_count, order_id, project_package_id, supporting_project_id) VALUES (2355, '["LP"]', 1, 2355, 67, 2355);
INSERT INTO supporting_projects(supporting_project_id, supported_at, delivery_id, payment_id, project_id, user_id) VALUES (2356, (SELECT projects.end_date - INTERVAL 11 DAY FROM projects WHERE projects.id=69), 2356, 2356, 69, 5);
INSERT INTO orders (order_id, created_at, delivery_id, payment_id, supporting_project_id) VALUES (2356, (SELECT projects.end_date - INTERVAL 11 DAY FROM projects WHERE projects.id=69), 1, 2356, 2356);
INSERT INTO supporting_packages(id, option_list, package_count, order_id, project_package_id, supporting_project_id) VALUES (2356, '["VIP"]', 3, 2356, 69, 2356);
INSERT INTO supporting_projects(supporting_project_id, supported_at, delivery_id, payment_id, project_id, user_id) VALUES (2357, (SELECT projects.end_date - INTERVAL 22 DAY FROM projects WHERE projects.id=69), 2357, 2357, 69, 3);
INSERT INTO orders (order_id, created_at, delivery_id, payment_id, supporting_project_id) VALUES (2357, (SELECT projects.end_date - INTERVAL 22 DAY FROM projects WHERE projects.id=69), 1, 2357, 2357);
INSERT INTO supporting_packages(id, option_list, package_count, order_id, project_package_id, supporting_project_id) VALUES (2357, '["일반"]', 2, 2357, 69, 2357);
INSERT INTO supporting_projects(supporting_project_id, supported_at, delivery_id, payment_id, project_id, user_id) VALUES (2358, (SELECT projects.end_date - INTERVAL 47 DAY FROM projects WHERE projects.id=69), 2358, 2358, 69, 18);
INSERT INTO orders (order_id, created_at, delivery_id, payment_id, supporting_project_id) VALUES (2358, (SELECT projects.end_date - INTERVAL 47 DAY FROM projects WHERE projects.id=69), 1, 2358, 2358);
INSERT INTO supporting_packages(id, option_list, package_count, order_id, project_package_id, supporting_project_id) VALUES (2358, '["VIP"]', 1, 2358, 69, 2358);
INSERT INTO supporting_projects(supporting_project_id, supported_at, delivery_id, payment_id, project_id, user_id) VALUES (2359, (SELECT projects.end_date - INTERVAL 20 DAY FROM projects WHERE projects.id=69), 2359, 2359, 69, 34);
INSERT INTO orders (order_id, created_at, delivery_id, payment_id, supporting_project_id) VALUES (2359, (SELECT projects.end_date - INTERVAL 20 DAY FROM projects WHERE projects.id=69), 1, 2359, 2359);
INSERT INTO supporting_packages(id, option_list, package_count, order_id, project_package_id, supporting_project_id) VALUES (2359, '["온라인"]', 10, 2359, 69, 2359);
INSERT INTO supporting_projects(supporting_project_id, supported_at, delivery_id, payment_id, project_id, user_id) VALUES (2360, (SELECT projects.end_date - INTERVAL 40 DAY FROM projects WHERE projects.id=69), 2360, 2360, 69, 15);
INSERT INTO orders (order_id, created_at, delivery_id, payment_id, supporting_project_id) VALUES (2360, (SELECT projects.end_date - INTERVAL 40 DAY FROM projects WHERE projects.id=69), 1, 2360, 2360);
INSERT INTO supporting_packages(id, option_list, package_count, order_id, project_package_id, supporting_project_id) VALUES (2360, '["온라인"]', 8, 2360, 69, 2360);
INSERT INTO supporting_projects(supporting_project_id, supported_at, delivery_id, payment_id, project_id, user_id) VALUES (2361, (SELECT projects.end_date - INTERVAL 35 DAY FROM projects WHERE projects.id=69), 2361, 2361, 69, 34);
INSERT INTO orders (order_id, created_at, delivery_id, payment_id, supporting_project_id) VALUES (2361, (SELECT projects.end_date - INTERVAL 35 DAY FROM projects WHERE projects.id=69), 1, 2361, 2361);
INSERT INTO supporting_packages(id, option_list, package_count, order_id, project_package_id, supporting_project_id) VALUES (2361, '["온라인"]', 3, 2361, 69, 2361);
INSERT INTO supporting_projects(supporting_project_id, supported_at, delivery_id, payment_id, project_id, user_id) VALUES (2362, (SELECT projects.end_date - INTERVAL 43 DAY FROM projects WHERE projects.id=69), 2362, 2362, 69, 21);
INSERT INTO orders (order_id, created_at, delivery_id, payment_id, supporting_project_id) VALUES (2362, (SELECT projects.end_date - INTERVAL 43 DAY FROM projects WHERE projects.id=69), 1, 2362, 2362);
INSERT INTO supporting_packages(id, option_list, package_count, order_id, project_package_id, supporting_project_id) VALUES (2362, '["온라인"]', 7, 2362, 69, 2362);
INSERT INTO supporting_projects(supporting_project_id, supported_at, delivery_id, payment_id, project_id, user_id) VALUES (2363, (SELECT projects.end_date - INTERVAL 8 DAY FROM projects WHERE projects.id=69), 2363, 2363, 69, 18);
INSERT INTO orders (order_id, created_at, delivery_id, payment_id, supporting_project_id) VALUES (2363, (SELECT projects.end_date - INTERVAL 8 DAY FROM projects WHERE projects.id=69), 1, 2363, 2363);
INSERT INTO supporting_packages(id, option_list, package_count, order_id, project_package_id, supporting_project_id) VALUES (2363, '["일반"]', 1, 2363, 69, 2363);
INSERT INTO supporting_projects(supporting_project_id, supported_at, delivery_id, payment_id, project_id, user_id) VALUES (2364, (SELECT projects.end_date - INTERVAL 21 DAY FROM projects WHERE projects.id=69), 2364, 2364, 69, 25);
INSERT INTO orders (order_id, created_at, delivery_id, payment_id, supporting_project_id) VALUES (2364, (SELECT projects.end_date - INTERVAL 21 DAY FROM projects WHERE projects.id=69), 1, 2364, 2364);
INSERT INTO supporting_packages(id, option_list, package_count, order_id, project_package_id, supporting_project_id) VALUES (2364, '["VIP"]', 6, 2364, 69, 2364);
INSERT INTO supporting_projects(supporting_project_id, supported_at, delivery_id, payment_id, project_id, user_id) VALUES (2365, (SELECT projects.end_date - INTERVAL 25 DAY FROM projects WHERE projects.id=69), 2365, 2365, 69, 8);
INSERT INTO orders (order_id, created_at, delivery_id, payment_id, supporting_project_id) VALUES (2365, (SELECT projects.end_date - INTERVAL 25 DAY FROM projects WHERE projects.id=69), 1, 2365, 2365);
INSERT INTO supporting_packages(id, option_list, package_count, order_id, project_package_id, supporting_project_id) VALUES (2365, '["일반"]', 9, 2365, 69, 2365);
INSERT INTO supporting_projects(supporting_project_id, supported_at, delivery_id, payment_id, project_id, user_id) VALUES (2366, (SELECT projects.end_date - INTERVAL 25 DAY FROM projects WHERE projects.id=69), 2366, 2366, 69, 24);
INSERT INTO orders (order_id, created_at, delivery_id, payment_id, supporting_project_id) VALUES (2366, (SELECT projects.end_date - INTERVAL 25 DAY FROM projects WHERE projects.id=69), 1, 2366, 2366);
INSERT INTO supporting_packages(id, option_list, package_count, order_id, project_package_id, supporting_project_id) VALUES (2366, '["VIP"]', 5, 2366, 69, 2366);
INSERT INTO supporting_projects(supporting_project_id, supported_at, delivery_id, payment_id, project_id, user_id) VALUES (2367, (SELECT projects.end_date - INTERVAL 14 DAY FROM projects WHERE projects.id=69), 2367, 2367, 69, 4);
INSERT INTO orders (order_id, created_at, delivery_id, payment_id, supporting_project_id) VALUES (2367, (SELECT projects.end_date - INTERVAL 14 DAY FROM projects WHERE projects.id=69), 1, 2367, 2367);
INSERT INTO supporting_packages(id, option_list, package_count, order_id, project_package_id, supporting_project_id) VALUES (2367, '["일반"]', 8, 2367, 69, 2367);
INSERT INTO supporting_projects(supporting_project_id, supported_at, delivery_id, payment_id, project_id, user_id) VALUES (2368, (SELECT projects.end_date - INTERVAL 27 DAY FROM projects WHERE projects.id=69), 2368, 2368, 69, 26);
INSERT INTO orders (order_id, created_at, delivery_id, payment_id, supporting_project_id) VALUES (2368, (SELECT projects.end_date - INTERVAL 27 DAY FROM projects WHERE projects.id=69), 1, 2368, 2368);
INSERT INTO supporting_packages(id, option_list, package_count, order_id, project_package_id, supporting_project_id) VALUES (2368, '["온라인"]', 10, 2368, 69, 2368);
INSERT INTO supporting_projects(supporting_project_id, supported_at, delivery_id, payment_id, project_id, user_id) VALUES (2369, (SELECT projects.end_date - INTERVAL 32 DAY FROM projects WHERE projects.id=69), 2369, 2369, 69, 2);
INSERT INTO orders (order_id, created_at, delivery_id, payment_id, supporting_project_id) VALUES (2369, (SELECT projects.end_date - INTERVAL 32 DAY FROM projects WHERE projects.id=69), 1, 2369, 2369);
INSERT INTO supporting_packages(id, option_list, package_count, order_id, project_package_id, supporting_project_id) VALUES (2369, '["온라인"]', 7, 2369, 69, 2369);
INSERT INTO supporting_projects(supporting_project_id, supported_at, delivery_id, payment_id, project_id, user_id) VALUES (2370, (SELECT projects.end_date - INTERVAL 26 DAY FROM projects WHERE projects.id=69), 2370, 2370, 69, 16);
INSERT INTO orders (order_id, created_at, delivery_id, payment_id, supporting_project_id) VALUES (2370, (SELECT projects.end_date - INTERVAL 26 DAY FROM projects WHERE projects.id=69), 1, 2370, 2370);
INSERT INTO supporting_packages(id, option_list, package_count, order_id, project_package_id, supporting_project_id) VALUES (2370, '["일반"]', 9, 2370, 69, 2370);
INSERT INTO supporting_projects(supporting_project_id, supported_at, delivery_id, payment_id, project_id, user_id) VALUES (2371, (SELECT projects.end_date - INTERVAL 16 DAY FROM projects WHERE projects.id=69), 2371, 2371, 69, 1);
INSERT INTO orders (order_id, created_at, delivery_id, payment_id, supporting_project_id) VALUES (2371, (SELECT projects.end_date - INTERVAL 16 DAY FROM projects WHERE projects.id=69), 1, 2371, 2371);
INSERT INTO supporting_packages(id, option_list, package_count, order_id, project_package_id, supporting_project_id) VALUES (2371, '["VIP"]', 4, 2371, 69, 2371);
INSERT INTO supporting_projects(supporting_project_id, supported_at, delivery_id, payment_id, project_id, user_id) VALUES (2372, (SELECT projects.end_date - INTERVAL 10 DAY FROM projects WHERE projects.id=69), 2372, 2372, 69, 5);
INSERT INTO orders (order_id, created_at, delivery_id, payment_id, supporting_project_id) VALUES (2372, (SELECT projects.end_date - INTERVAL 10 DAY FROM projects WHERE projects.id=69), 1, 2372, 2372);
INSERT INTO supporting_packages(id, option_list, package_count, order_id, project_package_id, supporting_project_id) VALUES (2372, '["온라인"]', 10, 2372, 69, 2372);
INSERT INTO supporting_projects(supporting_project_id, supported_at, delivery_id, payment_id, project_id, user_id) VALUES (2373, (SELECT projects.end_date - INTERVAL 35 DAY FROM projects WHERE projects.id=69), 2373, 2373, 69, 28);
INSERT INTO orders (order_id, created_at, delivery_id, payment_id, supporting_project_id) VALUES (2373, (SELECT projects.end_date - INTERVAL 35 DAY FROM projects WHERE projects.id=69), 1, 2373, 2373);
INSERT INTO supporting_packages(id, option_list, package_count, order_id, project_package_id, supporting_project_id) VALUES (2373, '["일반"]', 3, 2373, 69, 2373);
INSERT INTO supporting_projects(supporting_project_id, supported_at, delivery_id, payment_id, project_id, user_id) VALUES (2374, (SELECT projects.end_date - INTERVAL 25 DAY FROM projects WHERE projects.id=69), 2374, 2374, 69, 19);
INSERT INTO orders (order_id, created_at, delivery_id, payment_id, supporting_project_id) VALUES (2374, (SELECT projects.end_date - INTERVAL 25 DAY FROM projects WHERE projects.id=69), 1, 2374, 2374);
INSERT INTO supporting_packages(id, option_list, package_count, order_id, project_package_id, supporting_project_id) VALUES (2374, '["온라인"]', 6, 2374, 69, 2374);
INSERT INTO supporting_projects(supporting_project_id, supported_at, delivery_id, payment_id, project_id, user_id) VALUES (2375, (SELECT projects.end_date - INTERVAL 15 DAY FROM projects WHERE projects.id=69), 2375, 2375, 69, 28);
INSERT INTO orders (order_id, created_at, delivery_id, payment_id, supporting_project_id) VALUES (2375, (SELECT projects.end_date - INTERVAL 15 DAY FROM projects WHERE projects.id=69), 1, 2375, 2375);
INSERT INTO supporting_packages(id, option_list, package_count, order_id, project_package_id, supporting_project_id) VALUES (2375, '["VIP"]', 2, 2375, 69, 2375);
INSERT INTO supporting_projects(supporting_project_id, supported_at, delivery_id, payment_id, project_id, user_id) VALUES (2376, (SELECT projects.end_date - INTERVAL 25 DAY FROM projects WHERE projects.id=69), 2376, 2376, 69, 16);
INSERT INTO orders (order_id, created_at, delivery_id, payment_id, supporting_project_id) VALUES (2376, (SELECT projects.end_date - INTERVAL 25 DAY FROM projects WHERE projects.id=69), 1, 2376, 2376);
INSERT INTO supporting_packages(id, option_list, package_count, order_id, project_package_id, supporting_project_id) VALUES (2376, '["일반"]', 9, 2376, 69, 2376);
INSERT INTO supporting_projects(supporting_project_id, supported_at, delivery_id, payment_id, project_id, user_id) VALUES (2377, (SELECT projects.end_date - INTERVAL 7 DAY FROM projects WHERE projects.id=69), 2377, 2377, 69, 40);
INSERT INTO orders (order_id, created_at, delivery_id, payment_id, supporting_project_id) VALUES (2377, (SELECT projects.end_date - INTERVAL 7 DAY FROM projects WHERE projects.id=69), 1, 2377, 2377);
INSERT INTO supporting_packages(id, option_list, package_count, order_id, project_package_id, supporting_project_id) VALUES (2377, '["일반"]', 2, 2377, 69, 2377);
INSERT INTO supporting_projects(supporting_project_id, supported_at, delivery_id, payment_id, project_id, user_id) VALUES (2378, (SELECT projects.end_date - INTERVAL 20 DAY FROM projects WHERE projects.id=69), 2378, 2378, 69, 14);
INSERT INTO orders (order_id, created_at, delivery_id, payment_id, supporting_project_id) VALUES (2378, (SELECT projects.end_date - INTERVAL 20 DAY FROM projects WHERE projects.id=69), 1, 2378, 2378);
INSERT INTO supporting_packages(id, option_list, package_count, order_id, project_package_id, supporting_project_id) VALUES (2378, '["온라인"]', 8, 2378, 69, 2378);
INSERT INTO supporting_projects(supporting_project_id, supported_at, delivery_id, payment_id, project_id, user_id) VALUES (2379, (SELECT projects.end_date - INTERVAL 48 DAY FROM projects WHERE projects.id=69), 2379, 2379, 69, 38);
INSERT INTO orders (order_id, created_at, delivery_id, payment_id, supporting_project_id) VALUES (2379, (SELECT projects.end_date - INTERVAL 48 DAY FROM projects WHERE projects.id=69), 1, 2379, 2379);
INSERT INTO supporting_packages(id, option_list, package_count, order_id, project_package_id, supporting_project_id) VALUES (2379, '["온라인"]', 9, 2379, 69, 2379);
INSERT INTO supporting_projects(supporting_project_id, supported_at, delivery_id, payment_id, project_id, user_id) VALUES (2380, (SELECT projects.end_date - INTERVAL 26 DAY FROM projects WHERE projects.id=69), 2380, 2380, 69, 2);
INSERT INTO orders (order_id, created_at, delivery_id, payment_id, supporting_project_id) VALUES (2380, (SELECT projects.end_date - INTERVAL 26 DAY FROM projects WHERE projects.id=69), 1, 2380, 2380);
INSERT INTO supporting_packages(id, option_list, package_count, order_id, project_package_id, supporting_project_id) VALUES (2380, '["일반"]', 7, 2380, 69, 2380);
INSERT INTO supporting_projects(supporting_project_id, supported_at, delivery_id, payment_id, project_id, user_id) VALUES (2381, (SELECT projects.end_date - INTERVAL 20 DAY FROM projects WHERE projects.id=69), 2381, 2381, 69, 16);
INSERT INTO orders (order_id, created_at, delivery_id, payment_id, supporting_project_id) VALUES (2381, (SELECT projects.end_date - INTERVAL 20 DAY FROM projects WHERE projects.id=69), 1, 2381, 2381);
INSERT INTO supporting_packages(id, option_list, package_count, order_id, project_package_id, supporting_project_id) VALUES (2381, '["일반"]', 7, 2381, 69, 2381);
INSERT INTO supporting_projects(supporting_project_id, supported_at, delivery_id, payment_id, project_id, user_id) VALUES (2382, (SELECT projects.end_date - INTERVAL 24 DAY FROM projects WHERE projects.id=69), 2382, 2382, 69, 19);
INSERT INTO orders (order_id, created_at, delivery_id, payment_id, supporting_project_id) VALUES (2382, (SELECT projects.end_date - INTERVAL 24 DAY FROM projects WHERE projects.id=69), 1, 2382, 2382);
INSERT INTO supporting_packages(id, option_list, package_count, order_id, project_package_id, supporting_project_id) VALUES (2382, '["VIP"]', 4, 2382, 69, 2382);
INSERT INTO supporting_projects(supporting_project_id, supported_at, delivery_id, payment_id, project_id, user_id) VALUES (2383, (SELECT projects.end_date - INTERVAL 16 DAY FROM projects WHERE projects.id=69), 2383, 2383, 69, 22);
INSERT INTO orders (order_id, created_at, delivery_id, payment_id, supporting_project_id) VALUES (2383, (SELECT projects.end_date - INTERVAL 16 DAY FROM projects WHERE projects.id=69), 1, 2383, 2383);
INSERT INTO supporting_packages(id, option_list, package_count, order_id, project_package_id, supporting_project_id) VALUES (2383, '["온라인"]', 1, 2383, 69, 2383);
INSERT INTO supporting_projects(supporting_project_id, supported_at, delivery_id, payment_id, project_id, user_id) VALUES (2384, (SELECT projects.end_date - INTERVAL 19 DAY FROM projects WHERE projects.id=69), 2384, 2384, 69, 24);
INSERT INTO orders (order_id, created_at, delivery_id, payment_id, supporting_project_id) VALUES (2384, (SELECT projects.end_date - INTERVAL 19 DAY FROM projects WHERE projects.id=69), 1, 2384, 2384);
INSERT INTO supporting_packages(id, option_list, package_count, order_id, project_package_id, supporting_project_id) VALUES (2384, '["온라인"]', 5, 2384, 69, 2384);
INSERT INTO supporting_projects(supporting_project_id, supported_at, delivery_id, payment_id, project_id, user_id) VALUES (2385, (SELECT projects.end_date - INTERVAL 45 DAY FROM projects WHERE projects.id=69), 2385, 2385, 69, 1);
INSERT INTO orders (order_id, created_at, delivery_id, payment_id, supporting_project_id) VALUES (2385, (SELECT projects.end_date - INTERVAL 45 DAY FROM projects WHERE projects.id=69), 1, 2385, 2385);
INSERT INTO supporting_packages(id, option_list, package_count, order_id, project_package_id, supporting_project_id) VALUES (2385, '["온라인"]', 4, 2385, 69, 2385);
INSERT INTO supporting_projects(supporting_project_id, supported_at, delivery_id, payment_id, project_id, user_id) VALUES (2386, (SELECT projects.end_date - INTERVAL 15 DAY FROM projects WHERE projects.id=69), 2386, 2386, 69, 38);
INSERT INTO orders (order_id, created_at, delivery_id, payment_id, supporting_project_id) VALUES (2386, (SELECT projects.end_date - INTERVAL 15 DAY FROM projects WHERE projects.id=69), 1, 2386, 2386);
INSERT INTO supporting_packages(id, option_list, package_count, order_id, project_package_id, supporting_project_id) VALUES (2386, '["온라인"]', 2, 2386, 69, 2386);
INSERT INTO supporting_projects(supporting_project_id, supported_at, delivery_id, payment_id, project_id, user_id) VALUES (2387, (SELECT projects.end_date - INTERVAL 11 DAY FROM projects WHERE projects.id=69), 2387, 2387, 69, 33);
INSERT INTO orders (order_id, created_at, delivery_id, payment_id, supporting_project_id) VALUES (2387, (SELECT projects.end_date - INTERVAL 11 DAY FROM projects WHERE projects.id=69), 1, 2387, 2387);
INSERT INTO supporting_packages(id, option_list, package_count, order_id, project_package_id, supporting_project_id) VALUES (2387, '["일반"]', 4, 2387, 69, 2387);
INSERT INTO supporting_projects(supporting_project_id, supported_at, delivery_id, payment_id, project_id, user_id) VALUES (2388, (SELECT projects.end_date - INTERVAL 31 DAY FROM projects WHERE projects.id=69), 2388, 2388, 69, 15);
INSERT INTO orders (order_id, created_at, delivery_id, payment_id, supporting_project_id) VALUES (2388, (SELECT projects.end_date - INTERVAL 31 DAY FROM projects WHERE projects.id=69), 1, 2388, 2388);
INSERT INTO supporting_packages(id, option_list, package_count, order_id, project_package_id, supporting_project_id) VALUES (2388, '["온라인"]', 10, 2388, 69, 2388);
INSERT INTO supporting_projects(supporting_project_id, supported_at, delivery_id, payment_id, project_id, user_id) VALUES (2389, (SELECT projects.end_date - INTERVAL 13 DAY FROM projects WHERE projects.id=69), 2389, 2389, 69, 24);
INSERT INTO orders (order_id, created_at, delivery_id, payment_id, supporting_project_id) VALUES (2389, (SELECT projects.end_date - INTERVAL 13 DAY FROM projects WHERE projects.id=69), 1, 2389, 2389);
INSERT INTO supporting_packages(id, option_list, package_count, order_id, project_package_id, supporting_project_id) VALUES (2389, '["일반"]', 2, 2389, 69, 2389);
INSERT INTO supporting_projects(supporting_project_id, supported_at, delivery_id, payment_id, project_id, user_id) VALUES (2390, (SELECT projects.end_date - INTERVAL 29 DAY FROM projects WHERE projects.id=69), 2390, 2390, 69, 9);
INSERT INTO orders (order_id, created_at, delivery_id, payment_id, supporting_project_id) VALUES (2390, (SELECT projects.end_date - INTERVAL 29 DAY FROM projects WHERE projects.id=69), 1, 2390, 2390);
INSERT INTO supporting_packages(id, option_list, package_count, order_id, project_package_id, supporting_project_id) VALUES (2390, '["온라인"]', 5, 2390, 69, 2390);
INSERT INTO supporting_projects(supporting_project_id, supported_at, delivery_id, payment_id, project_id, user_id) VALUES (2391, (SELECT projects.end_date - INTERVAL 38 DAY FROM projects WHERE projects.id=69), 2391, 2391, 69, 13);
INSERT INTO orders (order_id, created_at, delivery_id, payment_id, supporting_project_id) VALUES (2391, (SELECT projects.end_date - INTERVAL 38 DAY FROM projects WHERE projects.id=69), 1, 2391, 2391);
INSERT INTO supporting_packages(id, option_list, package_count, order_id, project_package_id, supporting_project_id) VALUES (2391, '["일반"]', 3, 2391, 69, 2391);
INSERT INTO supporting_projects(supporting_project_id, supported_at, delivery_id, payment_id, project_id, user_id) VALUES (2392, (SELECT projects.end_date - INTERVAL 19 DAY FROM projects WHERE projects.id=69), 2392, 2392, 69, 3);
INSERT INTO orders (order_id, created_at, delivery_id, payment_id, supporting_project_id) VALUES (2392, (SELECT projects.end_date - INTERVAL 19 DAY FROM projects WHERE projects.id=69), 1, 2392, 2392);
INSERT INTO supporting_packages(id, option_list, package_count, order_id, project_package_id, supporting_project_id) VALUES (2392, '["온라인"]', 1, 2392, 69, 2392);
INSERT INTO supporting_projects(supporting_project_id, supported_at, delivery_id, payment_id, project_id, user_id) VALUES (2393, (SELECT projects.end_date - INTERVAL 19 DAY FROM projects WHERE projects.id=69), 2393, 2393, 69, 11);
INSERT INTO orders (order_id, created_at, delivery_id, payment_id, supporting_project_id) VALUES (2393, (SELECT projects.end_date - INTERVAL 19 DAY FROM projects WHERE projects.id=69), 1, 2393, 2393);
INSERT INTO supporting_packages(id, option_list, package_count, order_id, project_package_id, supporting_project_id) VALUES (2393, '["일반"]', 3, 2393, 69, 2393);
INSERT INTO supporting_projects(supporting_project_id, supported_at, delivery_id, payment_id, project_id, user_id) VALUES (2394, (SELECT projects.end_date - INTERVAL 8 DAY FROM projects WHERE projects.id=69), 2394, 2394, 69, 29);
INSERT INTO orders (order_id, created_at, delivery_id, payment_id, supporting_project_id) VALUES (2394, (SELECT projects.end_date - INTERVAL 8 DAY FROM projects WHERE projects.id=69), 1, 2394, 2394);
INSERT INTO supporting_packages(id, option_list, package_count, order_id, project_package_id, supporting_project_id) VALUES (2394, '["온라인"]', 2, 2394, 69, 2394);
INSERT INTO supporting_projects(supporting_project_id, supported_at, delivery_id, payment_id, project_id, user_id) VALUES (2395, (SELECT projects.end_date - INTERVAL 40 DAY FROM projects WHERE projects.id=69), 2395, 2395, 69, 32);
INSERT INTO orders (order_id, created_at, delivery_id, payment_id, supporting_project_id) VALUES (2395, (SELECT projects.end_date - INTERVAL 40 DAY FROM projects WHERE projects.id=69), 1, 2395, 2395);
INSERT INTO supporting_packages(id, option_list, package_count, order_id, project_package_id, supporting_project_id) VALUES (2395, '["VIP"]', 6, 2395, 69, 2395);
INSERT INTO supporting_projects(supporting_project_id, supported_at, delivery_id, payment_id, project_id, user_id) VALUES (2396, (SELECT projects.end_date - INTERVAL 21 DAY FROM projects WHERE projects.id=69), 2396, 2396, 69, 22);
INSERT INTO orders (order_id, created_at, delivery_id, payment_id, supporting_project_id) VALUES (2396, (SELECT projects.end_date - INTERVAL 21 DAY FROM projects WHERE projects.id=69), 1, 2396, 2396);
INSERT INTO supporting_packages(id, option_list, package_count, order_id, project_package_id, supporting_project_id) VALUES (2396, '["온라인"]', 5, 2396, 69, 2396);
INSERT INTO supporting_projects(supporting_project_id, supported_at, delivery_id, payment_id, project_id, user_id) VALUES (2397, (SELECT projects.end_date - INTERVAL 13 DAY FROM projects WHERE projects.id=69), 2397, 2397, 69, 39);
INSERT INTO orders (order_id, created_at, delivery_id, payment_id, supporting_project_id) VALUES (2397, (SELECT projects.end_date - INTERVAL 13 DAY FROM projects WHERE projects.id=69), 1, 2397, 2397);
INSERT INTO supporting_packages(id, option_list, package_count, order_id, project_package_id, supporting_project_id) VALUES (2397, '["온라인"]', 4, 2397, 69, 2397);
INSERT INTO supporting_projects(supporting_project_id, supported_at, delivery_id, payment_id, project_id, user_id) VALUES (2398, (SELECT projects.end_date - INTERVAL 44 DAY FROM projects WHERE projects.id=69), 2398, 2398, 69, 30);
INSERT INTO orders (order_id, created_at, delivery_id, payment_id, supporting_project_id) VALUES (2398, (SELECT projects.end_date - INTERVAL 44 DAY FROM projects WHERE projects.id=69), 1, 2398, 2398);
INSERT INTO supporting_packages(id, option_list, package_count, order_id, project_package_id, supporting_project_id) VALUES (2398, '["온라인"]', 2, 2398, 69, 2398);
INSERT INTO supporting_projects(supporting_project_id, supported_at, delivery_id, payment_id, project_id, user_id) VALUES (2399, (SELECT projects.end_date - INTERVAL 21 DAY FROM projects WHERE projects.id=69), 2399, 2399, 69, 23);
INSERT INTO orders (order_id, created_at, delivery_id, payment_id, supporting_project_id) VALUES (2399, (SELECT projects.end_date - INTERVAL 21 DAY FROM projects WHERE projects.id=69), 1, 2399, 2399);
INSERT INTO supporting_packages(id, option_list, package_count, order_id, project_package_id, supporting_project_id) VALUES (2399, '["일반"]', 9, 2399, 69, 2399);
INSERT INTO supporting_projects(supporting_project_id, supported_at, delivery_id, payment_id, project_id, user_id) VALUES (2400, (SELECT projects.end_date - INTERVAL 8 DAY FROM projects WHERE projects.id=69), 2400, 2400, 69, 4);
INSERT INTO orders (order_id, created_at, delivery_id, payment_id, supporting_project_id) VALUES (2400, (SELECT projects.end_date - INTERVAL 8 DAY FROM projects WHERE projects.id=69), 1, 2400, 2400);
INSERT INTO supporting_packages(id, option_list, package_count, order_id, project_package_id, supporting_project_id) VALUES (2400, '["온라인"]', 4, 2400, 69, 2400);
INSERT INTO supporting_projects(supporting_project_id, supported_at, delivery_id, payment_id, project_id, user_id) VALUES (2401, (SELECT projects.end_date - INTERVAL 46 DAY FROM projects WHERE projects.id=69), 2401, 2401, 69, 24);
INSERT INTO orders (order_id, created_at, delivery_id, payment_id, supporting_project_id) VALUES (2401, (SELECT projects.end_date - INTERVAL 46 DAY FROM projects WHERE projects.id=69), 1, 2401, 2401);
INSERT INTO supporting_packages(id, option_list, package_count, order_id, project_package_id, supporting_project_id) VALUES (2401, '["VIP"]', 3, 2401, 69, 2401);
INSERT INTO supporting_projects(supporting_project_id, supported_at, delivery_id, payment_id, project_id, user_id) VALUES (2402, (SELECT projects.end_date - INTERVAL 11 DAY FROM projects WHERE projects.id=69), 2402, 2402, 69, 40);
INSERT INTO orders (order_id, created_at, delivery_id, payment_id, supporting_project_id) VALUES (2402, (SELECT projects.end_date - INTERVAL 11 DAY FROM projects WHERE projects.id=69), 1, 2402, 2402);
INSERT INTO supporting_packages(id, option_list, package_count, order_id, project_package_id, supporting_project_id) VALUES (2402, '["VIP"]', 5, 2402, 69, 2402);
INSERT INTO supporting_projects(supporting_project_id, supported_at, delivery_id, payment_id, project_id, user_id) VALUES (2403, (SELECT projects.end_date - INTERVAL 35 DAY FROM projects WHERE projects.id=69), 2403, 2403, 69, 13);
INSERT INTO orders (order_id, created_at, delivery_id, payment_id, supporting_project_id) VALUES (2403, (SELECT projects.end_date - INTERVAL 35 DAY FROM projects WHERE projects.id=69), 1, 2403, 2403);
INSERT INTO supporting_packages(id, option_list, package_count, order_id, project_package_id, supporting_project_id) VALUES (2403, '["일반"]', 6, 2403, 69, 2403);
