-- Insert rewards
INSERT INTO project_rewards (id, option_list, option_type, reward_name)
VALUES
    (1, '["기본", "프리미엄"]', 'level', '메이크업 키트'),
    (2, '["스킨", "로션", "에센스"]', 'product', '피부 관리 세트'),
    (3, '["트렌드 분석 보고서", "개인 컨설팅"]', 'service', '뷰티 트렌드 분석'),
    (4, '["브러시 세트", "스펀지 세트"]', 'tool', '메이크업 도구 세트'),
    (5, '["숏컷", "미디엄", "롱"]', 'style', '헤어스타일링 가이드'),
    (6, '["수분", "미백", "주름개선"]', 'effect', '스킨케어 제품'),
    (7, '["리포트", "세미나 참석권"]', 'content', '뷰티 산업 분석'),
    (8, '["메이크업", "스킨케어", "헤어"]', 'category', '뷰티 콘텐츠 구독권'),
    (9, '["아시아", "유럽", "미국"]', 'region', '글로벌 뷰티 트렌드 북'),
    (10, '["초급", "중급", "고급"]', 'level', '셀프 메이크업 강좌'),
    (11, '["방탄소년단", "블랙핑크", "트와이스"]', 'group', '아이돌 댄스 클래스'),
    (12, '["내추럴", "스모키", "글리터"]', 'style', '아이돌 메이크업 키트'),
    (13, '["1일 체험", "1주일 코스", "1개월 집중 코스"]', 'duration', 'K-POP 댄스 워크샵'),
    (14, '["캐주얼", "스트릿", "무대의상"]', 'style', '아이돌 패션 아이템'),
    (15, '["60년대", "90년대", "현재"]', 'era', 'K-POP 역사 도감'),
    (16, '["온라인", "오프라인"]', 'type', '아이돌 팬미팅 티켓'),
    (17, '["촬영 장비", "편집 소프트웨어", "기획 가이드"]', 'tool', 'K-POP 콘텐츠 제작 키트'),
    (18, '["작사 체험", "작곡 체험", "녹음 체험"]', 'experience', 'K-POP 음반 제작 체험'),
    (19, '["기초", "응용", "창작"]', 'level', 'K-POP 안무 창작 클래스'),
    (20, '["디지털 이미지", "인쇄물", "굿즈"]', 'format', '팬아트 제작 키트'),
    (21, '["OST 앨범", "메이킹 영상", "캐스팅 참여 기회"]', 'item', '한국 드라마 OST 패키지'),
    (22, '["스토리보드 템플릿", "캐릭터 디자인 가이드", "출판 컨설팅"]', 'tool', '웹툰 제작 키트'),
    (23, '["시나리오 작성 가이드", "연기 클래스", "촬영 현장 방문권"]', 'experience', 'K-드라마 제작 참여'),
    (24, '["영화 티켓", "팝콘 세트", "영화 포스터"]', 'item', 'K-영화 프리미어 패키지'),
    (25, '["배우 사인회", "대본 리딩 참관", "촬영장 방문"]', 'event', 'K-드라마 팬미팅 이벤트'),
    (26, '["인터뷰 영상", "NG 모음집", "비하인드 포토북"]', 'content', '드라마 메이킹 필름 세트'),
    (27, '["포토카드", "폰케이스", "키링"]', 'item', 'K-드라마 굿즈 세트'),
    (28, '["리뷰 작성 가이드", "촬영 장비", "편집 소프트웨어"]', 'tool', '드라마 리뷰 채널 스타터 키트'),
    (29, '["VIP 입장권", "기념품", "강연 참가권"]', 'ticket', 'K-콘텐츠 박람회 패키지'),
    (30, '["영화 티켓", "팝콘", "기념 포스터"]', 'item', 'K-영화 해외 상영회 패키지'),
    (31, '["배추김치", "파김치", "깍두기"]', 'select', '김치 만들기 키트'),
    (32, '["원데이클래스", "중급 클래스", "프로페셔널 클래스"]', 'select', '한식 요리 클래스'),
    (33, '["기본", "프리미엄", "스페셜"]', 'select', '한식 체험 키트'),
    (35, '["전통", "퓨전", "프리미엄"]', 'select', '한식 디저트 세트'),
    (36, '["입문자용", "고급자용", "전문가용"]', 'select', '한식 레시피 북'),
    (38, '["1인", "2인", "가족용"]', 'select', '한식 정식 세트'),
    (39, '["기본", "심화", "마스터"]', 'select', '셰프 클래스 입장권'),
    (43, '["CD", "LP", "디지털 다운로드"]', 'select', '전통 음악 앨범'),
    (44, '["키링", "머그컵", "에코백"]', 'select', '문화재 보호 기념품'),
    (45, '["소형", "중형", "대형"]', 'select', '전통 공예 작품'),
    (47, '["초급자용", "중급자용", "전문가용"]', 'select', '의상 제작 키트'),
    (48, '["기본", "프리미엄", "궁중 요리"]', 'select', '전통 음식 복원 요리 키트'),
    (51, '["일반석", "VIP석", "온라인 관람"]', 'select', '한복 패션쇼 입장권'),
    (52, '["티셔츠", "재킷", "한복 스타일"]', 'select', 'K-패션 의류'),
    (53, '["개인용", "팀용", "전문가용"]', 'select', '디자인 공모전 참가 키트'),
    (54, '["스킨케어", "메이크업", "패션 콜라보"]', 'select', 'K-뷰티 콜라보 세트'),
    (56, '["티셔츠", "아우터", "한정판"]', 'select', '팝업 스토어 한정 의류'),
    (57, '["초급", "중급", "고급"]', 'select', '패션 교육 교재'),
    (60, '["기본", "프리미엄", "한정판"]', 'select', '한복 리메이크 키트'),
    (61, '["보드 게임", "디지털 게임", "확장팩"]', 'select', '전통 게임 세트'),
    (65, '["개인 참가", "팀 참가", "전문가 참가"]', 'select', '스토리 공모전 참가 티켓'),
    (67, '["CD", "LP", "디지털 다운로드"]', 'select', 'K-게임 OST 앨범'),
    (69, '["일반", "VIP", "온라인"]', 'select', '컨퍼런스 입장권');

-- Insert packages
INSERT INTO project_packages (id, package_name, package_price, quantity_limited, sales_quantity)
VALUES 
(1, '메이크업 기본 패키지', '5000', 600, 135),
(2, '피부 관리 완벽 세트', '15000', 300, 0),
(3, '뷰티 트렌드 인사이더 패키지', '20000', 600, 84),
(4, '프로 메이크업 아티스트 키트', '25000', 500, 10),
(5, '헤어스타일 변신 패키지', '12000', 400, 0),
(6, '스킨케어 풀 패키지', '18000', 300, 54),
(7, '뷰티 비즈니스 인사이트 패키지', '30000', 600, 81),
(8, '뷰티 크리에이터 스타터 팩', '22000', 400, 109),
(9, '글로벌 뷰티 마스터 세트', '28000', 100, 0),
(10, '셀프 뷰티 프로 패키지', '15000', 300, 0),
(11, 'K-POP 댄스 마스터 세트', '20000', 300, 0),
(12, '아이돌 뷰티 시크릿 패키지', '18000', 500, 93),
(13, 'K-POP 퍼포먼스 완성 패키지', '25000', 200, 0),
(14, '아이돌 패션 올인원 세트', '22000', 700, 117),
(15, 'K-POP 역사 탐구 스페셜 에디션', '15000', 400, 4),
(16, '아이돌 팬미팅 VIP 패키지', '30000', 200, 0),
(17, 'K-POP 콘텐츠 크리에이터 키트', '28000', 200, 28),
(18, 'K-POP 뮤지션 체험 패키지', '35000', 200, 0),
(19, 'K-POP 안무가 도전 세트', '20000', 400, 70),
(20, '팬아트 아티스트 패키지', '15000', 400, 0),
(21, 'K-드라마 OST 컬렉터 에디션', '25000', 500, 0),
(22, '웹툰 작가 데뷔 패키지', '30000', 300, 0),
(23, 'K-드라마 제작 참여 스페셜 세트', '50000', 600, 150),
(24, 'K-영화 글로벌 팬 패키지', '20000', 400, 15),
(25, 'K-드라마 팬 ultimate 경험 세트', '40000', 600, 113),
(26, '드라마 비하인드 컬렉션 박스', '18000', 500, 0),
(27, 'K-드라마 팬 굿즈 스페셜 에디션', '15000', 500, 43),
(28, 'K-드라마 리뷰어 스타터 패키지', '22000', 100, 0),
(29, 'K-콘텐츠 박람회 VIP 경험 세트', '35000', 200, 0),
(30, 'K-영화 글로벌 프리미어 패키지', '30000', 500, 25),
(31, '김치 전문가 패키지', '10000', 500, 57),
(32, '한식 요리 클래스 패키지', '35000', 400, 61),
(33, 'K-푸드 체험 패키지', '12000', 500, 21),
(35, '한식 디저트 패키지', '28000', 500, 61),
(36, '한식 요리 연구 패키지', '10000', 300, 2),
(38, '한식 배달 패키지', '10000', 300, 88),
(39, '한식 셰프 클래스 패키지', '10000', 600, 47),
(43, '전통 음악 패키지', '35000', 600, 124),
(44, '문화재 보호 캠페인 패키지', '10000', 600, 69),
(45, '전통 공예 패키지', '28000', 100, 15),
(47, '전통 의상 제작 패키지', '10000', 500, 52),
(48, '전통 음식 복원 패키지', '28000', 300, 68),
(51, '한복 패션쇼 패키지', '12000', 600, 78),
(52, 'K-패션 브랜드 패키지', '10000', 500, 53),
(53, '전통 의상 디자인 패키지', '10000', 400, 3),
(54, 'K-뷰티 패션 콜라보 패키지', '12000', 200, 7),
(56, 'K-패션 팝업 패키지', '12000', 400, 46),
(57, '전통 패션 교육 패키지', '10000', 300, 19),
(60, '한복 리메이크 패키지', '35000', 300, 114),
(61, '전통 게임 개발 패키지', '20000', 300, 65),
(65, 'K-게임 스토리 패키지', '10000', 300, 107),
(67, 'K-게임 OST 패키지', '10000', 300, 67),
(69, 'K-게임 컨퍼런스 패키지', '20000', 200, 48);


       

-- Insert package-reward relations
INSERT INTO package_rewards_options (id, reward_count, project_id, package_id, reward_id)
VALUES 
        (1, 1, 1, 1, 1),
        (2, 1, 2, 2, 2),
        (3, 1, 3, 3, 3),
        (4, 1, 4, 4, 4),
        (5, 1, 5, 5, 5),
        (6, 1, 6, 6, 6),
        (7, 1, 7, 7, 7),
        (8, 1, 8, 8, 8),
        (9, 1, 9, 9, 9),
        (10, 1, 10, 10, 10),
        (11, 1, 11, 11, 11),
        (12, 1, 12, 12, 12),
        (13, 1, 13, 13, 13),
        (14, 1, 14, 14, 14),
        (15, 1, 15, 15, 15),
        (16, 1, 16, 16, 16),
        (17, 1, 17, 17, 17),
        (18, 1, 18, 18, 18),
        (19, 1, 19, 19, 19),
        (20, 1, 20, 20, 20),
        (21, 1, 21, 21, 21),
        (22, 1, 22, 22, 22),
        (23, 1, 23, 23, 23),
        (24, 1, 24, 24, 24),
        (25, 1, 25, 25, 25),
        (26, 1, 26, 26, 26),
        (27, 1, 27, 27, 27),
        (28, 1, 28, 28, 28),
        (29, 1, 29, 29, 29),
        (30, 1, 30, 30, 30),
        (31, 1, 31, 31, 31),
        (32, 1, 32, 32, 32),
        (33, 1, 33, 33, 33),
        (35, 1, 35, 35, 35),
        (36, 1, 36,36,36),
        (38, 1, 38,38,38),
        (39, 1, 39,39,39),
        (43, 1, 43,43,43),
        (44, 1, 44,44,44),
        (45, 1, 45,45,45),
        (47, 1, 47,47,47),
        (48, 1, 48,48,48),
        (51, 1, 51,51,51),
        (52, 1, 52,52,52),
        (53, 1, 53,53,53),
        (54, 1, 54,54,54),
        (56, 1, 56,56,56),
        (57, 1, 57,57,57),
        (60, 1, 60,60,60),
        (61, 1, 61,61,61),
        (65, 1, 65,65,65),
        (67, 1, 67,67,67),
        (69, 1, 69,69,69);